[
  {
    "id": "eccea113-dbf7-48b8-bb4c-77d66eb8345a",
    "data": [
      {
        "text": "xyz , vw",
        "meta": "@sys.any",
        "alias": "message",
        "userDefined": true
      },
      {
        "text": " .",
        "userDefined": false
      }
    ],
    "isTemplate": false,
    "count": 0,
    "lang": "en",
    "updated": 0
  },
  {
    "id": "4ea82c0c-9b1c-4789-8fe3-b8974ecdbd52",
    "data": [
      {
        "text": "xyz , vw",
        "meta": "@sys.any",
        "alias": "message",
        "userDefined": true
      }
    ],
    "isTemplate": false,
    "count": 0,
    "lang": "en",
    "updated": 0
  },
  {
    "id": "b1c7486c-5682-4d8f-8b74-6411a4a890fd",
    "data": [
      {
        "text": "xyz",
        "meta": "@sys.any",
        "alias": "message",
        "userDefined": true
      },
      {
        "text": " ,",
        "userDefined": false
      }
    ],
    "isTemplate": false,
    "count": 0,
    "lang": "en",
    "updated": 0
  },
  {
    "id": "5a3ad040-bd28-47eb-a19e-374342fea149",
    "data": [
      {
        "text": "xyz",
        "meta": "@sys.any",
        "alias": "message",
        "userDefined": true
      },
      {
        "text": " .",
        "userDefined": false
      }
    ],
    "isTemplate": false,
    "count": 0,
    "lang": "en",
    "updated": 0
  },
  {
    "id": "b4d56be1-5dac-41ce-83fb-96dae26d3a06",
    "data": [
      {
        "text": "xyz",
        "meta": "@sys.any",
        "alias": "message",
        "userDefined": true
      }
    ],
    "isTemplate": false,
    "count": 0,
    "lang": "en",
    "updated": 0
  }
]