[
  {
    "id": "75ce3176-3b09-4f56-8c48-7d970a187a3b",
    "data": [
      {
        "text": "parts",
        "meta": "@wordsParts",
        "alias": "wordsParts",
        "userDefined": false
      },
      {
        "text": " ",
        "userDefined": false
      },
      {
        "text": "any",
        "meta": "@sys.any",
        "alias": "any",
        "userDefined": true
      },
      {
        "text": " .",
        "userDefined": false
      }
    ],
    "isTemplate": false,
    "count": 0,
    "lang": "en",
    "updated": 0
  },
  {
    "id": "7ffac521-c6dc-4f8e-bd14-9729f8191d7e",
    "data": [
      {
        "text": "any",
        "meta": "@sys.any",
        "alias": "any",
        "userDefined": true
      },
      {
        "text": " ",
        "userDefined": false
      },
      {
        "text": "parts",
        "meta": "@wordsParts",
        "alias": "wordsParts",
        "userDefined": false
      },
      {
        "text": " .",
        "userDefined": false
      }
    ],
    "isTemplate": false,
    "count": 0,
    "lang": "en",
    "updated": 0
  },
  {
    "id": "824e75fc-eaf0-44b1-9502-7e88136989bb",
    "data": [
      {
        "text": "any",
        "meta": "@sys.any",
        "alias": "any",
        "userDefined": true
      },
      {
        "text": " ",
        "userDefined": false
      },
      {
        "text": "parts",
        "meta": "@wordsParts",
        "alias": "wordsParts",
        "userDefined": true
      },
      {
        "text": " ",
        "userDefined": false
      },
      {
        "text": "any",
        "meta": "@sys.any",
        "alias": "any",
        "userDefined": true
      },
      {
        "text": " .",
        "userDefined": false
      }
    ],
    "isTemplate": false,
    "count": 0,
    "lang": "en",
    "updated": 0
  },
  {
    "id": "b32e3fa5-8168-4a33-af93-e2ff9da50013",
    "data": [
      {
        "text": "parts department",
        "meta": "@wordsParts",
        "alias": "wordsParts",
        "userDefined": false
      },
      {
        "text": " .",
        "userDefined": false
      }
    ],
    "isTemplate": false,
    "count": 0,
    "lang": "en",
    "updated": 0
  },
  {
    "id": "86202be6-604a-40d0-889d-5457d3d904b8",
    "data": [
      {
        "text": "talk to",
        "meta": "@preamble",
        "alias": "preamble",
        "userDefined": false
      },
      {
        "text": " ",
        "userDefined": false
      },
      {
        "text": "parts",
        "meta": "@wordsParts",
        "alias": "wordsParts",
        "userDefined": false
      },
      {
        "text": " .",
        "userDefined": false
      }
    ],
    "isTemplate": false,
    "count": 0,
    "lang": "en",
    "updated": 0
  },
  {
    "id": "f5af5c3a-167e-4796-b2f8-eb22c3609ef9",
    "data": [
      {
        "text": "parts",
        "meta": "@wordsParts",
        "alias": "wordsParts",
        "userDefined": false
      },
      {
        "text": " .",
        "userDefined": false
      }
    ],
    "isTemplate": false,
    "count": 1,
    "lang": "en",
    "updated": 0
  }
]