[
  {
    "id": "c5b046cc-fc02-48ef-a68e-f873c38f1544",
    "data": [
      {
        "text": "yes",
        "meta": "@wordsYes",
        "alias": "wordsYes",
        "userDefined": false
      },
      {
        "text": ".",
        "userDefined": false
      }
    ],
    "isTemplate": false,
    "count": 0,
    "lang": "en",
    "updated": 0
  },
  {
    "id": "a484afec-4fcc-4c76-9dfd-fd1ae0a02f71",
    "data": [
      {
        "text": "yes",
        "meta": "@wordsYes",
        "alias": "wordsYes",
        "userDefined": false
      }
    ],
    "isTemplate": false,
    "count": 0,
    "lang": "en",
    "updated": 0
  }
]