[
  {
    "id": "3ddaade8-27db-4e43-a8f8-b8359196ee00",
    "data": [
      {
        "text": "yes",
        "meta": "@wordsYes",
        "alias": "wordsYes",
        "userDefined": false
      },
      {
        "text": ".",
        "userDefined": false
      }
    ],
    "isTemplate": false,
    "count": 0,
    "lang": "en",
    "updated": 0
  },
  {
    "id": "bbd2c316-043d-4bfd-baaf-151cff05630a",
    "data": [
      {
        "text": "confirm",
        "meta": "@wordsYes",
        "alias": "wordsYes",
        "userDefined": false
      },
      {
        "text": " ",
        "userDefined": false
      },
      {
        "text": "any",
        "meta": "@sys.any",
        "alias": "any",
        "userDefined": true
      }
    ],
    "isTemplate": false,
    "count": 0,
    "lang": "en",
    "updated": 0
  },
  {
    "id": "3a53254e-0f95-48c2-811b-90f950b8ea01",
    "data": [
      {
        "text": "any",
        "meta": "@sys.any",
        "alias": "any",
        "userDefined": true
      },
      {
        "text": " ",
        "userDefined": false
      },
      {
        "text": "confirm",
        "meta": "@wordsYes",
        "alias": "wordsYes",
        "userDefined": false
      },
      {
        "text": " ",
        "userDefined": false
      },
      {
        "text": "any",
        "meta": "@sys.any",
        "alias": "any",
        "userDefined": true
      }
    ],
    "isTemplate": false,
    "count": 0,
    "lang": "en",
    "updated": 0
  },
  {
    "id": "4b4aa44b-3c1b-485d-adcd-c2d5e12ac51c",
    "data": [
      {
        "text": "any",
        "meta": "@sys.any",
        "alias": "any",
        "userDefined": true
      },
      {
        "text": " ",
        "userDefined": false
      },
      {
        "text": "confirm",
        "meta": "@wordsYes",
        "alias": "wordsYes",
        "userDefined": false
      }
    ],
    "isTemplate": false,
    "count": 0,
    "lang": "en",
    "updated": 0
  },
  {
    "id": "eb19f05f-6354-432e-9cf7-0ec95cb5ba33",
    "data": [
      {
        "text": "Hell",
        "meta": "@sys.any",
        "alias": "any",
        "userDefined": true
      },
      {
        "text": ", ",
        "userDefined": false
      },
      {
        "text": "yeah",
        "meta": "@wordsYes",
        "alias": "wordsYes",
        "userDefined": false
      },
      {
        "text": ".",
        "userDefined": false
      }
    ],
    "isTemplate": false,
    "count": 0,
    "lang": "en",
    "updated": 0
  },
  {
    "id": "e397804e-c8f9-4083-b06e-2ed873000916",
    "data": [
      {
        "text": "Yeah",
        "meta": "@wordsYes",
        "alias": "wordsYes",
        "userDefined": true
      },
      {
        "text": ", ",
        "userDefined": false
      },
      {
        "text": "some Canary.",
        "meta": "@sys.any",
        "alias": "any",
        "userDefined": true
      }
    ],
    "isTemplate": false,
    "count": 0,
    "lang": "en",
    "updated": 0
  },
  {
    "id": "e093dfac-6c9a-43d3-a6cf-c520c97cfdc4",
    "data": [
      {
        "text": "yes",
        "meta": "@wordsYes",
        "alias": "wordsYes",
        "userDefined": false
      }
    ],
    "isTemplate": false,
    "count": 0,
    "lang": "en",
    "updated": 0
  }
]