[
  {
    "value": "carModel",
    "synonyms": [
      "carModel"
    ]
  },
  {
    "value": "Bronco",
    "synonyms": [
      "Bronco",
      "Bronco sport"
    ]
  },
  {
    "value": "Bronco Sport",
    "synonyms": [
      "BRONSP",
      "bronco sport"
    ]
  },
  {
    "value": "C-Max",
    "synonyms": [
      "C-Max",
      "C Max"
    ]
  },
  {
    "value": "Econoline",
    "synonyms": [
      "Econoline"
    ]
  },
  {
    "value": "E-350",
    "synonyms": [
      "350 SUPER DUTY",
      "e 3 50 SUPER DUTY",
      "e 350 SUPER DUTY",
      "e-350 SUPER DUTY",
      "e3 50 SUPER DUTY",
      "e350 SUPER DUTY",
      "E-350",
      "e 3 50",
      "e 350",
      "e-350",
      "e3 50",
      "e350"
    ]
  },
  {
    "value": "E-450",
    "synonyms": [
      "e 4 50",
      "e 450",
      "e-450",
      "e4 50",
      "e450"
    ]
  },
  {
    "value": "Ecosport",
    "synonyms": [
      "ECOSPORT",
      "eco Sport"
    ]
  },
  {
    "value": "Edge",
    "synonyms": [
      "EDGE"
    ]
  },
  {
    "value": "Escape",
    "synonyms": [
      "ESCAPE",
      "Xscape"
    ]
  },
  {
    "value": "Escape Hybrid",
    "synonyms": [
      "ESCAPE HYBRID",
      "ESCAPE PLUG IN HYBRID"
    ]
  },
  {
    "value": "Expedition",
    "synonyms": [
      "EXPEDITION",
      "exhibition"
    ]
  },
  {
    "value": "Expedition EL",
    "synonyms": [
      "EXPEDITION EL",
      "exhibition EL",
      "EXPEDITION E L"
    ]
  },
  {
    "value": "Expedition MAX",
    "synonyms": [
      "EXPEDITION MAX"
    ]
  },
  {
    "value": "Explorer",
    "synonyms": [
      "EXPLORER",
      "EXPLORER SPORT TRAC",
      "EXPLORER SPORT TRACK",
      "xplorer"
    ]
  },
  {
    "value": "Explorer Hybrid",
    "synonyms": [
      "EXPLORER Hybrid",
      "EXPLORER SPORT TRAC  Hybrid",
      "EXPLORER SPORT TRACK  Hybrid",
      "xplorer hybrid"
    ]
  },
  {
    "value": "F-150",
    "synonyms": [
      "150",
      "f 1 50",
      "f 150",
      "f-150",
      "f1 50",
      "f150",
      "pickup, 150",
      "pickup 150"
    ]
  },
  {
    "value": "F-150 Hybrid",
    "synonyms": [
      "150 Hybrid",
      "f 1 50 Hybrid",
      "f 150 Hybrid",
      "f-150 Hybrid",
      "f1 50 Hybrid",
      "f150 Hybrid"
    ]
  },
  {
    "value": "F-250",
    "synonyms": [
      "250",
      "f 2 50",
      "f 250",
      "f-250",
      "f2 50",
      "f250"
    ]
  },
  {
    "value": "F-350",
    "synonyms": [
      "f 3 50",
      "f 350",
      "f-350",
      "f3 50",
      "f350"
    ]
  },
  {
    "value": "F-450",
    "synonyms": [
      "450",
      "f 4 50",
      "f 450",
      "f-450",
      "f4 50",
      "f450"
    ]
  },
  {
    "value": "F-550",
    "synonyms": [
      "550",
      "f 5 50",
      "f 550",
      "f-550",
      "f5 50",
      "f550"
    ]
  },
  {
    "value": "Fiesta",
    "synonyms": [
      "Fiesta"
    ]
  },
  {
    "value": "Flex",
    "synonyms": [
      "Flex"
    ]
  },
  {
    "value": "Focus",
    "synonyms": [
      "Focus"
    ]
  },
  {
    "value": "Fusion",
    "synonyms": [
      "Fusion"
    ]
  },
  {
    "value": "Fusion Energi",
    "synonyms": [
      "Fusion energy"
    ]
  },
  {
    "value": "Fusion Hybrid",
    "synonyms": [
      "Fusion hybrid"
    ]
  },
  {
    "value": "GT",
    "synonyms": [
      "GT",
      "g t",
      "g tea",
      "ge tea",
      "geetee",
      "j tea",
      "jee tea",
      "jeetee",
      "gee tee",
      "gee tea",
      "jee tee"
    ]
  },
  {
    "value": "Maverick",
    "synonyms": [
      "Maverick"
    ]
  },
  {
    "value": "Motorhome Chassis",
    "synonyms": [
      "CHASSI",
      "CHASSIS",
      "MOTORHOME",
      "MOTORHOME CHASSIS",
      "MOTOR HOME",
      "MOTOR HOME CHASSIS"
    ]
  },
  {
    "value": "Mustang",
    "synonyms": [
      "MUSTANG",
      "Mustang GT",
      "MUSTANG G T"
    ]
  },
  {
    "value": "Mustang Match-E",
    "synonyms": [
      "MUSTANG Mach e",
      "Mustang mach",
      "MUSTANG e",
      "MUSTANG ev",
      "MUSTANG electric"
    ]
  },
  {
    "value": "Ranger",
    "synonyms": [
      "RANGER"
    ]
  },
  {
    "value": "Taurus",
    "synonyms": [
      "Taurus"
    ]
  },
  {
    "value": "Transit Connect",
    "synonyms": [
      "CONNECT",
      "TRANSIT CONNECT"
    ]
  },
  {
    "value": "Transit",
    "synonyms": [
      "TRANSIT",
      "TRANSIT 150 CARGO",
      "TRANSIT 150 CREW",
      "TRANSIT 250 CARGO",
      "TRANSIT 250 CREW",
      "TRANSIT 350 CARGO",
      "TRANSIT 350 CREW"
    ]
  },
  {
    "value": "F-650",
    "synonyms": [
      "F 650",
      "650",
      "F 6 50",
      "F6 50",
      "6 5 0"
    ]
  },
  {
    "value": "F-750",
    "synonyms": [
      "F750",
      "750",
      "7 5 0",
      "F 7 5 0",
      "F7 50"
    ]
  },
  {
    "value": "Crown",
    "synonyms": [
      "Crown"
    ]
  },
  {
    "value": "Freestar",
    "synonyms": [
      "Freestar",
      "free star"
    ]
  }
]