[
  {
    "value": "Sorry, at the moment, we do not offer shuttle service. What else can I help you with?",
    "synonyms": [
      "do you offer loaner service?",
      "do you have a loaner?",
      "do you have loaners?",
      "do you have any loaner?",
      "do you offer owner service?",
      "do you have a owner?",
      "do you have owners?",
      "do you have any owner?",
      "do you have loner service?",
      "do you offer loner service?",
      "do you offer rental service?",
      "do you offer car rental service?",
      "i need a loaner",
      "I need a loaner for service.",
      "request a rental",
      "do you offer loaners?",
      "loaner service?",
      "A loner.",
      "a rental car",
      "a rental vehicle",
      "a loner vehicle",
      "Renting a car.",
      "renting car",
      "i want to rent a car",
      "car rental"
    ]
  },
  {
    "value": "Sorry, at the moment, we do not offer shuttle service. What else can I help you with?",
    "synonyms": [
      "do you offer shuttle service?",
      "do you have shuttle service?",
      "do you have shuttle?",
      "do you have rideshare service?",
      "i want to order shuttle",
      "i want to book shuttle"
    ]
  },
  {
    "value": "Yes we offer pick up service. Please explore options with your advisor. Please say make appointment or other.",
    "synonyms": [
      "do you offer pickup service?",
      "do you have pickup service?",
      "do you do pickup service?"
    ]
  },
  {
    "value": "We offer rental car service. Please contact your advisor to arrange a rental car service. What else can I help you with?\"",
    "synonyms": [
      "We offer rental car service. Please contact your advisor to arrange a rental car service. What else can I help you with?\""
    ]
  }
]