[
  {
    "value": "Avenger (2.4L PZEV)",
    "synonyms": [
      "Avenger (2.4L PZEV)",
      "Avenger"
    ]
  },
  {
    "value": "Avenger (2.4L PZEV) 6 Spd",
    "synonyms": [
      "Avenger (2.4L PZEV) 6 Spd"
    ]
  },
  {
    "value": "Avenger (2.4L)",
    "synonyms": [
      "Avenger (2.4L)"
    ]
  },
  {
    "value": "Avenger (2.4L) 4 Spd",
    "synonyms": [
      "Avenger (2.4L) 4 Spd"
    ]
  },
  {
    "value": "Avenger (2.4L) 6 Spd",
    "synonyms": [
      "Avenger (2.4L) 6 Spd"
    ]
  },
  {
    "value": "Avenger (2.7L)",
    "synonyms": [
      "Avenger (2.7L)"
    ]
  },
  {
    "value": "Avenger (3.5L)",
    "synonyms": [
      "Avenger (3.5L)"
    ]
  },
  {
    "value": "Avenger (3.6L)",
    "synonyms": [
      "Avenger (3.6L)"
    ]
  },
  {
    "value": "Caliber (1.8L)",
    "synonyms": [
      "Caliber (1.8L)",
      "Caliber"
    ]
  },
  {
    "value": "Caliber (2.0L)",
    "synonyms": [
      "Caliber (2.0L)"
    ]
  },
  {
    "value": "Caliber (2.4L PZEV)",
    "synonyms": [
      "Caliber (2.4L PZEV)"
    ]
  },
  {
    "value": "Caliber (2.4L)",
    "synonyms": [
      "Caliber (2.4L)"
    ]
  },
  {
    "value": "Caliber SRT (2.4L)",
    "synonyms": [
      "Caliber SRT (2.4L)"
    ]
  },
  {
    "value": "Caliber Turbo (2.4L)",
    "synonyms": [
      "Caliber Turbo (2.4L)"
    ]
  },
  {
    "value": "Caravan (2.4L)",
    "synonyms": [
      "Caravan (2.4L)",
      "Caravan"
    ]
  },
  {
    "value": "Caravan (3.3L)",
    "synonyms": [
      "Caravan (3.3L)"
    ]
  },
  {
    "value": "Caravan (3.8L)",
    "synonyms": [
      "Caravan (3.8L)"
    ]
  },
  {
    "value": "Challenger (3.5L)",
    "synonyms": [
      "Challenger (3.5L)",
      "Challenger"
    ]
  },
  {
    "value": "Challenger (3.6L)",
    "synonyms": [
      "Challenger (3.6L)"
    ]
  },
  {
    "value": "Challenger (5.7L)",
    "synonyms": [
      "Challenger (5.7L)"
    ]
  },
  {
    "value": "Challenger (6.2L)",
    "synonyms": [
      "Challenger (6.2L)"
    ]
  },
  {
    "value": "Challenger (6.4L)",
    "synonyms": [
      "Challenger (6.4L)"
    ]
  },
  {
    "value": "Challenger GT (3.6L)",
    "synonyms": [
      "Challenger GT (3.6L)",
      "Challenger GT"
    ]
  },
  {
    "value": "Challenger RT (5.7L)",
    "synonyms": [
      "Challenger RT (5.7L)",
      "Challenger RT"
    ]
  },
  {
    "value": "Challenger RT Scat Pack (6.4L)",
    "synonyms": [
      "Challenger RT Scat Pack (6.4L)"
    ]
  },
  {
    "value": "Challenger SCAT Pack (6.4L)",
    "synonyms": [
      "Challenger SCAT Pack (6.4L)",
      "Challenger SCAT Pack",
      "Challenger SCAT"
    ]
  },
  {
    "value": "Challenger SRT (6.1L)",
    "synonyms": [
      "Challenger SRT (6.1L)",
      "Challenger SRT"
    ]
  },
  {
    "value": "Challenger SRT (6.2L)",
    "synonyms": [
      "Challenger SRT (6.2L)"
    ]
  },
  {
    "value": "Challenger SRT (6.4L)",
    "synonyms": [
      "Challenger SRT (6.4L)"
    ]
  },
  {
    "value": "Challenger SRT Demon (6.2L)",
    "synonyms": [
      "Challenger SRT Demon (6.2L)",
      "Challenger SRT Demon"
    ]
  },
  {
    "value": "Challenger SRT Hellcat (6.2L)",
    "synonyms": [
      "Challenger SRT Hellcat"
    ]
  },
  {
    "value": "Challenger SRT Hellcat Redeye (6.2L)",
    "synonyms": [
      "Challenger SRT Hellcat Redeye (6.2L)",
      "Challenger SRT Hellcat Redeye",
      "Challenger Redeye",
      "Challenger SRT Hellcat",
      "Challenger Hellcat"
    ]
  },
  {
    "value": "Challenger SXT (3.6L)",
    "synonyms": [
      "Challenger SXT (3.6L)",
      "Challenger SXT"
    ]
  },
  {
    "value": "Charger (2.7L)",
    "synonyms": [
      "Charger (2.7L)",
      "Charger"
    ]
  },
  {
    "value": "Charger (3.5L)",
    "synonyms": [
      "Charger (3.5L)"
    ]
  },
  {
    "value": "Charger (3.5L) 4 Spd",
    "synonyms": [
      "Charger (3.5L) 4 Spd"
    ]
  },
  {
    "value": "Charger (3.5L) 5 Spd",
    "synonyms": [
      "Charger (3.5L) 5 Spd"
    ]
  },
  {
    "value": "Charger (3.6L)",
    "synonyms": [
      "Charger (3.6L)"
    ]
  },
  {
    "value": "Charger (3.6L) 8 Spd",
    "synonyms": [
      "Charger (3.6L) 8 Spd"
    ]
  },
  {
    "value": "Charger (5.7L)",
    "synonyms": [
      "Charger (5.7L)"
    ]
  },
  {
    "value": "Charger (6.2L)",
    "synonyms": [
      "Charger (6.2L)"
    ]
  },
  {
    "value": "Charger GT (3.6L)",
    "synonyms": [
      "Charger GT (3.6L)"
    ]
  },
  {
    "value": "Charger Police (3.5L)",
    "synonyms": [
      "Charger Police (3.5L)",
      "Charger Police"
    ]
  },
  {
    "value": "Charger Police (3.6L)",
    "synonyms": [
      "Charger Police (3.6L)"
    ]
  },
  {
    "value": "Charger Police (5.7L)",
    "synonyms": [
      "Charger Police (5.7L)"
    ]
  },
  {
    "value": "Charger RT (5.7L)",
    "synonyms": [
      "Charger RT (5.7L)",
      "Charger RT"
    ]
  },
  {
    "value": "Charger RT Scat Pack (6.4L)",
    "synonyms": [
      "Charger RT Scat Pack (6.4L)",
      "Charger Scat Pack",
      "Charger Scat"
    ]
  },
  {
    "value": "Charger SCAT Pack (6.4L)",
    "synonyms": [
      "Charger SCAT Pack (6.4L)"
    ]
  },
  {
    "value": "Charger SRT (3.6L)",
    "synonyms": [
      "Charger SRT (3.6L)",
      "Charger SRT"
    ]
  },
  {
    "value": "Charger SRT (6.1L)",
    "synonyms": [
      "Charger SRT (6.1L)"
    ]
  },
  {
    "value": "Charger SRT (6.2L)",
    "synonyms": [
      "Charger SRT (6.2L)"
    ]
  },
  {
    "value": "Charger SRT (6.4L)",
    "synonyms": [
      "Charger SRT (6.4L)"
    ]
  },
  {
    "value": "Charger SRT Hellcat (6.2L)",
    "synonyms": [
      "Charger SRT Hellcat (6.2L)",
      "Charger SRT Hellcat"
    ]
  },
  {
    "value": "Charger SXT (3.6L)",
    "synonyms": [
      "Charger SXT (3.6L)",
      "Charger SXT"
    ]
  },
  {
    "value": "Charger Scat Pack (6.4L)",
    "synonyms": [
      "Charger Scat Pack (6.4L)",
      "Charger Scat Pack"
    ]
  },
  {
    "value": "Dakota (2.5L)",
    "synonyms": [
      "Dakota (2.5L)",
      "Dakota"
    ]
  },
  {
    "value": "Dakota (3.7L)",
    "synonyms": [
      "Dakota (3.7L)"
    ]
  },
  {
    "value": "Dakota (3.9L)",
    "synonyms": [
      "Dakota (3.9L)"
    ]
  },
  {
    "value": "Dakota (4.7L)",
    "synonyms": [
      "Dakota (4.7L)"
    ]
  },
  {
    "value": "Dakota (5.9L)",
    "synonyms": [
      "Dakota (5.9L)"
    ]
  },
  {
    "value": "Dart (1.4L)",
    "synonyms": [
      "Dart (1.4L)",
      "Dart"
    ]
  },
  {
    "value": "Dart (2.0L)",
    "synonyms": [
      "Dart (2.0L)"
    ]
  },
  {
    "value": "Dart (2.4L)",
    "synonyms": [
      "Dart (2.4L)"
    ]
  },
  {
    "value": "Durango (3.6L)",
    "synonyms": [
      "Durango (3.6L)",
      "Durango"
    ]
  },
  {
    "value": "Durango (3.7L)",
    "synonyms": [
      "Durango (3.7L)"
    ]
  },
  {
    "value": "Durango (4.7L)",
    "synonyms": [
      "Durango (4.7L)"
    ]
  },
  {
    "value": "Durango (5.7L)",
    "synonyms": [
      "Durango (5.7L)"
    ]
  },
  {
    "value": "Durango (5.9L)",
    "synonyms": [
      "Durango (5.9L)"
    ]
  },
  {
    "value": "Durango (6.2L)",
    "synonyms": [
      "Durango (6.2L)"
    ]
  },
  {
    "value": "Durango Hybrid (5.7L)",
    "synonyms": [
      "Durango Hybrid (5.7L)",
      "Durango Hybrid"
    ]
  },
  {
    "value": "Durango SRT (6.4L)",
    "synonyms": [
      "Durango SRT (6.4L)",
      "Durango SRT"
    ]
  },
  {
    "value": "Grand Caravan (3.3L)",
    "synonyms": [
      "Grand Caravan (3.3L)",
      "Grand Caravan"
    ]
  },
  {
    "value": "Grand Caravan (3.6L)",
    "synonyms": [
      "Grand Caravan (3.6L)"
    ]
  },
  {
    "value": "Grand Caravan (3.8L)",
    "synonyms": [
      "Grand Caravan (3.8L)"
    ]
  },
  {
    "value": "Grand Caravan (4.0L)",
    "synonyms": [
      "Grand Caravan (4.0L)"
    ]
  },
  {
    "value": "Intrepid (2.7L)",
    "synonyms": [
      "Intrepid (2.7L)",
      "Intrepid"
    ]
  },
  {
    "value": "Intrepid (3.2L)",
    "synonyms": [
      "Intrepid (3.2L)"
    ]
  },
  {
    "value": "Intrepid (3.5L)",
    "synonyms": [
      "Intrepid (3.5L)"
    ]
  },
  {
    "value": "Journey (2.4L)",
    "synonyms": [
      "Journey (2.4L)",
      "Journey"
    ]
  },
  {
    "value": "Journey (3.5L)",
    "synonyms": [
      "Journey (3.5L)"
    ]
  },
  {
    "value": "Journey (3.6L)",
    "synonyms": [
      "Journey (3.6L)"
    ]
  },
  {
    "value": "Magnum (2.7L)",
    "synonyms": [
      "Magnum (2.7L)",
      "Magnum"
    ]
  },
  {
    "value": "Magnum (3.5L)",
    "synonyms": [
      "Magnum (3.5L)"
    ]
  },
  {
    "value": "Magnum (3.5L) 4 Spd",
    "synonyms": [
      "Magnum (3.5L) 4 Spd"
    ]
  },
  {
    "value": "Magnum (3.5L) 5 Spd",
    "synonyms": [
      "Magnum (3.5L) 5 Spd"
    ]
  },
  {
    "value": "Magnum (5.7L)",
    "synonyms": [
      "Magnum (5.7L)"
    ]
  },
  {
    "value": "Magnum Police (3.5L)",
    "synonyms": [
      "Magnum Police (3.5L)",
      "Magnum Police"
    ]
  },
  {
    "value": "Magnum Police (5.7L)",
    "synonyms": [
      "Magnum Police (5.7L)"
    ]
  },
  {
    "value": "Magnum SRT (6.1L)",
    "synonyms": [
      "Magnum SRT (6.1L)",
      "Magnum SRT"
    ]
  },
  {
    "value": "Neon (2.0L)",
    "synonyms": [
      "Neon (2.0L)",
      "Neon"
    ]
  },
  {
    "value": "Neon (2.4L)",
    "synonyms": [
      "Neon (2.4L)"
    ]
  },
  {
    "value": "Neon SRT-4 (2.4L)",
    "synonyms": [
      "Neon SRT-4 (2.4L)",
      "Neon SRT-4"
    ]
  },
  {
    "value": "Nitro (3.7L)",
    "synonyms": [
      "Nitro (3.7L)",
      "Nitro"
    ]
  },
  {
    "value": "Nitro (4.0L)",
    "synonyms": [
      "Nitro (4.0L)"
    ]
  },
  {
    "value": "Ram 1500 (3.7L)",
    "synonyms": [
      "Ram 1500 (3.7L)",
      "Ram 1500",
      "Ram 15 hundred"
    ]
  },
  {
    "value": "Ram 1500 (3.7L) 4 Spd",
    "synonyms": [
      "Ram 1500 (3.7L) 4 Spd"
    ]
  },
  {
    "value": "Ram 1500 (3.7L) 5 Spd",
    "synonyms": [
      "Ram 1500 (3.7L) 5 Spd"
    ]
  },
  {
    "value": "Ram 1500 (3.7L) 6 Spd",
    "synonyms": [
      "Ram 1500 (3.7L) 6 Spd"
    ]
  },
  {
    "value": "Ram 1500 (3.9L)",
    "synonyms": [
      "Ram 1500 (3.9L)"
    ]
  },
  {
    "value": "Ram 1500 (4.7L)",
    "synonyms": [
      "Ram 1500 (4.7L)"
    ]
  },
  {
    "value": "Ram 1500 (5.2L)",
    "synonyms": [
      "Ram 1500 (5.2L)"
    ]
  },
  {
    "value": "Ram 1500 (5.7L)",
    "synonyms": [
      "Ram 1500 (5.7L)"
    ]
  },
  {
    "value": "Ram 1500 (5.9L)",
    "synonyms": [
      "Ram 1500 (5.9L)"
    ]
  },
  {
    "value": "Ram 1500 SRT-10 (8.3L)",
    "synonyms": [
      "Ram 1500 SRT-10 (8.3L)",
      "Ram 1500 SRT",
      "Ram 15 hundred SRT"
    ]
  },
  {
    "value": "Ram 2500 (5.7L)",
    "synonyms": [
      "Ram 2500 (5.7L)",
      "Ram 2500",
      "Ram 25 hundred"
    ]
  },
  {
    "value": "Ram 2500 (5.9L)",
    "synonyms": [
      "Ram 2500 (5.9L)"
    ]
  },
  {
    "value": "Ram 2500 (8.0L)",
    "synonyms": [
      "Ram 2500 (8.0L)"
    ]
  },
  {
    "value": "Ram 2500 Chassis Cab (5.7L)",
    "synonyms": [
      "Ram 2500 Chassis Cab (5.7L)",
      "Ram 2500 Chassis Cab"
    ]
  },
  {
    "value": "Ram 2500 Chassis Cab (5.9L)",
    "synonyms": [
      "Ram 2500 Chassis Cab (5.9L)"
    ]
  },
  {
    "value": "Ram 2500 Chassis Cab (8.0L)",
    "synonyms": [
      "Ram 2500 Chassis Cab (8.0L)"
    ]
  },
  {
    "value": "Ram 2500 Chassis Cab Diesel (5.9L)",
    "synonyms": [
      "Ram 2500 Chassis Cab Diesel (5.9L)",
      "Ram 2500 Chassis Cab Diesel"
    ]
  },
  {
    "value": "Ram 2500 Diesel (5.9L)",
    "synonyms": [
      "Ram 2500 Diesel (5.9L)"
    ]
  },
  {
    "value": "Ram 2500 Diesel (6.7L)",
    "synonyms": [
      "Ram 2500 Diesel (6.7L)"
    ]
  },
  {
    "value": "Ram 3500 (5.7L)",
    "synonyms": [
      "Ram 3500 (5.7L)",
      "Ram 3500",
      "Ram 35 hundred"
    ]
  },
  {
    "value": "Ram 3500 (5.9L)",
    "synonyms": [
      "Ram 3500 (5.9L)"
    ]
  },
  {
    "value": "Ram 3500 (8.0L)",
    "synonyms": [
      "Ram 3500 (8.0L)"
    ]
  },
  {
    "value": "Ram 3500 Chassis Cab (5.7L)",
    "synonyms": [
      "Ram 3500 Chassis Cab (5.7L)",
      "Ram 3500 Chassis",
      "Ram 3500 Chassis cab",
      "Ram 35 hundred Chassis"
    ]
  },
  {
    "value": "Ram 3500 Chassis Cab (5.9L)",
    "synonyms": [
      "Ram 3500 Chassis Cab (5.9L)"
    ]
  },
  {
    "value": "Ram 3500 Chassis Cab (8.0L)",
    "synonyms": [
      "Ram 3500 Chassis Cab (8.0L)"
    ]
  },
  {
    "value": "Ram 3500 Chassis Cab Diesel (5.9L)",
    "synonyms": [
      "Ram 3500 Chassis Cab Diesel (5.9L)"
    ]
  },
  {
    "value": "Ram 3500 Chassis Cab Diesel (6.7L)",
    "synonyms": [
      "Ram 3500 Chassis Cab Diesel (6.7L)"
    ]
  },
  {
    "value": "Ram 3500 Diesel (5.9L)",
    "synonyms": [
      "Ram 3500 Diesel (5.9L)"
    ]
  },
  {
    "value": "Ram 3500 Diesel (6.7L)",
    "synonyms": [
      "Ram 3500 Diesel (6.7L)"
    ]
  },
  {
    "value": "Ram 4000 Chassis Cab (5.7L)",
    "synonyms": [
      "Ram 4000 Chassis Cab (5.7L)",
      "Ram 4000 Chassis",
      "Ram 4000 Chassis Cab"
    ]
  },
  {
    "value": "Ram 4000 Chassis Cab Diesel (5.9L)",
    "synonyms": [
      "Ram 4000 Chassis Cab Diesel (5.9L)",
      "Ram 4000 Chassis Cab Diesel",
      "Ram 4000 Chassis",
      "Ram 4000 Chassis Cab",
      "Ram 4000 Diesel"
    ]
  },
  {
    "value": "Ram 4000 Chassis Cab Diesel (6.7L)",
    "synonyms": [
      "Ram 4000 Chassis Cab Diesel (6.7L)"
    ]
  },
  {
    "value": "Ram 4500 Chassis Cab Diesel (6.7L)",
    "synonyms": [
      "Ram 4500 Chassis Cab Diesel (6.7L)",
      "Ram 4500 Chassis Cab Diesel",
      "Ram 45 hundred Chassis Cab Diesel"
    ]
  },
  {
    "value": "Ram 5500 Chassis Cab Diesel (5.9L)",
    "synonyms": [
      "Ram 5500 Chassis Cab Diesel (5.9L)",
      "Ram 5500 Chassis Cab Diesel",
      "Ram 5500 Chassis",
      "Ram 5500 Diesel",
      "Ram 55 hundred Diesel"
    ]
  },
  {
    "value": "Ram 5500 Chassis Cab Diesel (6.7L)",
    "synonyms": [
      "Ram 5500 Chassis Cab Diesel (6.7L)"
    ]
  },
  {
    "value": "Ram BR2500 (5.9L)",
    "synonyms": [
      "Ram BR2500 (5.9L)",
      "Ram BR25 hundred"
    ]
  },
  {
    "value": "Ram BR2500 (8.0L)",
    "synonyms": [
      "Ram BR2500 (8.0L)"
    ]
  },
  {
    "value": "Ram BR2500 Diesel (5.9L)",
    "synonyms": [
      "Ram BR2500 Diesel (5.9L)"
    ]
  },
  {
    "value": "Ram BR3500 (5.9L)",
    "synonyms": [
      "Ram BR3500 (5.9L)",
      "Ram BR 3500",
      "Ram BR 35 hundred"
    ]
  },
  {
    "value": "Ram BR3500 (8.0L)",
    "synonyms": [
      "Ram BR3500 (8.0L)"
    ]
  },
  {
    "value": "Ram BR3500 Diesel (5.9L)",
    "synonyms": [
      "Ram BR3500 Diesel (5.9L)"
    ]
  },
  {
    "value": "Ram Cargo (3.9L)",
    "synonyms": [
      "Ram Cargo (3.9L)",
      "Ram Cargo"
    ]
  },
  {
    "value": "Ram Cargo (5.2L)",
    "synonyms": [
      "Ram Cargo (5.2L)"
    ]
  },
  {
    "value": "Ram Cargo (5.9L)",
    "synonyms": [
      "Ram Cargo (5.9L)"
    ]
  },
  {
    "value": "Ram SRT-10 (8.3L)",
    "synonyms": [
      "Ram SRT-10 (8.3L)",
      "Ram SRT",
      "Ram SRT 10"
    ]
  },
  {
    "value": "Ram Van (3.9L)",
    "synonyms": [
      "Ram Van (3.9L)",
      "Ram Van"
    ]
  },
  {
    "value": "Ram Van (5.2L)",
    "synonyms": [
      "Ram Van (5.2L)"
    ]
  },
  {
    "value": "Ram Van (5.9L)",
    "synonyms": [
      "Ram Van (5.9L)"
    ]
  },
  {
    "value": "Ram Wagon (3.9L)",
    "synonyms": [
      "Ram Wagon (3.9L)",
      "Ram Wagon"
    ]
  },
  {
    "value": "Ram Wagon (5.2L)",
    "synonyms": [
      "Ram Wagon (5.2L)"
    ]
  },
  {
    "value": "Ram Wagon (5.9L)",
    "synonyms": [
      "Ram Wagon (5.9L)"
    ]
  },
  {
    "value": "SRT Viper (8.4L)",
    "synonyms": [
      "SRT Viper (8.4L)",
      "SRT Viper"
    ]
  },
  {
    "value": "SX 2.0 (2.0L)",
    "synonyms": [
      "SX 2.0 (2.0L)",
      "SX 2.0",
      "SX",
      "SX 2"
    ]
  },
  {
    "value": "Sprinter (3.0L)",
    "synonyms": [
      "Sprinter (3.0L)",
      "Sprinter"
    ]
  },
  {
    "value": "Sprinter (3.5L)",
    "synonyms": [
      "Sprinter (3.5L)"
    ]
  },
  {
    "value": "Sprinter Cab Chassis Diesel (3.0L)",
    "synonyms": [
      "Sprinter Cab Chassis Diesel (3.0L)",
      "Sprinter Cab Chassis Diesel",
      "Sprinter Cab"
    ]
  },
  {
    "value": "Sprinter Cargo (3.5L)",
    "synonyms": [
      "Sprinter Cargo (3.5L)",
      "Sprinter Cargo"
    ]
  },
  {
    "value": "Sprinter Cargo Diesel (2.1L)",
    "synonyms": [
      "Sprinter Cargo Diesel (2.1L)"
    ]
  },
  {
    "value": "Sprinter Cargo Diesel (2.7L)",
    "synonyms": [
      "Sprinter Cargo Diesel (2.7L)"
    ]
  },
  {
    "value": "Sprinter Cargo Diesel (3.0L)",
    "synonyms": [
      "Sprinter Cargo Diesel (3.0L)"
    ]
  },
  {
    "value": "Sprinter Diesel (2.1L)",
    "synonyms": [
      "Sprinter Diesel (2.1L)",
      "Sprinter Diesel"
    ]
  },
  {
    "value": "Sprinter Diesel (2.7L)",
    "synonyms": [
      "Sprinter Diesel (2.7L)"
    ]
  },
  {
    "value": "Sprinter Diesel (3.0L)",
    "synonyms": [
      "Sprinter Diesel (3.0L)"
    ]
  },
  {
    "value": "Sprinter Passenger (3.5L)",
    "synonyms": [
      "Sprinter Passenger (3.5L)",
      "Sprinter Passenger"
    ]
  },
  {
    "value": "Sprinter Passenger Diesel (2.1L)",
    "synonyms": [
      "Sprinter Passenger Diesel (2.1L)",
      "Sprinter Passenger Diesel"
    ]
  },
  {
    "value": "Sprinter Passenger Diesel (3.0L)",
    "synonyms": [
      "Sprinter Passenger Diesel (3.0L)"
    ]
  },
  {
    "value": "Stratus (2.4L)",
    "synonyms": [
      "Stratus (2.4L)",
      "Stratus"
    ]
  },
  {
    "value": "Stratus (2.7L)",
    "synonyms": [
      "Stratus (2.7L)"
    ]
  },
  {
    "value": "Stratus Coupe (2.4L)",
    "synonyms": [
      "Stratus Coupe (2.4L)",
      "Stratus Coupe"
    ]
  },
  {
    "value": "Stratus Coupe (3.0L)",
    "synonyms": [
      "Stratus Coupe (3.0L)"
    ]
  },
  {
    "value": "Stratus Flex Fuel (2.7L)",
    "synonyms": [
      "Stratus Flex Fuel (2.7L)",
      "Stratus Flex",
      "Stratus Flex Fuel"
    ]
  },
  {
    "value": "Viper (8.0L)",
    "synonyms": [
      "Viper (8.0L)",
      "Viper"
    ]
  },
  {
    "value": "Viper (8.3L)",
    "synonyms": [
      "Viper (8.3L)"
    ]
  },
  {
    "value": "Viper (8.4L)",
    "synonyms": [
      "Viper (8.4L)"
    ]
  },
  {
    "value": "Viper SRT (8.4L)",
    "synonyms": [
      "Viper SRT (8.4L)",
      "Viper SRT"
    ]
  }
]