[
  {
    "value": "Cherokee (2.0L)",
    "synonyms": [
      "Cherokee (2.0L)",
      "Cherokee"
    ]
  },
  {
    "value": "Cherokee (2.4L)",
    "synonyms": [
      "Cherokee (2.4L)"
    ]
  },
  {
    "value": "Cherokee (3.2L)",
    "synonyms": [
      "Cherokee (3.2L)"
    ]
  },
  {
    "value": "Cherokee (4.0L)",
    "synonyms": [
      "Cherokee (4.0L)"
    ]
  },
  {
    "value": "Cherokee RH Drive (4.0L)",
    "synonyms": [
      "Cherokee RH Drive (4.0L)"
    ]
  },
  {
    "value": "Commander (3.7L)",
    "synonyms": [
      "Commander (3.7L)",
      "Commander"
    ]
  },
  {
    "value": "Commander (4.7L)",
    "synonyms": [
      "Commander (4.7L)"
    ]
  },
  {
    "value": "Commander (5.7L)",
    "synonyms": [
      "Commander (5.7L)"
    ]
  },
  {
    "value": "Compass (2.0L)",
    "synonyms": [
      "Compass (2.0L)",
      "Compass"
    ]
  },
  {
    "value": "Compass (2.2L)",
    "synonyms": [
      "Compass (2.2L)"
    ]
  },
  {
    "value": "Compass (2.4L PZEV)",
    "synonyms": [
      "Compass (2.4L PZEV)"
    ]
  },
  {
    "value": "Compass (2.4L)",
    "synonyms": [
      "Compass (2.4L)"
    ]
  },
  {
    "value": "Compass NEXT GEN (2.4L)",
    "synonyms": [
      "Compass NEXT GEN (2.4L)"
    ]
  },
  {
    "value": "Gladiator (3.6L)",
    "synonyms": [
      "Gladiator (3.6L)",
      "Gladiator"
    ]
  },
  {
    "value": "Gladiator Diesel (3.0L)",
    "synonyms": [
      "Gladiator Diesel (3.0L)",
      "Gladiator Diesel"
    ]
  },
  {
    "value": "Grand Cherokee (2.0L)",
    "synonyms": [
      "Grand Cherokee (2.0L)",
      "Grand Cherokee"
    ]
  },
  {
    "value": "Grand Cherokee (3.6L)",
    "synonyms": [
      "Grand Cherokee (3.6L)"
    ]
  },
  {
    "value": "Grand Cherokee (3.7L)",
    "synonyms": [
      "Grand Cherokee (3.7L)"
    ]
  },
  {
    "value": "Grand Cherokee (4.0L)",
    "synonyms": [
      "Grand Cherokee (4.0L)"
    ]
  },
  {
    "value": "Grand Cherokee (4.7L)",
    "synonyms": [
      "Grand Cherokee (4.7L)"
    ]
  },
  {
    "value": "Grand Cherokee (5.7L)",
    "synonyms": [
      "Grand Cherokee (5.7L)"
    ]
  },
  {
    "value": "Grand Cherokee 4xe (2.0L)",
    "synonyms": [
      "Grand Cherokee 4xe (2.0L)"
    ]
  },
  {
    "value": "Grand Cherokee Diesel (3.0L)",
    "synonyms": [
      "Grand Cherokee Diesel (3.0L)",
      "Grand Cherokee Diesel"
    ]
  },
  {
    "value": "Grand Cherokee L (3.6L)",
    "synonyms": [
      "Grand Cherokee L (3.6L)"
    ]
  },
  {
    "value": "Grand Cherokee L (5.7L)",
    "synonyms": [
      "Grand Cherokee L (5.7L)"
    ]
  },
  {
    "value": "Grand Cherokee SRT (6.1L)",
    "synonyms": [
      "Grand Cherokee SRT (6.1L)",
      "Grand Cherokee SRT"
    ]
  },
  {
    "value": "Grand Cherokee SRT (6.4L)",
    "synonyms": [
      "Grand Cherokee SRT (6.4L)"
    ]
  },
  {
    "value": "Grand Cherokee Trackhawk (6.2L)",
    "synonyms": [
      "Grand Cherokee Trackhawk (6.2L)",
      "Grand Cherokee Trackhawk"
    ]
  },
  {
    "value": "Grand Cherokee WK (3.6L)",
    "synonyms": [
      "Grand Cherokee WK (3.6L)"
    ]
  },
  {
    "value": "Grand Wagoneer",
    "synonyms": [
      "Grand Wagoneer"
    ]
  },
  {
    "value": "Liberty (2.4L)",
    "synonyms": [
      "Liberty (2.4L)",
      "Liberty"
    ]
  },
  {
    "value": "Liberty (3.7L)",
    "synonyms": [
      "Liberty (3.7L)"
    ]
  },
  {
    "value": "Liberty (4.0L)",
    "synonyms": [
      "Liberty (4.0L)"
    ]
  },
  {
    "value": "Liberty Diesel (2.8L)",
    "synonyms": [
      "Liberty Diesel (2.8L)",
      "Liberty Diesel"
    ]
  },
  {
    "value": "Patriot",
    "synonyms": [
      "Patriot"
    ]
  },
  {
    "value": "Patriot (2.0L)",
    "synonyms": [
      "Patriot (2.0L)",
      "Patriot"
    ]
  },
  {
    "value": "Patriot (2.4L PZEV)",
    "synonyms": [
      "Patriot (2.4L PZEV)"
    ]
  },
  {
    "value": "Patriot (2.4L)",
    "synonyms": [
      "Patriot (2.4L)"
    ]
  },
  {
    "value": "Renegade (1.3L)",
    "synonyms": [
      "Renegade (1.3L)",
      "Renegade"
    ]
  },
  {
    "value": "Renegade (1.4L)",
    "synonyms": [
      "Renegade (1.4L)"
    ]
  },
  {
    "value": "Renegade (2.4L)",
    "synonyms": [
      "Renegade (2.4L)"
    ]
  },
  {
    "value": "Wagoneer",
    "synonyms": [
      "Wagoneer"
    ]
  },
  {
    "value": "Wrangler (2.0L)",
    "synonyms": [
      "Wrangler (2.0L)",
      "Wrangler"
    ]
  },
  {
    "value": "Wrangler (2.4L)",
    "synonyms": [
      "Wrangler (2.4L)"
    ]
  },
  {
    "value": "Wrangler (2.5L)",
    "synonyms": [
      "Wrangler (2.5L)"
    ]
  },
  {
    "value": "Wrangler (3.6L)",
    "synonyms": [
      "Wrangler (3.6L)"
    ]
  },
  {
    "value": "Wrangler (3.8L)",
    "synonyms": [
      "Wrangler (3.8L)"
    ]
  },
  {
    "value": "Wrangler (4.0L)",
    "synonyms": [
      "Wrangler (4.0L)"
    ]
  },
  {
    "value": "Wrangler 4xe",
    "synonyms": [
      "Wrangler 4xe"
    ]
  },
  {
    "value": "Wrangler 4xe (2.0L)",
    "synonyms": [
      "Wrangler 4xe (2.0L)"
    ]
  },
  {
    "value": "Wrangler JK (3.6L)",
    "synonyms": [
      "Wrangler JK (3.6L)"
    ]
  },
  {
    "value": "Wrangler JK Unlimited (3.6L)",
    "synonyms": [
      "Wrangler JK Unlimited (3.6L)"
    ]
  },
  {
    "value": "Wrangler Rubicon 392",
    "synonyms": [
      "Wrangler Rubicon 392",
      "Wrangler Rubicon"
    ]
  },
  {
    "value": "Wrangler Unlimited (2.0L)",
    "synonyms": [
      "Wrangler Unlimited (2.0L)",
      "Wrangler Unlimited"
    ]
  },
  {
    "value": "Wrangler Unlimited (3.6L)",
    "synonyms": [
      "Wrangler Unlimited (3.6L)"
    ]
  },
  {
    "value": "Wrangler Unlimited (3.8L)",
    "synonyms": [
      "Wrangler Unlimited (3.8L)"
    ]
  },
  {
    "value": "Wrangler Unlimited Diesel (3.0L)",
    "synonyms": [
      "Wrangler Unlimited Diesel (3.0L)",
      "Wrangler Unlimited Diesel"
    ]
  },
  {
    "value": "Wrangler Unlimited SRT (6.4L)",
    "synonyms": [
      "Wrangler Unlimited SRT (6.4L)",
      "Wrangler Unlimited SRT"
    ]
  }
]