[
  {
    "value": "carModel",
    "synonyms": [
      "carModel"
    ]
  },
  {
    "value": "Amanti",
    "synonyms": [
      "AMANTI"
    ]
  },
  {
    "value": "Borrego",
    "synonyms": [
      "BORREGO"
    ]
  },
  {
    "value": "CADENZA",
    "synonyms": [
      "CADENZA",
      "cadensa",
      "cadesa",
      "cadeza",
      "kadensa",
      "kadenza",
      "kadesa"
    ]
  },
  {
    "value": "CARNIVAL",
    "synonyms": [
      "Carnival"
    ]
  },
  {
    "value": "EV6",
    "synonyms": [
      "EV6",
      "EV 6",
      "V6",
      "e36"
    ]
  },
  {
    "value": "FORTE",
    "synonyms": [
      "FORTE",
      "forta",
      "forto",
      "forte coup",
      "coup",
      "koup",
      "coupe",
      "forte koup",
      "forte coupe"
    ]
  },
  {
    "value": "FORTE5",
    "synonyms": [
      "FORTE 5",
      "forta 5",
      "forto 5"
    ]
  },
  {
    "value": "FORTE KOUP",
    "synonyms": [
      "forte coup",
      "coup",
      "koup",
      "coupe",
      "forte koup",
      "forte coupe"
    ]
  },
  {
    "value": "K3",
    "synonyms": [
      "K3",
      "K 3"
    ]
  },
  {
    "value": "K5",
    "synonyms": [
      "K5",
      "K 5"
    ]
  },
  {
    "value": "K900",
    "synonyms": [
      "K900",
      "k 9 100",
      "k 900",
      "k nine 100"
    ]
  },
  {
    "value": "NIRO",
    "synonyms": [
      "NIRO",
      "NIRO EX",
      "NIRO FE",
      "NIRO LX",
      "eero",
      "euro",
      "neero",
      "nero",
      "nyro"
    ]
  },
  {
    "value": "NIRO EV",
    "synonyms": [
      "NIRO EV",
      "EERO EV",
      "NEERO EV",
      "NIRO E V",
      "EERO E V",
      "NEERO E V"
    ]
  },
  {
    "value": "NIRO PHEV",
    "synonyms": [
      "NIRO PHEV",
      "EERO PHEV",
      "NEERO PHEV",
      "NIRO P H E V",
      "EERO P H E V",
      "NEERO P H E V"
    ]
  },
  {
    "value": "OPTIMA",
    "synonyms": [
      "OPTIMA",
      "optyma",
      "otima",
      "altima"
    ]
  },
  {
    "value": "OPTIMA HYBRID",
    "synonyms": [
      "OPTIMA HYBRID"
    ]
  },
  {
    "value": "Optima PLUG-IN HYBRID",
    "synonyms": [
      "OPTIMA PLUG-IN HYBRID"
    ]
  },
  {
    "value": "RIO5",
    "synonyms": [
      "RIO 5-DOOR",
      "riot 5-DOOR",
      "riow 5-DOOR",
      "ryo 5-DOOR",
      "ryow 5-DOOR",
      "rios 5-DOOR"
    ]
  },
  {
    "value": "Rondo",
    "synonyms": [
      "RONDO",
      "RIO",
      "riot",
      "riow",
      "ryo",
      "ryow",
      "rios"
    ]
  },
  {
    "value": "SEDONA",
    "synonyms": [
      "SEDONA",
      "SEDONA EX",
      "sadona",
      "sedonna",
      "sidona",
      "sodona"
    ]
  },
  {
    "value": "SELTOS",
    "synonyms": [
      "SELTOS"
    ]
  },
  {
    "value": "Seltos Turbo",
    "synonyms": [
      "SELTOS turbo"
    ]
  },
  {
    "value": "SORENTO",
    "synonyms": [
      "SORENTO",
      "SORRENTO EX FWD",
      "CERENTO",
      "CERETO",
      "SARENTO",
      "SARETO",
      "SERENTO",
      "SORENO",
      "SORETO",
      "SORRENTO"
    ]
  },
  {
    "value": "SORENTO HYBRID",
    "synonyms": [
      "SORENTO Hybrid",
      "CERENTO Hybrid",
      "CERETO Hybrid",
      "SARENTO Hybrid",
      "SARETO Hybrid",
      "SERENTO Hybrid",
      "SORENO Hybrid",
      "SORETO Hybrid",
      "SORRENTO Hybrid"
    ]
  },
  {
    "value": "SORENTO PLUG-IN HYBRID",
    "synonyms": [
      "SORENTO PLUG-IN Hybrid",
      "CERENTO PLUG-IN Hybrid",
      "CERETO PLUG-IN Hybrid",
      "SARENTO PLUG-IN Hybrid",
      "SARETO PLUG-IN Hybrid",
      "SERENTO PLUG-IN Hybrid",
      "SORENO PLUG-IN Hybrid",
      "SORETO PLUG-IN Hybrid",
      "SORRENTO PLUG-IN Hybrid"
    ]
  },
  {
    "value": "SOUL",
    "synonyms": [
      "SOUL"
    ]
  },
  {
    "value": "SOUL EV",
    "synonyms": [
      "SOUL EV"
    ]
  },
  {
    "value": "Spectra",
    "synonyms": [
      "SPECTRA",
      "SPECTRA 5"
    ]
  },
  {
    "value": "SPORTAGE",
    "synonyms": [
      "SPORTAGE",
      "SPORTAGE EX FWD",
      "potage",
      "sporta",
      "spotage",
      "spottage",
      "sport",
      "Swedish",
      "portage",
      "spoilers"
    ]
  },
  {
    "value": "SPORTAGE HYBRID",
    "synonyms": [
      "SPORTAGE HYBRID",
      "SPORTAGE EX FWD HYBRID",
      "potage HYBRID",
      "sporta HYBRID",
      "spotage HYBRID",
      "spottage HYBRID",
      "sport HYBRID",
      "Swedish HYBRID",
      "portage HYBRID",
      "spoilers HYBRID"
    ]
  },
  {
    "value": "Sportage AWD",
    "synonyms": [
      "SPORTAGE AWD",
      "SPORTAGE A W D"
    ]
  },
  {
    "value": "Sportage Turbo",
    "synonyms": [
      "SPORTAGE TURBO"
    ]
  },
  {
    "value": "STINGER",
    "synonyms": [
      "STINGER",
      "STINGER GT",
      "STINGER PREMIUM",
      "STINGER RWD",
      "singer",
      "spinger"
    ]
  },
  {
    "value": "TELLURIDE",
    "synonyms": [
      "TELLURIDE",
      "tellu ride",
      "teluride"
    ]
  }
]