[
  {
    "value": "carModel",
    "synonyms": [
      "carModel"
    ]
  },
  {
    "value": "Accord",
    "synonyms": [
      "ACCORD",
      "Record",
      "court",
      "awkward",
      "occurred",
      "add cord",
      "a chord"
    ]
  },
  {
    "value": "Accord Crosstour",
    "synonyms": [
      "ACCORD CROSSTOUR",
      "accord cross tour",
      "accord crows tour",
      "accord crestor",
      "accord cro store",
      "accord cray store"
    ]
  },
  {
    "value": "Accord Hybrid",
    "synonyms": [
      "ACCORD HYBRID",
      "accord hebron",
      "accord hybrids",
      "accord ebird",
      "accord hey bread"
    ]
  },
  {
    "value": "Accord Plug-IN",
    "synonyms": [
      "ACCORD PLUG-IN",
      "accord lubing"
    ]
  },
  {
    "value": "Clarity Electric",
    "synonyms": [
      "CLARITY ELECTRIC",
      "clarity",
      "polarity",
      "clarity lectric",
      "clarity e lectric"
    ]
  },
  {
    "value": "Civic",
    "synonyms": [
      "CIVIC",
      "Scenic"
    ]
  },
  {
    "value": "Civic Hybrid",
    "synonyms": [
      "CIVIC HYBRID"
    ]
  },
  {
    "value": "Civic NGV",
    "synonyms": [
      "CIVIC NGV",
      "civic angie",
      "civic ngb",
      "civic an givi",
      "civic an tv"
    ]
  },
  {
    "value": "Clarity Electric",
    "synonyms": [
      "CLARITY Electric",
      "clarity Electric",
      "clarity",
      "flaherty"
    ]
  },
  {
    "value": "Clarity Fuel Cell",
    "synonyms": [
      "CLARITY FUEL CELL",
      "clarity cell",
      "clarity feel so"
    ]
  },
  {
    "value": "Clarity Plug-In Hybird",
    "synonyms": [
      "CLARITY PLUG-IN HYBRID",
      "clarity plug in"
    ]
  },
  {
    "value": "CR-V",
    "synonyms": [
      "CR-V",
      "c r v",
      "crv",
      "servi",
      "survey",
      "cerave",
      "ceraVe"
    ]
  },
  {
    "value": "CR-V Hybrid",
    "synonyms": [
      "CR-V HYBRID"
    ]
  },
  {
    "value": "CR-Z",
    "synonyms": [
      "CR-Z",
      "crz",
      "c r z",
      "sears e",
      "seriously"
    ]
  },
  {
    "value": "Crosstour",
    "synonyms": [
      "CROSSTOUR",
      "cross tour"
    ]
  },
  {
    "value": "Element",
    "synonyms": [
      "ELEMENT",
      "l\u0026m"
    ]
  },
  {
    "value": "FCX Clarity",
    "synonyms": [
      "FCX CLARITY",
      "f c x",
      "fcx",
      "fcf"
    ]
  },
  {
    "value": "Fit",
    "synonyms": [
      "FIT",
      "set",
      "fish",
      "fifth"
    ]
  },
  {
    "value": "HR-V",
    "synonyms": [
      "HR-V",
      "hrv",
      "h r v",
      "hev",
      "hiv",
      "hov"
    ]
  },
  {
    "value": "Insight",
    "synonyms": [
      "INSIGHT",
      "inside",
      "insect"
    ]
  },
  {
    "value": "Odyssey",
    "synonyms": [
      "ODYSSEY"
    ]
  },
  {
    "value": "Passport",
    "synonyms": [
      "PASSPORT",
      "Stockport",
      "that\u0027s worth"
    ]
  },
  {
    "value": "Pilot",
    "synonyms": [
      "PILOT",
      "pilaf",
      "pillot",
      "pilotte"
    ]
  },
  {
    "value": "Prelude",
    "synonyms": [
      "PRELUDE",
      "play Loot",
      "preludes",
      "free lud"
    ]
  },
  {
    "value": "Ridgeline",
    "synonyms": [
      "RIDGELINE",
      "ridge line"
    ]
  },
  {
    "value": "S2000",
    "synonyms": [
      "S2000",
      "s2k",
      "s 2 1000"
    ]
  }
]