[
  {
    "id": "05c41650-3208-4434-8593-1442f3f8ed37",
    "data": [
      {
        "text": "yes",
        "meta": "@wordsYes",
        "alias": "wordsyes",
        "userDefined": false
      },
      {
        "text": " ",
        "userDefined": false
      },
      {
        "text": "any",
        "meta": "@sys.any",
        "alias": "any",
        "userDefined": true
      },
      {
        "text": " ,",
        "userDefined": false
      }
    ],
    "isTemplate": false,
    "count": 0,
    "lang": "en",
    "updated": 0
  },
  {
    "id": "83199a86-a6c6-4651-af0e-a1d1e94db05f",
    "data": [
      {
        "text": "yes",
        "meta": "@wordsYes",
        "alias": "wordsyes",
        "userDefined": false
      },
      {
        "text": " ,",
        "userDefined": false
      }
    ],
    "isTemplate": false,
    "count": 0,
    "lang": "en",
    "updated": 0
  },
  {
    "id": "0d5a9888-6fbd-43d3-9de0-cfa098bf6744",
    "data": [
      {
        "text": "yes",
        "meta": "@wordsYes",
        "alias": "wordsyes",
        "userDefined": false
      },
      {
        "text": " ",
        "userDefined": false
      },
      {
        "text": "any",
        "meta": "@sys.any",
        "alias": "any",
        "userDefined": true
      }
    ],
    "isTemplate": false,
    "count": 0,
    "lang": "en",
    "updated": 0
  },
  {
    "id": "13cb27f9-42ab-4ecd-b31d-25834884ab12",
    "data": [
      {
        "text": "yes",
        "meta": "@wordsYes",
        "alias": "wordsyes",
        "userDefined": false
      }
    ],
    "isTemplate": false,
    "count": 0,
    "lang": "en",
    "updated": 0
  },
  {
    "id": "8cf47e8b-f196-4386-bd80-35ab42a799c2",
    "data": [
      {
        "text": "yes",
        "meta": "@wordsYes",
        "alias": "wordsyes",
        "userDefined": false
      },
      {
        "text": " ",
        "userDefined": false
      },
      {
        "text": "any",
        "meta": "@sys.any",
        "alias": "any",
        "userDefined": false
      },
      {
        "text": " .",
        "userDefined": false
      }
    ],
    "isTemplate": false,
    "count": 0,
    "lang": "en",
    "updated": 0
  },
  {
    "id": "dbc95039-fafa-4dec-a9a3-dfe721953781",
    "data": [
      {
        "text": "yes",
        "meta": "@wordsYes",
        "alias": "wordsyes",
        "userDefined": false
      },
      {
        "text": " .",
        "userDefined": false
      }
    ],
    "isTemplate": false,
    "count": 0,
    "lang": "en",
    "updated": 0
  }
]