[
  {
    "id": "04afb716-ce78-4d8d-9c12-47c815b36d7b",
    "data": [
      {
        "text": "any",
        "meta": "@wordsPre",
        "alias": "wordsPre",
        "userDefined": false
      },
      {
        "text": " ",
        "userDefined": false
      },
      {
        "text": "recall",
        "meta": "@wordsRecall",
        "alias": "recall",
        "userDefined": false
      },
      {
        "text": " ",
        "userDefined": false
      },
      {
        "text": "any",
        "meta": "@sys.any",
        "alias": "any",
        "userDefined": false
      },
      {
        "text": " .",
        "userDefined": false
      }
    ],
    "isTemplate": false,
    "count": 0,
    "lang": "en",
    "updated": 0
  },
  {
    "id": "9f50ec92-5909-4ccb-bb0d-fe92fe34e6a6",
    "data": [
      {
        "text": "any",
        "meta": "@wordsPre",
        "alias": "wordsPre",
        "userDefined": false
      },
      {
        "text": " ",
        "userDefined": false
      },
      {
        "text": "recall",
        "meta": "@wordsRecall",
        "alias": "recall",
        "userDefined": false
      },
      {
        "text": " .",
        "userDefined": false
      }
    ],
    "isTemplate": false,
    "count": 0,
    "lang": "en",
    "updated": 0
  },
  {
    "id": "e283c9b5-c6fc-4626-a2b9-1e6081c5f63e",
    "data": [
      {
        "text": "recall",
        "meta": "@wordsRecall",
        "alias": "recall",
        "userDefined": false
      },
      {
        "text": " ",
        "userDefined": false
      },
      {
        "text": "any",
        "meta": "@sys.any",
        "alias": "any",
        "userDefined": false
      },
      {
        "text": " .",
        "userDefined": false
      }
    ],
    "isTemplate": false,
    "count": 0,
    "lang": "en",
    "updated": 0
  },
  {
    "id": "35652b46-b276-442a-85d6-f2d6e2ae5fc5",
    "data": [
      {
        "text": "recall",
        "meta": "@wordsRecall",
        "alias": "recall",
        "userDefined": false
      },
      {
        "text": " .",
        "userDefined": false
      }
    ],
    "isTemplate": false,
    "count": 0,
    "lang": "en",
    "updated": 0
  }
]