[
  {
    "value": "carModel",
    "synonyms": [
      "carModel"
    ]
  },
  {
    "value": "Amanti",
    "synonyms": [
      "AMANTI"
    ]
  },
  {
    "value": "Borrego",
    "synonyms": [
      "BORREGO"
    ]
  },
  {
    "value": "Cadenza",
    "synonyms": [
      "CADENZA",
      "cadensa",
      "cadesa",
      "cadeza",
      "kadensa",
      "kadenza",
      "kadesa"
    ]
  },
  {
    "value": "Carnival",
    "synonyms": [
      "Carnival"
    ]
  },
  {
    "value": "EV6",
    "synonyms": [
      "EV6",
      "EV 6",
      "e36",
      "tv6"
    ]
  },
  {
    "value": "Forte",
    "synonyms": [
      "FORTE",
      "forta",
      "forto",
      "forte coup",
      "coup",
      "koup",
      "coupe",
      "forte koup",
      "forte coupe"
    ]
  },
  {
    "value": "Forte GT",
    "synonyms": [
      "FORTE GT",
      "forta GT",
      "forto GT"
    ]
  },
  {
    "value": "Forte Turbo",
    "synonyms": [
      "FORTE TURBO"
    ]
  },
  {
    "value": "K3",
    "synonyms": [
      "K3",
      "K 3"
    ]
  },
  {
    "value": "K5",
    "synonyms": [
      "K5",
      "K 5"
    ]
  },
  {
    "value": "K900",
    "synonyms": [
      "K900",
      "k 9 100",
      "k 900",
      "k nine 100"
    ]
  },
  {
    "value": "Niro",
    "synonyms": [
      "NIRO",
      "NIRO EX",
      "NIRO FE",
      "NIRO LX",
      "eero",
      "euro",
      "neero",
      "nero",
      "nyro"
    ]
  },
  {
    "value": "Niro EV",
    "synonyms": [
      "NIRO EV",
      "EERO EV",
      "NEERO EV",
      "NIRO E V",
      "EERO E V",
      "NEERO E V"
    ]
  },
  {
    "value": "Niro PHEV",
    "synonyms": [
      "NIRO PHEV",
      "EERO PHEV",
      "NEERO PHEV",
      "NIRO P H E V",
      "EERO P H E V",
      "NEERO P H E V"
    ]
  },
  {
    "value": "Optima",
    "synonyms": [
      "OPTIMA",
      "optyma",
      "otima",
      "altima"
    ]
  },
  {
    "value": "Optima Hybrid",
    "synonyms": [
      "OPTIMA HYBRID"
    ]
  },
  {
    "value": "Optima PHEV",
    "synonyms": [
      "OPTIMA PHEV",
      "OPTIMA PH EV",
      "OPTIMA P H E V"
    ]
  },
  {
    "value": "Optima Turbo",
    "synonyms": [
      "OPTIMA TURBO"
    ]
  },
  {
    "value": "Rio",
    "synonyms": [
      "RIO",
      "riot",
      "riow",
      "ryo",
      "ryow",
      "rios"
    ]
  },
  {
    "value": "Rondo",
    "synonyms": [
      "RONDO"
    ]
  },
  {
    "value": "Sedona",
    "synonyms": [
      "SEDONA",
      "SEDONA EX",
      "sadona",
      "sedonna",
      "sidona",
      "sodona"
    ]
  },
  {
    "value": "Seltos",
    "synonyms": [
      "SELTOS"
    ]
  },
  {
    "value": "Seltos Turbo",
    "synonyms": [
      "SELTOS turbo"
    ]
  },
  {
    "value": "Sorento",
    "synonyms": [
      "SORENTO",
      "SORRENTO EX FWD",
      "CERENTO",
      "CERETO",
      "SARENTO",
      "SARETO",
      "SERENTO",
      "SORENO",
      "SORETO",
      "SORRENTO"
    ]
  },
  {
    "value": "Sorento Turbo",
    "synonyms": [
      "SORENTO TURBO",
      "CERENTO TURBO",
      "CERETO TURBO",
      "SARENTO TURBO",
      "SARETO TURBO",
      "SERENTO TURBO",
      "SORENO TURBO",
      "SORETO TURBO",
      "SORRENTO TURBO"
    ]
  },
  {
    "value": "Sorento Hybrid",
    "synonyms": [
      "SORENTO Hybrid",
      "CERENTO Hybrid",
      "CERETO Hybrid",
      "SARENTO Hybrid",
      "SARETO Hybrid",
      "SERENTO Hybrid",
      "SORENO Hybrid",
      "SORETO Hybrid",
      "SORRENTO Hybrid"
    ]
  },
  {
    "value": "Soul",
    "synonyms": [
      "SOUL"
    ]
  },
  {
    "value": "Soul EV",
    "synonyms": [
      "SOUL EV",
      "SOUL E V"
    ]
  },
  {
    "value": "Soul Turbo",
    "synonyms": [
      "SOUL TURBO"
    ]
  },
  {
    "value": "Spectra",
    "synonyms": [
      "SPECTRA",
      "SPECTRA 5"
    ]
  },
  {
    "value": "Sportage",
    "synonyms": [
      "SPORTAGE",
      "SPORTAGE EX FWD",
      "potage",
      "sporta",
      "spotage",
      "spottage",
      "sport",
      "Swedish",
      "portage",
      "spoilers"
    ]
  },
  {
    "value": "Sportage AWD",
    "synonyms": [
      "SPORTAGE AWD",
      "SPORTAGE A W D"
    ]
  },
  {
    "value": "Sportage Turbo",
    "synonyms": [
      "SPORTAGE TURBO"
    ]
  },
  {
    "value": "Stinger",
    "synonyms": [
      "STINGER",
      "STINGER GT",
      "STINGER PREMIUM",
      "STINGER RWD",
      "singer",
      "spinger"
    ]
  },
  {
    "value": "Stinger Turbo",
    "synonyms": [
      "STINGER TURBO"
    ]
  },
  {
    "value": "Telluride",
    "synonyms": [
      "TELLURIDE",
      "tellu ride",
      "teluride"
    ]
  }
]