[
  {
    "value": "checkThings",
    "synonyms": [
      "check warranty",
      "check part",
      "check parts",
      "check on car",
      "check car",
      "check my car",
      "check vehicle",
      "repair update",
      "update on repair",
      "if i need",
      "see if i need"
    ]
  },
  {
    "value": "cost",
    "synonyms": [
      "cost of",
      "quotation for",
      "price of",
      "how much",
      "cost for an oil change",
      "cost of an oil change",
      "cost of oil change",
      "estimate for",
      "estimation for",
      "estimates for",
      "how much an oil change",
      "how much for oil change",
      "quote for",
      "cost for",
      "price for"
    ]
  },
  {
    "value": "don\u0027t want",
    "synonyms": [
      "i do not want",
      "i do not want an appointment",
      "no appointment",
      "i did not want",
      "i do not need",
      "i Don\u0027t want"
    ]
  },
  {
    "value": "information on recall",
    "synonyms": [
      "information on recall",
      "information on recalls",
      "recall information",
      "recalls information"
    ]
  },
  {
    "value": "other",
    "synonyms": [
      "director.",
      "president.",
      "other.",
      "mother.",
      "father.",
      "Are there?",
      "Weather."
    ]
  },
  {
    "value": "speak",
    "synonyms": [
      "speak to",
      "can you",
      "would like to ask",
      "would like to ask if",
      "talk to",
      "information",
      "C2 a person",
      "question for",
      "i need to know",
      "i need to know the dates",
      "find out",
      "find out about"
    ]
  },
  {
    "value": "switch",
    "synonyms": [
      "already have appointment",
      "already have an appointment"
    ]
  },
  {
    "value": "test",
    "synonyms": [
      "test drive"
    ]
  },
  {
    "value": "waittime",
    "synonyms": [
      "waittime",
      "Can you please tell me how long is the wait for oil change?",
      "wait time"
    ]
  },
  {
    "value": "warranty",
    "synonyms": [
      "warranty."
    ]
  },
  {
    "value": "How much time",
    "synonyms": [
      "How much time",
      "how much more",
      "how long",
      "what is the wait",
      "what is the wait for",
      "what is the wait time",
      "what is wait time"
    ]
  },
  {
    "value": "have a ride home",
    "synonyms": [
      "have a ride home",
      "ride home",
      "need a ride",
      "need a ride back"
    ]
  },
  {
    "value": "localwordsforvoicemail",
    "synonyms": [
      "@aWordsVoicemail"
    ]
  },
  {
    "value": "questionW",
    "synonyms": [
      "when was",
      "when is",
      "what is",
      "who is",
      "where is",
      "why is",
      "why was",
      "what was"
    ]
  },
  {
    "value": "unhandled",
    "synonyms": [
      "@aWordsUnhandled"
    ]
  },
  {
    "value": "operrator",
    "synonyms": [
      "@wordsOperator"
    ]
  }
]