[
  {
    "value": "tireIssues",
    "synonyms": [
      "flat tire",
      "fix a flat",
      "tire repair",
      "repair a flat",
      "have a flat",
      "need a flat tire fix",
      "tire service"
    ]
  },
  {
    "value": "keyIssues",
    "synonyms": [
      "key fob",
      "car key",
      "key replacement",
      "cut key",
      "program key",
      "key cut",
      "new key",
      "lost key",
      "lost my key",
      "replacement key",
      "Need a duplicate key",
      "duplicate key"
    ]
  },
  {
    "value": "carWonStart",
    "synonyms": [
      "won\u0027t start",
      "does not move",
      "does not work",
      "will not start",
      "does not start",
      "won\u0027t move",
      "will not work",
      "won\u0027t work"
    ]
  },
  {
    "value": "batteryDead",
    "synonyms": [
      "battery is dead",
      "battery died",
      "dead battery",
      "battery dead"
    ]
  },
  {
    "value": "accidentWord",
    "synonyms": [
      "accident"
    ]
  },
  {
    "value": "towW",
    "synonyms": [
      "tow",
      "towed"
    ]
  },
  {
    "value": "Urgent service.",
    "synonyms": [
      "Urgent service.",
      "right now"
    ]
  },
  {
    "value": "roadside assistant",
    "synonyms": [
      "roadside assistant",
      "emergency",
      "urgent",
      "urgency",
      "accident",
      "driver assistance",
      "alert",
      "collision repair",
      "tow"
    ]
  }
]