[
  {
    "id": "6c8aec43-b206-4f67-9034-9d700e1022da",
    "data": [
      {
        "text": "any",
        "meta": "@sys.any",
        "alias": "any",
        "userDefined": true
      },
      {
        "text": " ",
        "userDefined": false
      },
      {
        "text": "spanish",
        "meta": "@wordsSpanish",
        "alias": "wordsSpanish",
        "userDefined": true
      },
      {
        "text": " ",
        "userDefined": false
      },
      {
        "text": "any",
        "meta": "@sys.any",
        "alias": "any",
        "userDefined": true
      },
      {
        "text": " .",
        "userDefined": false
      }
    ],
    "isTemplate": false,
    "count": 0,
    "lang": "en",
    "updated": 0
  },
  {
    "id": "a3aa1a7b-b72a-40f8-a3a7-7eec589fa64e",
    "data": [
      {
        "text": "spanish",
        "meta": "@wordsSpanish",
        "alias": "wordsSpanish",
        "userDefined": true
      },
      {
        "text": " ",
        "userDefined": false
      },
      {
        "text": "any",
        "meta": "@sys.any",
        "alias": "any",
        "userDefined": true
      },
      {
        "text": " .",
        "userDefined": false
      }
    ],
    "isTemplate": false,
    "count": 0,
    "lang": "en",
    "updated": 0
  },
  {
    "id": "cd578b7b-134f-4f2f-ba09-250b68942242",
    "data": [
      {
        "text": "any",
        "meta": "@sys.any",
        "alias": "any",
        "userDefined": true
      },
      {
        "text": " ",
        "userDefined": false
      },
      {
        "text": "spanish",
        "meta": "@wordsSpanish",
        "alias": "wordsSpanish",
        "userDefined": false
      },
      {
        "text": " .",
        "userDefined": false
      }
    ],
    "isTemplate": false,
    "count": 0,
    "lang": "en",
    "updated": 0
  },
  {
    "id": "cd953b7b-6879-49b4-9204-c1d2ab61186d",
    "data": [
      {
        "text": "spaniol",
        "userDefined": false
      }
    ],
    "isTemplate": false,
    "count": 0,
    "lang": "en",
    "updated": 0
  },
  {
    "id": "cd4e1cda-9bc5-4296-9b5c-9289cb055328",
    "data": [
      {
        "text": "espanol",
        "userDefined": false
      }
    ],
    "isTemplate": false,
    "count": 0,
    "lang": "en",
    "updated": 0
  },
  {
    "id": "5fc90038-e485-48f8-a5e8-ab0f9a17b357",
    "data": [
      {
        "text": "ingles",
        "userDefined": false
      }
    ],
    "isTemplate": false,
    "count": 0,
    "lang": "en",
    "updated": 0
  },
  {
    "id": "c8669884-fa6a-4e0b-a2c6-5a8113051b00",
    "data": [
      {
        "text": "engles",
        "userDefined": false
      }
    ],
    "isTemplate": false,
    "count": 0,
    "lang": "en",
    "updated": 0
  },
  {
    "id": "605d4278-af2d-4c0b-84e6-fc7fe8755fce",
    "data": [
      {
        "text": "spanish",
        "userDefined": false
      }
    ],
    "isTemplate": false,
    "count": 0,
    "lang": "en",
    "updated": 0
  },
  {
    "id": "10f83105-6751-4e5a-8288-875b3c077465",
    "data": [
      {
        "text": "espagnol",
        "userDefined": false
      }
    ],
    "isTemplate": false,
    "count": 0,
    "lang": "en",
    "updated": 0
  }
]