[
  {
    "id": "727a771d-2dbb-4872-ba91-9dede66010a0",
    "data": [
      {
        "text": "any",
        "meta": "@wordsPre",
        "alias": "wordsPre",
        "userDefined": true
      },
      {
        "text": " ",
        "userDefined": false
      },
      {
        "text": "i don\u0027t know",
        "meta": "@wordsNotSure",
        "alias": "wordsNotSure",
        "userDefined": false
      },
      {
        "text": " ",
        "userDefined": false
      },
      {
        "text": "any",
        "meta": "@sys.any",
        "alias": "any",
        "userDefined": true
      },
      {
        "text": " .",
        "userDefined": false
      }
    ],
    "isTemplate": false,
    "count": 0,
    "lang": "en",
    "updated": 0
  },
  {
    "id": "b0da0c4a-c464-4b88-9a66-9d0e15e5292c",
    "data": [
      {
        "text": "any",
        "meta": "@wordsPre",
        "alias": "wordsPre",
        "userDefined": true
      },
      {
        "text": " ",
        "userDefined": false
      },
      {
        "text": "i don\u0027t know",
        "meta": "@wordsNotSure",
        "alias": "wordsNotSure",
        "userDefined": false
      },
      {
        "text": " .",
        "userDefined": false
      }
    ],
    "isTemplate": false,
    "count": 0,
    "lang": "en",
    "updated": 0
  },
  {
    "id": "675b604f-e572-4c4d-b966-3a059a0b6240",
    "data": [
      {
        "text": "i don\u0027t know",
        "meta": "@wordsNotSure",
        "alias": "wordsNotSure",
        "userDefined": false
      },
      {
        "text": " ",
        "userDefined": false
      },
      {
        "text": "any",
        "meta": "@sys.any",
        "alias": "any",
        "userDefined": true
      },
      {
        "text": " .",
        "userDefined": false
      }
    ],
    "isTemplate": false,
    "count": 1,
    "lang": "en",
    "updated": 0
  },
  {
    "id": "bf749cd5-d94c-4efe-b326-4a9fa5f4d9b9",
    "data": [
      {
        "text": "I don\u0027t know",
        "meta": "@wordsNotSure",
        "alias": "wordsNotSure",
        "userDefined": false
      },
      {
        "text": " .",
        "userDefined": false
      }
    ],
    "isTemplate": false,
    "count": 0,
    "lang": "en",
    "updated": 0
  }
]