[
  {
    "id": "1de94283-c2f1-4372-b8b4-fdc74fa7a9c7",
    "data": [
      {
        "text": "any",
        "meta": "@sys.any",
        "alias": "any",
        "userDefined": true
      },
      {
        "text": " evening ",
        "userDefined": false
      },
      {
        "text": "any",
        "meta": "@sys.any",
        "alias": "any",
        "userDefined": true
      },
      {
        "text": " .",
        "userDefined": false
      }
    ],
    "isTemplate": false,
    "count": 0,
    "lang": "en",
    "updated": 0
  },
  {
    "id": "d11e31a2-2a9c-41e4-9b60-c3680a2624e5",
    "data": [
      {
        "text": "evening ",
        "userDefined": false
      },
      {
        "text": "any",
        "meta": "@sys.any",
        "alias": "any",
        "userDefined": true
      },
      {
        "text": " .",
        "userDefined": false
      }
    ],
    "isTemplate": false,
    "count": 0,
    "lang": "en",
    "updated": 0
  },
  {
    "id": "5ebb6824-325c-45af-9b2a-7aee03e955bd",
    "data": [
      {
        "text": "any",
        "meta": "@sys.any",
        "alias": "any",
        "userDefined": true
      },
      {
        "text": " evening .",
        "userDefined": false
      }
    ],
    "isTemplate": false,
    "count": 0,
    "lang": "en",
    "updated": 0
  },
  {
    "id": "70d158f1-a026-46a4-8b50-872617be47c7",
    "data": [
      {
        "text": "any",
        "meta": "@sys.any",
        "alias": "any",
        "userDefined": true
      },
      {
        "text": " afternoon ",
        "userDefined": false
      },
      {
        "text": "any",
        "meta": "@sys.any",
        "alias": "any",
        "userDefined": true
      },
      {
        "text": "  .",
        "userDefined": false
      }
    ],
    "isTemplate": false,
    "count": 0,
    "lang": "en",
    "updated": 0
  },
  {
    "id": "6cd0b812-810c-44f8-bdaf-1a8da59fdd52",
    "data": [
      {
        "text": "afternoon          ",
        "userDefined": false
      },
      {
        "text": "any",
        "meta": "@sys.any",
        "alias": "any",
        "userDefined": true
      },
      {
        "text": " .",
        "userDefined": false
      }
    ],
    "isTemplate": false,
    "count": 0,
    "lang": "en",
    "updated": 0
  },
  {
    "id": "4048ceab-c095-4c8c-892d-3fc5d61f6c98",
    "data": [
      {
        "text": "any",
        "meta": "@sys.any",
        "alias": "any",
        "userDefined": true
      },
      {
        "text": " afternoon .",
        "userDefined": false
      }
    ],
    "isTemplate": false,
    "count": 0,
    "lang": "en",
    "updated": 0
  },
  {
    "id": "e11532f9-49c3-4d2d-bad3-1e9d708d3792",
    "data": [
      {
        "text": "Pm.",
        "userDefined": false
      }
    ],
    "isTemplate": false,
    "count": 0,
    "lang": "en",
    "updated": 0
  },
  {
    "id": "ff566e02-f7a7-4f50-901e-713f6ec09244",
    "data": [
      {
        "text": "TN.",
        "userDefined": false
      }
    ],
    "isTemplate": false,
    "count": 0,
    "lang": "en",
    "updated": 0
  },
  {
    "id": "11333fd7-d255-44ed-86e1-5e42022b9d4a",
    "data": [
      {
        "text": "TM.",
        "userDefined": false
      }
    ],
    "isTemplate": false,
    "count": 0,
    "lang": "en",
    "updated": 0
  },
  {
    "id": "32702eae-f97b-4232-9bbe-c3510392e30f",
    "data": [
      {
        "text": "PM.",
        "userDefined": false
      }
    ],
    "isTemplate": false,
    "count": 0,
    "lang": "en",
    "updated": 0
  },
  {
    "id": "c5ba1e7d-66fe-4188-ae26-858d6f6c89c6",
    "data": [
      {
        "text": "PN.",
        "userDefined": false
      }
    ],
    "isTemplate": false,
    "count": 0,
    "lang": "en",
    "updated": 0
  },
  {
    "id": "41425738-0466-4a0d-9306-8b4bdb81da24",
    "data": [
      {
        "text": "evening .",
        "userDefined": false
      }
    ],
    "isTemplate": false,
    "count": 0,
    "lang": "en",
    "updated": 0
  },
  {
    "id": "e565e8e9-e882-4fb1-ab1b-8dba97ff08aa",
    "data": [
      {
        "text": "I want to",
        "meta": "@wordsPre",
        "alias": "wordsPre",
        "userDefined": false
      },
      {
        "text": " ",
        "userDefined": false
      },
      {
        "text": "come",
        "meta": "@wordsPre",
        "alias": "wordsPre",
        "userDefined": false
      },
      {
        "text": " in the afternoon .",
        "userDefined": false
      }
    ],
    "isTemplate": false,
    "count": 0,
    "lang": "en",
    "updated": 0
  },
  {
    "id": "a4d48190-dc25-420e-bf70-cbc8612c4ef3",
    "data": [
      {
        "text": "p.m.",
        "userDefined": false
      }
    ],
    "isTemplate": false,
    "count": 0,
    "lang": "en",
    "updated": 0
  },
  {
    "id": "93b05182-5712-456b-a08c-2c33c608dc0e",
    "data": [
      {
        "text": "afternoon .",
        "userDefined": false
      }
    ],
    "isTemplate": false,
    "count": 0,
    "lang": "en",
    "updated": 0
  }
]