[
  {
    "value": "change",
    "synonyms": [
      "change",
      "change the",
      "exchange",
      "add",
      "added"
    ]
  },
  {
    "value": "check",
    "synonyms": [
      "check",
      "check the",
      "system check",
      "check up",
      "check up on",
      "checkup"
    ]
  },
  {
    "value": "concern",
    "synonyms": [
      "concern",
      "complimentary"
    ]
  },
  {
    "value": "diagnose",
    "synonyms": [
      "diagnose",
      "diagnose the",
      "diagnosis",
      "diagnostics"
    ]
  },
  {
    "value": "fix",
    "synonyms": [
      "fix",
      "fix the",
      "fix it",
      "get it fixed",
      "fixes",
      "adjust"
    ]
  },
  {
    "value": "front",
    "synonyms": [
      "front",
      "rear",
      "back"
    ]
  },
  {
    "value": "install",
    "synonyms": [
      "install",
      "installation"
    ]
  },
  {
    "value": "interior",
    "synonyms": [
      "interior",
      "exterior"
    ]
  },
  {
    "value": "new",
    "synonyms": [
      "new",
      "one",
      "two",
      "four",
      "existing"
    ]
  },
  {
    "value": "on",
    "synonyms": [
      "on",
      "off",
      "is on",
      "is off",
      "from",
      "or",
      "all",
      "full"
    ]
  },
  {
    "value": "replace",
    "synonyms": [
      "replace",
      "replacement",
      "remove"
    ]
  },
  {
    "value": "request",
    "synonyms": [
      "request",
      "special",
      "specials",
      "just",
      "just an",
      "package",
      "promotion"
    ]
  },
  {
    "value": "test",
    "synonyms": [
      "test",
      "control",
      "is gone",
      "issue",
      "issues",
      "general"
    ]
  },
  {
    "value": "upgrade",
    "synonyms": [
      "upgrade",
      "upgrades",
      "update",
      "updates",
      "perform"
    ]
  },
  {
    "value": "problem",
    "synonyms": [
      "problem",
      "won\u0027t close",
      "cannot close",
      "does not close",
      "do not close",
      "will not close",
      "resist",
      "stuck"
    ]
  },
  {
    "value": "malfunction",
    "synonyms": [
      "malfunction"
    ]
  },
  {
    "value": "breakdown",
    "synonyms": [
      "breakdown"
    ]
  },
  {
    "value": "problem",
    "synonyms": [
      "problem",
      "something wrong",
      "malfunction",
      "trouble"
    ]
  },
  {
    "value": "system",
    "synonyms": [
      "system diagnosis",
      "system repair",
      "system repairs",
      "system",
      "system work",
      "system malfunction",
      "system defective",
      "system not working"
    ]
  },
  {
    "value": "repair",
    "synonyms": [
      "repair",
      "repairs",
      "repairation"
    ]
  },
  {
    "value": "not work",
    "synonyms": [
      "not work",
      "isn\u0027t working",
      "not working",
      "doesn\u0027t work",
      "doesn\u0027t run",
      "not run",
      "not starting"
    ]
  },
  {
    "value": "broke",
    "synonyms": [
      "broke",
      "broken",
      "broken down",
      "is gone"
    ]
  },
  {
    "value": "trouble shooting",
    "synonyms": [
      "trouble shooting",
      "troubleshooting"
    ]
  }
]