[
  {
    "value": "carModel",
    "synonyms": [
      "carModel"
    ]
  },
  {
    "value": "ARTEON",
    "synonyms": [
      "ARTEON",
      "ART ON",
      "ARTE ON",
      "Auntie on.",
      "ante on",
      "art on",
      "arty on",
      "anty on",
      "Oregon",
      "are they on",
      "I done",
      "Pantheon"
    ]
  },
  {
    "value": "ATLAS",
    "synonyms": [
      "ATLAS"
    ]
  },
  {
    "value": "ATLAS CROSS SPORT",
    "synonyms": [
      "ATLAS CROSS SPORT",
      "atlas cross",
      "atlas across",
      "atlas sport"
    ]
  },
  {
    "value": "BEETLE",
    "synonyms": [
      "BEETLE",
      "beto",
      "badoo",
      "beetle coupe"
    ]
  },
  {
    "value": "BEETLE CONVERTIBLE",
    "synonyms": [
      "BEETLE CONVERTIBLE"
    ]
  },
  {
    "value": "CC",
    "synonyms": [
      "CC",
      "C C"
    ]
  },
  {
    "value": "E-GOLF",
    "synonyms": [
      "E-GOLF",
      "E GOLF"
    ]
  },
  {
    "value": "EOS",
    "synonyms": [
      "EOS",
      "E OS"
    ]
  },
  {
    "value": "GOLF",
    "synonyms": [
      "GOLF",
      "goal"
    ]
  },
  {
    "value": "GOLF ALLTRACK",
    "synonyms": [
      "GOLF ALLTRACK",
      "goal ALLTRACK",
      "golf alltrack"
    ]
  },
  {
    "value": "GOLF GTI",
    "synonyms": [
      "GOLF GTI"
    ]
  },
  {
    "value": "GOLF R",
    "synonyms": [
      "GOLF R"
    ]
  },
  {
    "value": "golf sportwagen",
    "synonyms": [
      "golf sportwagen",
      "golf sport wagen"
    ]
  },
  {
    "value": "ID.4",
    "synonyms": [
      "ID.4",
      "I D 4",
      "ID 4",
      "D4",
      "D 4",
      "Hi D4",
      "id4"
    ]
  },
  {
    "value": "JETTA",
    "synonyms": [
      "JETTA",
      "jetta sedan",
      "jetta dedan A5",
      "jetta sportwagen",
      "jetta wagon"
    ]
  },
  {
    "value": "JETTA GLI",
    "synonyms": [
      "JETTA GLI"
    ]
  },
  {
    "value": "PASSAT",
    "synonyms": [
      "PASSAT",
      "That\u0027s at",
      "best at",
      "that\u0027s it",
      "play sad",
      "best",
      "facade",
      "passat sedan",
      "passat wagon"
    ]
  },
  {
    "value": "TAOS",
    "synonyms": [
      "TAOS",
      "Tahoes"
    ]
  },
  {
    "value": "TIGUAN",
    "synonyms": [
      "TIGUAN",
      "one",
      "1",
      "ti 1",
      "t 1"
    ]
  },
  {
    "value": "TIGUAN LIMITED",
    "synonyms": [
      "TIGUAN LIMITED"
    ]
  },
  {
    "value": "TOUAREG",
    "synonyms": [
      "TOUAREG",
      "taw · ruhg",
      "taw reg",
      "tua reg",
      "tuareg",
      "tureg",
      "tawreg",
      "toua reg",
      "Too - are - regg",
      "tu are reg",
      "too are reg",
      "tu are regg",
      "Twah-regg",
      "Tour-egg",
      "ter-egg",
      "twor-regg",
      "twor reg",
      "tworregg",
      "tworreg",
      "too reg",
      "too rig",
      "tooreg",
      "toorig",
      "tworeg",
      "two reg",
      "two regg",
      "toerag",
      "toe rag",
      "Twah-rayh",
      "Twahr-reg",
      "Tour-regg",
      "twerr reg",
      "Tur-reg",
      "tour-eg",
      "tour-egg",
      "Tür-reg",
      "tooareregg",
      "too are regg",
      "twah regg",
      "twahreg",
      "tawhreg",
      "twa reg",
      "twa regg",
      "tew a reg",
      "tewa reg",
      "tewa regg",
      "tou a reg",
      "tou a regg",
      "tow are regg",
      "two are regg",
      "in towel rack",
      "to Craig",
      "towel rack"
    ]
  }
]