[
  {
    "id": "09c209c6-30f7-4f1f-9eb2-d8688bed0490",
    "data": [
      {
        "text": "cantonese",
        "userDefined": false
      }
    ],
    "isTemplate": false,
    "count": 0,
    "lang": "en",
    "updated": 0
  },
  {
    "id": "b9d4b823-bca5-4976-a07f-9ee3cbe40512",
    "data": [
      {
        "text": "mandarin",
        "userDefined": false
      }
    ],
    "isTemplate": false,
    "count": 0,
    "lang": "en",
    "updated": 0
  },
  {
    "id": "21bb9ffb-1159-4315-a3fa-3e2f288db5f7",
    "data": [
      {
        "text": "china",
        "userDefined": false
      }
    ],
    "isTemplate": false,
    "count": 0,
    "lang": "en",
    "updated": 0
  },
  {
    "id": "c2587a78-b5ce-45ab-bcc8-08bb745b8c13",
    "data": [
      {
        "text": "chinese",
        "userDefined": false
      }
    ],
    "isTemplate": false,
    "count": 0,
    "lang": "en",
    "updated": 0
  }
]