[
  {
    "value": "accident",
    "synonyms": [
      "accident",
      "tow",
      "i need a tow"
    ]
  },
  {
    "value": "status",
    "synonyms": [
      "@wordsStatus"
    ]
  },
  {
    "value": "voicemail",
    "synonyms": [
      "voicemail",
      "x@wordsVoicemail"
    ]
  },
  {
    "value": "other",
    "synonyms": [
      "other",
      "mother",
      "otter",
      "father",
      "are there?",
      "weather"
    ]
  },
  {
    "value": "confirm appointment",
    "synonyms": [
      "confirm appointment",
      "confirm my appoinmtnet",
      "verify my appointment",
      "confirm my schedule",
      "when is my appointment",
      "when is",
      "pending appointment"
    ]
  },
  {
    "value": "quotationWords",
    "synonyms": [
      "@wordsQuote"
    ]
  },
  {
    "value": "warrantyWords",
    "synonyms": [
      "warranty"
    ]
  },
  {
    "value": "helpWords",
    "synonyms": [
      "help"
    ]
  },
  {
    "value": "vehiclePickup",
    "synonyms": [
      "pick up",
      "pick up my vehicle",
      "concierge",
      "valet"
    ]
  },
  {
    "value": "questionW",
    "synonyms": [
      "question",
      "find out"
    ]
  },
  {
    "value": "recallW",
    "synonyms": [
      "recall"
    ]
  }
]