[
  {
    "value": "carModel",
    "synonyms": [
      "carModel"
    ]
  },
  {
    "value": "718CYN",
    "synonyms": [
      "718 CAYMAN",
      "7 18 CAYMAN",
      "7 1 8 CAYMAN",
      "7 18 CAY MAN",
      "7 18 KAYMAN"
    ]
  },
  {
    "value": "718BOX",
    "synonyms": [
      "718 BOXTER",
      "7 18 BOXTER",
      "7 18 BOX TER",
      "7 18 BOXER",
      "718 boxster",
      "7 18 boxster",
      "7 18 boxs ter",
      "boxter 718",
      "boxter 7 18"
    ]
  },
  {
    "value": "718SPY",
    "synonyms": [
      "718 SPYDER",
      "7 18 SPYDER",
      "7 1 8 SPYDER",
      "spyder"
    ]
  },
  {
    "value": "911",
    "synonyms": [
      "911",
      "9 11",
      "9 1 1",
      "nine eleven",
      "nine one one",
      "turbo 911",
      "911 turbo",
      "911 turbo s"
    ]
  },
  {
    "value": "918",
    "synonyms": [
      "918",
      "9 18",
      "nine eighteen",
      "nine one eight",
      "9, 18",
      "918 turbo"
    ]
  },
  {
    "value": "918 Spyder",
    "synonyms": [
      "918 SPYDER",
      "9 18 SPYDER",
      "9 18 SPY DER"
    ]
  },
  {
    "value": "924",
    "synonyms": [
      "924",
      "9 24",
      "9 2 4",
      "nine twenty four",
      "9, 24",
      "924 turbo"
    ]
  },
  {
    "value": "924S",
    "synonyms": [
      "924S",
      "9 24 S",
      "9 2 4 S",
      "nine twenty four s",
      "924 turbo s"
    ]
  },
  {
    "value": "928",
    "synonyms": [
      "928",
      "9 28",
      "9 2 8",
      "nine twenty eight",
      "928 turbo"
    ]
  },
  {
    "value": "928S",
    "synonyms": [
      "928S",
      "9 28 S",
      "9 2 8 S",
      "nine twenty eight S",
      "928 turbo s"
    ]
  },
  {
    "value": "928S4",
    "synonyms": [
      "928S4",
      "9 28 S 4",
      "9 2 8 S 4",
      "nine twenty eight S 4"
    ]
  },
  {
    "value": "944",
    "synonyms": [
      "944",
      "9 44",
      "9 4 4",
      "nine forty four",
      "944 turbo"
    ]
  },
  {
    "value": "944S",
    "synonyms": [
      "944 S",
      "9 44 S",
      "9 4 4 S",
      "nine forty four S"
    ]
  },
  {
    "value": "944 S2",
    "synonyms": [
      "944 S2",
      "9 44 S 2",
      "9 4 4 S 2",
      "nine forty four s 2"
    ]
  },
  {
    "value": "968",
    "synonyms": [
      "968",
      "9 68",
      "9 6 8",
      "nine sixty eight",
      "968 turbo"
    ]
  },
  {
    "value": "BOX",
    "synonyms": [
      "BOXTER",
      "BOXER",
      "BOX TER",
      "boxster",
      "boxter turbo"
    ]
  },
  {
    "value": "CARR",
    "synonyms": [
      "CARRERA GT",
      "CARERA GT",
      "CARRERA",
      "carera",
      "carrera turbo"
    ]
  },
  {
    "value": "CAYEN",
    "synonyms": [
      "CAYENNE",
      "KAYEN",
      "CAIEN",
      "CAYEN",
      "cayan",
      "kayan",
      "kayenne",
      "cayenne turbo"
    ]
  },
  {
    "value": "CAYENH",
    "synonyms": [
      "CAYENNE Hybrid",
      "KAYEN Hybrid",
      "CAIEN Hybrid",
      "CAYEN Hybrid"
    ]
  },
  {
    "value": "CYMN",
    "synonyms": [
      "CAYMAN",
      "KAY MAN",
      "KAYMAN",
      "CAY MAN",
      "KEYMAN",
      "KEY MAN"
    ]
  },
  {
    "value": "MACAN",
    "synonyms": [
      "MACAN",
      "MA CAN",
      "maacan",
      "maccan",
      "macan turbo"
    ]
  },
  {
    "value": "PANA",
    "synonyms": [
      "PANAMERA",
      "PANAMA",
      "PANAME RA",
      "PANAME",
      "panamera turbo"
    ]
  },
  {
    "value": "PANAH",
    "synonyms": [
      "PANAMERA Hybrid",
      "PANAMA Hybrid",
      "PANAME RA Hybrid",
      "PANAME Hybrid"
    ]
  },
  {
    "value": "TAYCAN",
    "synonyms": [
      "TAYCAN",
      "TAY CAN",
      "TOY CAN",
      "TOYCAN",
      "TEYCAN",
      "ticon",
      "tycon",
      "taycon",
      "taycom",
      "tycom",
      "tay con",
      "tay com",
      "ticom",
      "ticomm",
      "taycan turbo"
    ]
  }
]