[
  {
    "id": "810e82f4-bb60-455c-a1fc-2f32936a82af",
    "data": [
      {
        "text": "any",
        "meta": "@sys.any",
        "alias": "any",
        "userDefined": true
      },
      {
        "text": " name .",
        "userDefined": false
      }
    ],
    "isTemplate": false,
    "count": 0,
    "lang": "en",
    "updated": 0
  },
  {
    "id": "c03d8522-63d8-4f1e-87b8-7f130815b3b6",
    "data": [
      {
        "text": "no",
        "meta": "@wordsNo",
        "alias": "wordsNo",
        "userDefined": true
      },
      {
        "text": " i\u0027m ",
        "userDefined": false
      },
      {
        "text": "ben ayed",
        "meta": "@sys.any",
        "alias": "any",
        "userDefined": false
      },
      {
        "text": " .",
        "userDefined": false
      }
    ],
    "isTemplate": false,
    "count": 0,
    "lang": "en",
    "updated": 0
  },
  {
    "id": "a3647b91-9d7f-4f1b-ad2a-458643015ad5",
    "data": [
      {
        "text": "no",
        "meta": "@wordsNo",
        "alias": "wordsNo",
        "userDefined": true
      },
      {
        "text": " i am ",
        "userDefined": false
      },
      {
        "text": "ben ayed",
        "meta": "@sys.any",
        "alias": "any",
        "userDefined": false
      },
      {
        "text": " .",
        "userDefined": false
      }
    ],
    "isTemplate": false,
    "count": 0,
    "lang": "en",
    "updated": 0
  },
  {
    "id": "417216f2-be76-44e0-b877-a6ed147f6a8c",
    "data": [
      {
        "text": "no",
        "meta": "@wordsNo",
        "alias": "wordsNo",
        "userDefined": false
      },
      {
        "text": " ",
        "userDefined": false
      },
      {
        "text": "any",
        "meta": "@sys.any",
        "alias": "any",
        "userDefined": true
      },
      {
        "text": " .",
        "userDefined": false
      }
    ],
    "isTemplate": false,
    "count": 0,
    "lang": "en",
    "updated": 0
  },
  {
    "id": "9378cc94-4b17-4869-81e8-388793451b82",
    "data": [
      {
        "text": "any",
        "meta": "@wordsPre",
        "alias": "wordsPre",
        "userDefined": false
      },
      {
        "text": " ",
        "userDefined": false
      },
      {
        "text": "no",
        "meta": "@wordsNo",
        "alias": "wordsNo",
        "userDefined": false
      },
      {
        "text": " ",
        "userDefined": false
      },
      {
        "text": "any",
        "meta": "@sys.any",
        "alias": "any",
        "userDefined": false
      },
      {
        "text": " .",
        "userDefined": false
      }
    ],
    "isTemplate": false,
    "count": 0,
    "lang": "en",
    "updated": 0
  },
  {
    "id": "9c3e140f-6330-4002-8161-e95fbc76c2fa",
    "data": [
      {
        "text": "no",
        "meta": "@wordsNo",
        "alias": "wordsNo",
        "userDefined": false
      },
      {
        "text": " .",
        "userDefined": false
      }
    ],
    "isTemplate": false,
    "count": 0,
    "lang": "en",
    "updated": 0
  }
]