[
  {
    "value": "carModel",
    "synonyms": [
      "carModel"
    ]
  },
  {
    "value": "Accord",
    "synonyms": [
      "ACCORD",
      "Record",
      "court",
      "awkward",
      "occurred",
      "add cord",
      "a chord"
    ]
  },
  {
    "value": "Accord Hybrid",
    "synonyms": [
      "ACCORD HYBRID",
      "accord hebron",
      "accord hybrids",
      "accord ebird",
      "accord hey bread"
    ]
  },
  {
    "value": "Clarity",
    "synonyms": [
      "CLARITY ELECTRIC",
      "clarity",
      "polarity",
      "clarity lectric",
      "clarity e lectric"
    ]
  },
  {
    "value": "Civic",
    "synonyms": [
      "CIVIC",
      "Scenic"
    ]
  },
  {
    "value": "Civic",
    "synonyms": [
      "CIVIC HYBRID"
    ]
  },
  {
    "value": "Civic",
    "synonyms": [
      "CIVIC NGV",
      "civic angie",
      "civic ngb",
      "civic an givi",
      "civic an tv"
    ]
  },
  {
    "value": "Clarity",
    "synonyms": [
      "CLARITY FUEL CELL",
      "clarity cell",
      "clarity feel so"
    ]
  },
  {
    "value": "Clarity",
    "synonyms": [
      "CLARITY PLUG-IN HYBRID",
      "clarity plug in",
      "Clarity Electric",
      "CLARITY Electric",
      "clarity Electric",
      "clarity"
    ]
  },
  {
    "value": "CR-V",
    "synonyms": [
      "CR-V",
      "c r v",
      "crv",
      "servi",
      "survey",
      "cerave",
      "ceraVe"
    ]
  },
  {
    "value": "CR-V",
    "synonyms": [
      "CR-V HYBRID"
    ]
  },
  {
    "value": "CR-Z",
    "synonyms": [
      "CR-Z",
      "crz",
      "c r z",
      "sears e",
      "seriously"
    ]
  },
  {
    "value": "Crosstour",
    "synonyms": [
      "CROSSTOUR",
      "cross tour"
    ]
  },
  {
    "value": "Element",
    "synonyms": [
      "Element"
    ]
  },
  {
    "value": "Fit",
    "synonyms": [
      "FIT"
    ]
  },
  {
    "value": "HR-V",
    "synonyms": [
      "HR-V",
      "hrv",
      "h r v",
      "hev",
      "hiv",
      "hov"
    ]
  },
  {
    "value": "Insight",
    "synonyms": [
      "INSIGHT",
      "inside",
      "insect"
    ]
  },
  {
    "value": "Odyssey",
    "synonyms": [
      "ODYSSEY"
    ]
  },
  {
    "value": "Passport",
    "synonyms": [
      "PASSPORT",
      "Stockport",
      "that\u0027s worth"
    ]
  },
  {
    "value": "Pilot",
    "synonyms": [
      "PILOT",
      "pilaf",
      "pillot",
      "pilotte",
      "coleto"
    ]
  },
  {
    "value": "Ridgeline",
    "synonyms": [
      "RIDGELINE",
      "ridge line"
    ]
  },
  {
    "value": "S2000",
    "synonyms": [
      "S2000",
      "s 2000"
    ]
  }
]