[
  {
    "value": "status update",
    "synonyms": [
      "status on",
      "what time it is done",
      "Update on service",
      "update on",
      "service update",
      "status update",
      "status of my car",
      "repair update",
      "update on repair",
      "status for",
      "update for"
    ]
  },
  {
    "value": "status update",
    "synonyms": [
      "checking on service",
      "checking on my car",
      "check if car is ready",
      "check on my car",
      "check on car",
      "check car",
      "check if my car is ready",
      "Checking on a car",
      "Checking on a vehicle",
      "checking on my vehicle",
      "check status",
      "check my warranty.",
      "check warranty",
      "check my car",
      "check my vehicle",
      "check my status",
      "check up on",
      "Can I receive my car",
      "can I get my car",
      "can I take my car",
      "Can I receive my car?",
      "can I get my car?",
      "can I take my car?"
    ]
  },
  {
    "value": "status update",
    "synonyms": [
      "car ready",
      "is car ready",
      "is my car ready",
      "what time is my car ready",
      "Is my car ready for pickup",
      "is car ready for pickup",
      "vehicle is ready",
      "my vehicle is ready",
      "is my vehicle ready",
      "if my vehicle is ready",
      "If my car is ready",
      "vehicle ready",
      "carReady",
      "is ready",
      "is ready.",
      "ready to pickup,",
      "ready to pickup?",
      "ready to pickup",
      "ready to pickup.",
      "Pick up car",
      "pick up my car",
      "when can I pick up car?",
      "when can I pick up my car?",
      "what time can I pick up car?",
      "what time can I pick up my car?"
    ]
  },
  {
    "value": "status update",
    "synonyms": [
      "is car done",
      "is my car done",
      "when is my car done"
    ]
  },
  {
    "value": "status update",
    "synonyms": [
      "find out",
      "find out if",
      "find out if there is"
    ]
  },
  {
    "value": "appointment confirmation",
    "synonyms": [
      "Confirm appointment",
      "confirm my appointment",
      "confirm booking",
      "confirm my booking",
      "confirm an appointment."
    ]
  },
  {
    "value": "status update",
    "synonyms": [
      "is done",
      "is finished",
      "is completed",
      "repair is completed",
      "repair is done"
    ]
  }
]