[
  {
    "value": "recall",
    "synonyms": [
      "recall",
      "recalls",
      "safety recall",
      "part recall",
      "parts recall",
      "recall notice",
      "recall reminder notice",
      "recall reminder",
      "notice recall",
      "notices recall",
      "notice of recall",
      "notice recall reminder",
      "safety recall notice",
      "safety recall reminder",
      "Rico",
      "rical",
      "ricol",
      "ricco",
      "re call",
      "recall work",
      "recall service",
      "work on recall",
      "airbag recall"
    ]
  },
  {
    "value": "information on recall",
    "synonyms": [
      "information on recall",
      "information on recalls",
      "recall information",
      "recalls information"
    ]
  },
  {
    "value": "warranty",
    "synonyms": [
      "warranty",
      "warrant"
    ]
  }
]