[
  {
    "id": "843f6e33-3648-4f57-8d9a-066196d15e2d",
    "data": [
      {
        "text": "recall",
        "meta": "@wordsRecall",
        "alias": "wordsRecall",
        "userDefined": false
      },
      {
        "text": " ",
        "userDefined": false
      },
      {
        "text": "any",
        "meta": "@sys.any",
        "alias": "any",
        "userDefined": true
      }
    ],
    "isTemplate": false,
    "count": 0,
    "lang": "en",
    "updated": 0
  },
  {
    "id": "d771acf4-686f-40e2-b6b5-5a177fcdc9a1",
    "data": [
      {
        "text": "any",
        "meta": "@sys.any",
        "alias": "any",
        "userDefined": true
      },
      {
        "text": " ",
        "userDefined": false
      },
      {
        "text": "recall",
        "meta": "@wordsRecall",
        "alias": "wordsRecall",
        "userDefined": false
      }
    ],
    "isTemplate": false,
    "count": 0,
    "lang": "en",
    "updated": 0
  },
  {
    "id": "e2ebf7ee-6136-4149-86ab-36c453e2d644",
    "data": [
      {
        "text": "recall",
        "meta": "@wordsRecall",
        "alias": "wordsRecall",
        "userDefined": false
      }
    ],
    "isTemplate": false,
    "count": 0,
    "lang": "en",
    "updated": 0
  }
]