[
  {
    "id": "0983bee4-e1de-4bc5-868b-871798baa226",
    "data": [
      {
        "text": "i want",
        "meta": "@wordsPre",
        "alias": "wordsPre",
        "userDefined": true
      },
      {
        "text": " ",
        "userDefined": false
      },
      {
        "text": "mileS",
        "meta": "@serviceOptions000",
        "alias": "serviceOptions000",
        "userDefined": true
      },
      {
        "text": " ",
        "userDefined": false
      },
      {
        "text": "any",
        "meta": "@sys.any",
        "alias": "any",
        "userDefined": true
      },
      {
        "text": " .",
        "userDefined": false
      }
    ],
    "isTemplate": false,
    "count": 0,
    "lang": "en",
    "updated": 0
  },
  {
    "id": "89af7cb1-94b1-46c5-9af6-74c5147275b8",
    "data": [
      {
        "text": "mileS",
        "meta": "@serviceOptions000",
        "alias": "serviceOptions000",
        "userDefined": true
      },
      {
        "text": " ",
        "userDefined": false
      },
      {
        "text": "any",
        "meta": "@sys.any",
        "alias": "any",
        "userDefined": true
      },
      {
        "text": " .",
        "userDefined": false
      }
    ],
    "isTemplate": false,
    "count": 0,
    "lang": "en",
    "updated": 0
  },
  {
    "id": "ace4b660-cad2-49ae-be2b-222f299c8d3d",
    "data": [
      {
        "text": "mileS",
        "meta": "@serviceOptions000",
        "alias": "serviceOptions000",
        "userDefined": true
      },
      {
        "text": " .",
        "userDefined": false
      }
    ],
    "isTemplate": false,
    "count": 0,
    "lang": "en",
    "updated": 0
  }
]