[
  {
    "value": "G90",
    "synonyms": [
      "G90",
      "G 90"
    ]
  },
  {
    "value": "G80",
    "synonyms": [
      "G80",
      "G 80"
    ]
  },
  {
    "value": "G80 EV",
    "synonyms": [
      "G80EV",
      "G80 EV",
      "G 80 E V"
    ]
  },
  {
    "value": "G70",
    "synonyms": [
      "G70",
      "G 70"
    ]
  },
  {
    "value": "GV60 EV",
    "synonyms": [
      "GV60EV",
      "GV 60 EV",
      "G V 60 E V"
    ]
  },
  {
    "value": "GV70",
    "synonyms": [
      "GV 70"
    ]
  },
  {
    "value": "GV80",
    "synonyms": [
      "GV80",
      "GV 80"
    ]
  }
]