[
  {
    "id": "24d3f7d1-5577-4e8c-8fb5-f0c65153fd92",
    "data": [
      {
        "text": "any",
        "meta": "@sys.any",
        "alias": "any",
        "userDefined": true
      },
      {
        "text": " call summary ",
        "userDefined": false
      },
      {
        "text": "any",
        "meta": "@sys.any",
        "alias": "any",
        "userDefined": true
      },
      {
        "text": " .",
        "userDefined": false
      }
    ],
    "isTemplate": false,
    "count": 0,
    "lang": "en",
    "updated": 0
  },
  {
    "id": "07402fa3-ac55-4258-aa80-96cf134a4bd0",
    "data": [
      {
        "text": "call summary followed by the pound key.",
        "userDefined": false
      }
    ],
    "isTemplate": false,
    "count": 0,
    "lang": "en",
    "updated": 0
  }
]