[
  {
    "value": "Ascent",
    "synonyms": [
      "Ascent"
    ]
  },
  {
    "value": "B9 Tribeca",
    "synonyms": [
      "B9 Tribeca",
      "B 9  Tribeca"
    ]
  },
  {
    "value": "Baja",
    "synonyms": [
      "Baja"
    ]
  },
  {
    "value": "Brat",
    "synonyms": [
      "Brat"
    ]
  },
  {
    "value": "BRZ",
    "synonyms": [
      "BRZ"
    ]
  },
  {
    "value": "Crosstrek",
    "synonyms": [
      "Crosstrek"
    ]
  },
  {
    "value": "Crosstrek Hybrid",
    "synonyms": [
      "Crosstrek Hybrid"
    ]
  },
  {
    "value": "DL",
    "synonyms": [
      "DL"
    ]
  },
  {
    "value": "Forester",
    "synonyms": [
      "Forester"
    ]
  },
  {
    "value": "GL",
    "synonyms": [
      "GL"
    ]
  },
  {
    "value": "GL Turbo",
    "synonyms": [
      "GL Turbo"
    ]
  },
  {
    "value": "GL-10",
    "synonyms": [
      "GL-10",
      "GL- 1 0 ",
      "GL 10"
    ]
  },
  {
    "value": "GLF",
    "synonyms": [
      "GLF"
    ]
  },
  {
    "value": "Impreza",
    "synonyms": [
      "Impreza"
    ]
  },
  {
    "value": "Impreza Outback",
    "synonyms": [
      "Impreza Outback"
    ]
  },
  {
    "value": "Justy",
    "synonyms": [
      "Justy"
    ]
  },
  {
    "value": "Legacy",
    "synonyms": [
      "Legacy"
    ]
  },
  {
    "value": "Legacy Outback",
    "synonyms": [
      "Legacy Outback"
    ]
  },
  {
    "value": "Loyale",
    "synonyms": [
      "Loyale"
    ]
  },
  {
    "value": "Outback",
    "synonyms": [
      "Outback"
    ]
  },
  {
    "value": "RX",
    "synonyms": [
      "RX"
    ]
  },
  {
    "value": "Solterra",
    "synonyms": [
      "Solterra"
    ]
  },
  {
    "value": "Standard",
    "synonyms": [
      "Standard"
    ]
  },
  {
    "value": "SVX",
    "synonyms": [
      "SVX"
    ]
  },
  {
    "value": "Tribeca",
    "synonyms": [
      "Tribeca"
    ]
  },
  {
    "value": "WRX",
    "synonyms": [
      "WRX"
    ]
  },
  {
    "value": "XT",
    "synonyms": [
      "XT"
    ]
  },
  {
    "value": "XT6",
    "synonyms": [
      "XT6",
      "XT 6 "
    ]
  },
  {
    "value": "XV Crosstrek",
    "synonyms": [
      "XV Crosstrek"
    ]
  },
  {
    "value": "XV Crosstrek Hybrid",
    "synonyms": [
      "XV Crosstrek Hybrid"
    ]
  }
]