[
  {
    "value": "4Runner",
    "synonyms": [
      "4Runner",
      "4 Runner"
    ]
  },
  {
    "value": "86",
    "synonyms": [
      "86"
    ]
  },
  {
    "value": "Avalon",
    "synonyms": [
      "Avalon"
    ]
  },
  {
    "value": "Avalon Hybrid",
    "synonyms": [
      "Avalon Hybrid"
    ]
  },
  {
    "value": "Avanza",
    "synonyms": [
      "Avanza"
    ]
  },
  {
    "value": "bZ4X",
    "synonyms": [
      "bZ4X"
    ]
  },
  {
    "value": "C-HR",
    "synonyms": [
      "C-HR"
    ]
  },
  {
    "value": "Cab \u0026 Chassis",
    "synonyms": [
      "Cab \u0026 Chassis"
    ]
  },
  {
    "value": "Camry",
    "synonyms": [
      "Camry"
    ]
  },
  {
    "value": "Camry CNG",
    "synonyms": [
      "Camry CNG"
    ]
  },
  {
    "value": "Camry Hybrid",
    "synonyms": [
      "Camry Hybrid"
    ]
  },
  {
    "value": "Camry Solara",
    "synonyms": [
      "Camry Solara"
    ]
  },
  {
    "value": "Celica",
    "synonyms": [
      "Celica"
    ]
  },
  {
    "value": "Celica Supra",
    "synonyms": [
      "Celica Supra"
    ]
  },
  {
    "value": "Corolla",
    "synonyms": [
      "Corolla",
      "Korola",
      "korolla",
      "corola"
    ]
  },
  {
    "value": "Corolla Cross",
    "synonyms": [
      "Corolla Cross"
    ]
  },
  {
    "value": "Corolla Hatchback",
    "synonyms": [
      "Corolla Hatchback"
    ]
  },
  {
    "value": "Corolla Hybrid",
    "synonyms": [
      "Corolla Hybrid"
    ]
  },
  {
    "value": "Corolla iM",
    "synonyms": [
      "Corolla iM"
    ]
  },
  {
    "value": "Corolla Matrix",
    "synonyms": [
      "Corolla Matrix"
    ]
  },
  {
    "value": "Corolla Tercel",
    "synonyms": [
      "Corolla Tercel"
    ]
  },
  {
    "value": "Corona",
    "synonyms": [
      "Corona"
    ]
  },
  {
    "value": "Cressida",
    "synonyms": [
      "Cressida",
      "cresida",
      "crezida"
    ]
  },
  {
    "value": "Echo",
    "synonyms": [
      "Echo"
    ]
  },
  {
    "value": "FJ Cruiser",
    "synonyms": [
      "FJ Cruiser"
    ]
  },
  {
    "value": "GR 86",
    "synonyms": [
      "GR 86"
    ]
  },
  {
    "value": "GR86",
    "synonyms": [
      "GR86"
    ]
  },
  {
    "value": "Half Ton",
    "synonyms": [
      "Half Ton"
    ]
  },
  {
    "value": "Hi-Lux",
    "synonyms": [
      "Hi-Lux"
    ]
  },
  {
    "value": "Hiace",
    "synonyms": [
      "Hiace"
    ]
  },
  {
    "value": "Highlander",
    "synonyms": [
      "Highlander"
    ]
  },
  {
    "value": "Highlander Hyb",
    "synonyms": [
      "Highlander Hyb"
    ]
  },
  {
    "value": "Land Cruiser",
    "synonyms": [
      "Land Cruiser"
    ]
  },
  {
    "value": "Matrix",
    "synonyms": [
      "Matrix"
    ]
  },
  {
    "value": "Mirai",
    "synonyms": [
      "Mirai"
    ]
  },
  {
    "value": "MR2",
    "synonyms": [
      "MR2"
    ]
  },
  {
    "value": "One Ton",
    "synonyms": [
      "One Ton"
    ]
  },
  {
    "value": "Paseo",
    "synonyms": [
      "Paseo"
    ]
  },
  {
    "value": "Previa",
    "synonyms": [
      "Previa"
    ]
  },
  {
    "value": "Prius",
    "synonyms": [
      "Prius",
      "pius",
      "pryus",
      "pyus"
    ]
  },
  {
    "value": "Prius c",
    "synonyms": [
      "Prius c"
    ]
  },
  {
    "value": "Prius Plug-in",
    "synonyms": [
      "Prius Plug-in"
    ]
  },
  {
    "value": "Prius Prime",
    "synonyms": [
      "Prius Prime"
    ]
  },
  {
    "value": "Prius v",
    "synonyms": [
      "Prius v"
    ]
  },
  {
    "value": "RAV4",
    "synonyms": [
      "RAV4"
    ]
  },
  {
    "value": "RAV4 EV",
    "synonyms": [
      "RAV4 EV"
    ]
  },
  {
    "value": "RAV4 Hybrid",
    "synonyms": [
      "RAV4 Hybrid"
    ]
  },
  {
    "value": "RAV4 Plug-in Hybrid",
    "synonyms": [
      "RAV4 Plug-in Hybrid"
    ]
  },
  {
    "value": "RAV4 Prime",
    "synonyms": [
      "RAV4 Prime"
    ]
  },
  {
    "value": "Rush",
    "synonyms": [
      "Rush"
    ]
  },
  {
    "value": "Sequoia",
    "synonyms": [
      "Sequoia",
      "sekoia",
      "sakura"
    ]
  },
  {
    "value": "Sequoia HV",
    "synonyms": [
      "Sequoia HV"
    ]
  },
  {
    "value": "Sienna",
    "synonyms": [
      "Sienna",
      "ciena",
      "siena",
      "cienna"
    ]
  },
  {
    "value": "Sienna HV",
    "synonyms": [
      "Sienna HV"
    ]
  },
  {
    "value": "Starlet",
    "synonyms": [
      "Starlet"
    ]
  },
  {
    "value": "Supra",
    "synonyms": [
      "Supra"
    ]
  },
  {
    "value": "T100",
    "synonyms": [
      "T100"
    ]
  },
  {
    "value": "T100 1 Ton",
    "synonyms": [
      "T100 1 Ton"
    ]
  },
  {
    "value": "Tacoma",
    "synonyms": [
      "Tacoma"
    ]
  },
  {
    "value": "Tercel",
    "synonyms": [
      "Tercel"
    ]
  },
  {
    "value": "Tundra",
    "synonyms": [
      "Tundra"
    ]
  },
  {
    "value": "Tundra HV",
    "synonyms": [
      "Tundra HV"
    ]
  },
  {
    "value": "Van",
    "synonyms": [
      "Van"
    ]
  },
  {
    "value": "Venza",
    "synonyms": [
      "Venza"
    ]
  },
  {
    "value": "Yaris",
    "synonyms": [
      "Yaris"
    ]
  },
  {
    "value": "Yaris iA",
    "synonyms": [
      "Yaris iA"
    ]
  }
]