[
  {
    "value": "Scion FR-S",
    "synonyms": [
      "Scion FR-S",
      "FRS"
    ]
  },
  {
    "value": "Scion iA",
    "synonyms": [
      "Scion iA",
      "i A"
    ]
  },
  {
    "value": "Scion iM",
    "synonyms": [
      "Scion iM",
      "i M"
    ]
  },
  {
    "value": "Scion iQ",
    "synonyms": [
      "Scion iQ",
      "i Q"
    ]
  },
  {
    "value": "Scion iQ EV",
    "synonyms": [
      "Scion iQ EV",
      "iQ EV"
    ]
  },
  {
    "value": "Scion tC",
    "synonyms": [
      "Scion tC",
      "t c"
    ]
  },
  {
    "value": "Scion xA",
    "synonyms": [
      "Scion xA",
      "x A"
    ]
  },
  {
    "value": "Scion xB",
    "synonyms": [
      "Scion xB",
      "x B"
    ]
  },
  {
    "value": "Scion xD",
    "synonyms": [
      "Scion xD",
      "x D"
    ]
  }
]