[
  {
    "id": "4015c584-bd9f-4e9e-97b2-900d26fdc95f",
    "data": [
      {
        "text": "any",
        "meta": "@sys.any",
        "alias": "serviceX",
        "userDefined": true
      },
      {
        "text": " ?",
        "userDefined": false
      }
    ],
    "isTemplate": false,
    "count": 0,
    "lang": "en",
    "updated": 0
  },
  {
    "id": "cc44261d-0a59-4bbb-9842-42dde48b9a45",
    "data": [
      {
        "text": "any",
        "meta": "@sys.any",
        "alias": "serviceX",
        "userDefined": true
      },
      {
        "text": " ,",
        "userDefined": false
      }
    ],
    "isTemplate": false,
    "count": 0,
    "lang": "en",
    "updated": 0
  },
  {
    "id": "bf473962-8164-4d4b-9e1d-1397d0ead10d",
    "data": [
      {
        "text": "any",
        "meta": "@sys.any",
        "alias": "serviceX",
        "userDefined": true
      },
      {
        "text": " .",
        "userDefined": false
      }
    ],
    "isTemplate": false,
    "count": 0,
    "lang": "en",
    "updated": 0
  },
  {
    "id": "49a4afa2-6e3c-48d6-aeae-3f96b0234ba9",
    "data": [
      {
        "text": "any",
        "meta": "@sys.any",
        "alias": "serviceX",
        "userDefined": false
      }
    ],
    "isTemplate": false,
    "count": 0,
    "lang": "en",
    "updated": 0
  }
]