[
  {
    "value": "A-Class",
    "synonyms": [
      "A220",
      "A 220",
      "A 2 20",
      "AMG A35",
      "AMG A 35",
      "A 35"
    ]
  },
  {
    "value": "B-CLASS",
    "synonyms": [
      "B CLASS",
      "B250E",
      "B 250 E",
      "B 2 50 E"
    ]
  },
  {
    "value": "AMG GT",
    "synonyms": [
      "AMG GT",
      "GT",
      "AMG GT43",
      "AMG GT 43",
      "GT43",
      "GT 43",
      "AMG GT53",
      "AMG GT 53",
      "GT53",
      "GT 53",
      "AMG GT63",
      "AMG GT 63",
      "GT63",
      "GT 63"
    ]
  },
  {
    "value": "C-Class",
    "synonyms": [
      "C-Class",
      "AMG C43",
      "AMG C 43",
      "C 43",
      "AMG C63",
      "AMG C 63",
      "C 63",
      "C230",
      "C 230",
      "C 2 30",
      "C240",
      "C 240",
      "C 2 40",
      "C250",
      "C 250",
      "C 2 50",
      "C280",
      "C 280",
      "C 2 80",
      "C300",
      "C 300",
      "C 3 hundred",
      "C32 AMG",
      "C 32 AMG",
      "C320",
      "C 320",
      "C 3 20",
      "C350",
      "C 350",
      "C 3 50",
      "C350E",
      "C 350 E",
      "C 3 50 E",
      "C400",
      "C 400",
      "C 4 hundred",
      "C450",
      "C 450",
      "C 4 50",
      "C55 AMG",
      "C 55 AMG",
      "C63 AMG",
      "C 63 AMG",
      "CL500",
      "CL 500",
      "CL 5 hundred",
      "CL55 AMG",
      "CL 55 AMG",
      "CL55",
      "CL 55",
      "CL550",
      "CL 550",
      "CL 5 50",
      "CL600",
      "CL 600",
      "CL 6 hundred",
      "CL63 AMG",
      "CL 63 AMG",
      "CL63",
      "CL 63",
      "CL65 AMG",
      "CL 65 AMG",
      "CL65",
      "CL 65",
      "CLK320",
      "CLK 320",
      "CLK 3 20",
      "CLK350",
      "CLK 350",
      "CLK 3 50",
      "CLK430",
      "CLK 430",
      "CLK 4 30",
      "CLK500",
      "CLK 500",
      "CLK 5 hundred",
      "CLK55 AMG",
      "CLK 55 AMG",
      "CLK55",
      "CLK 55",
      "CLK550",
      "CLK 550",
      "CLK 5 50",
      "CLK63 AMG",
      "CLK 63 AMG",
      "CLK63",
      "CLK 63",
      "CLA-Class\"CLA250",
      "CLA250",
      "CLA 250",
      "CL A 2 50",
      "CLA45 AMG",
      "CLA 45 AMG",
      "CLA45",
      "CLA 45",
      "CL A 45"
    ]
  },
  {
    "value": "CLA-Class",
    "synonyms": [
      "CLA-Class",
      "AMG CLA35",
      "AMG CLA 35",
      "AMG C L A 35",
      "CLA35",
      "CLA 35",
      "CL A 35",
      "AMG CLA45",
      "AMG CLA 45",
      "AMG C L A 45",
      "CLA45",
      "CLA 45",
      "CL A 45"
    ]
  },
  {
    "value": "CLS-Class",
    "synonyms": [
      "CLS-Class",
      "AMG CLS53",
      "AMG CLS 35",
      "AMG C L S 53",
      "CLS53",
      "CLS 53",
      "CL S 53",
      "AMG CLS63",
      "AMG CLS 63",
      "CLS63",
      "CLS 63",
      "CL S 63",
      "CLS400",
      "CLS 400",
      "CLS 4 hundred",
      "CLS450",
      "CLS 450",
      "CLS 4 50",
      "CLS500",
      "CLS 500",
      "CLS 5 hundred",
      "CLS55 AMG",
      "CLS 55 AMG",
      "CLS55",
      "CLS 55",
      "CLS550",
      "CLS 550",
      "CLS 5 50",
      "CLS63 AMG",
      "CLS 63 AMG"
    ]
  },
  {
    "value": "E-Class",
    "synonyms": [
      "E-Class",
      "AMG E43",
      "AMG E 43",
      "E43",
      "E 43",
      "AMG E53",
      "AMG E 53",
      "E53",
      "E 53",
      "AMG E63",
      "AMG E 63",
      "E63",
      "E 63",
      "AMG EQS",
      "EQS",
      "E Q S",
      "AMG EQS53",
      "AMG EQS 53",
      "EQS53",
      "EQS 53",
      "E250",
      "E 250",
      "E 2 50",
      "E300",
      "E 300",
      "E 3 hundred",
      "E320",
      "E 320",
      "E 3 20",
      "E350",
      "E 350",
      "E 3 50",
      "E350E",
      "E 350E",
      "E 350 E",
      "E 3 50 E",
      "E400",
      "E 400",
      "E 4 hundred",
      "E400 HYBRID",
      "E 400 HYBRID",
      "E 4 hundred HYBRID",
      "E430",
      "E 430",
      "E 4 30",
      "E450",
      "E 450",
      "E 4 50",
      "E500",
      "E 500",
      "E 5 hundred",
      "E55 AMG",
      "E 55 AMG",
      "E55",
      "E 55",
      "E550",
      "E 550",
      "E 5 50",
      "E63 AMG",
      "E 63 AMG",
      "EQB300",
      "EQB 300",
      "EQB 3 hundred",
      "EQB350",
      "EQB 350",
      "EQB 3 50",
      "EQE350",
      "EQE 350",
      "EQE 3 50",
      "EQS450",
      "EQS 450",
      "EQS 4 50",
      "EQS580",
      "EQS 580",
      "EQS 5 80"
    ]
  },
  {
    "value": "G-Class",
    "synonyms": [
      "G-Class",
      "AMG G63",
      "AMG G 63",
      "G63",
      "G 63",
      "AMG G65",
      "AMG G 65",
      "G65",
      "G 65",
      "AMG GL63",
      "AMG GL 63",
      "GL63",
      "GL 63",
      "AMG GLA35",
      "AMG GLA 35",
      "AMG G L A 35",
      "GLA35",
      "GLA 35",
      "GL A 35",
      "AMG GLA45",
      "AMG GLA 45",
      "AMG G L A 45",
      "GLA45",
      "GLA 45",
      "GL A 45",
      "AMG GLB35",
      "AMG GLB 35",
      "AMG G L B 35",
      "GLB35",
      "GLB 35",
      "GL B 35",
      "AMG GLC43",
      "AMG GLC 43",
      "AMG G L C 43",
      "GLC43",
      "GLC 43",
      "GL C 43",
      "AMG GLC63",
      "AMG GLC 63",
      "AMG G L C 63",
      "GLC63",
      "GLC 63",
      "GL C 63",
      "AMG GLE43",
      "AMG GLE 43",
      "AMG G L E 43",
      "GLE43",
      "GLE 43",
      "GL E 43",
      "AMG GLE450",
      "AMG GLE 450",
      "AMG G L E 450",
      "AMG G L E 4 50",
      "GLE450",
      "GLE 450",
      "GL E 450",
      "GL E 4 50",
      "AMG GLE53",
      "AMG GLE 53",
      "AMG G L E 53",
      "GLE53",
      "GLE 53",
      "GL E 53",
      "AMG GLE63",
      "AMG GLE 63",
      "AMG G L E 63",
      "GLE63",
      "GLE 63",
      "GL E 63",
      "AMG GLS63",
      "AMG GLS 63",
      "AMG G L S 63",
      "GLS63",
      "GLS 63",
      "GL S 63",
      "G500",
      "G 500",
      "G 5 hundred",
      "G55 AMG",
      "G 55 AMG",
      "G55",
      "G 55",
      "G550",
      "G 550",
      "G 5 50",
      "G63 AMG",
      "G 63 AMG",
      "GL320",
      "GL 320",
      "GL 3 20",
      "GL350",
      "GL 350",
      "GL 3 50",
      "GL450",
      "GL 450",
      "GL 4 50",
      "GL550",
      "GL 550",
      "GL 5 50",
      "GL63 AMG",
      "GL 63 AMG",
      "GLA250",
      "GLA 250",
      "GLA 2 50",
      "GLA45 AMG",
      "GLA 45 AMG",
      "GLB250",
      "GLB 250",
      "GLB 2 50",
      "GLC300",
      "GLC 300",
      "GLC 3 hundred",
      "GLC350E",
      "GLC 350 E",
      "GLC 3 50 E",
      "GLE300D",
      "GLE 300 D",
      "GL E 300 D",
      "GLE350",
      "GLE 350",
      "GLE 3 50",
      "GLE350E",
      "GLE 350 E",
      "GLE 3 50 E",
      "GLE400",
      "GLE 400",
      "GLE 4 hundred",
      "GLE 4 50",
      "GLE550E",
      "GLE 550 E",
      "GLE 5 50 E",
      "GLE580",
      "GLE 580 E",
      "GLE 5 80 E",
      "GLK250",
      "GLK 250",
      "GLK350",
      "GLK 350",
      "GLS350D",
      "GLS 350 D",
      "GLS 3 50 D",
      "GLS450",
      "GLS 450",
      "GLS 4 50",
      "GLS550",
      "GLS 550",
      "GLS 5 50",
      "GLS580",
      "GLS 580",
      "GLS 5 80"
    ]
  },
  {
    "value": "S-Class",
    "synonyms": [
      "S-Class",
      "AMG S63",
      "AMG S 63",
      "S63",
      "S 63",
      "AMG S65",
      "AMG S 65",
      "S65",
      "S 65",
      "S350",
      "S 350",
      "S 3 50",
      "S400",
      "S 400",
      "S430",
      "S 430",
      "S 4 30",
      "S450",
      "S 450",
      "S 4 50",
      "S55 AMG",
      "S 55 AMG",
      "S55",
      "S550",
      "S 550",
      "S 5 50",
      "S550 HYBRID",
      "S 550 HYBRID",
      "S 5 50 HYBRID",
      "S550E",
      "S 550E",
      "S550 E",
      "S 5 50 E",
      "S560",
      "S 560",
      "S 5 60",
      "S560E",
      "S 560E",
      "S 5 60 E",
      "S580",
      "S 580",
      "S 5 80",
      "S600",
      "S 600",
      "S63 AMG",
      "S 63 AMG",
      "S65 AMG",
      "S 65 AMG"
    ]
  },
  {
    "value": "SLK",
    "synonyms": [
      "SLK,\"AMG SLK55",
      "AMG SLK 55",
      "SLK55",
      "SLK 55"
    ]
  },
  {
    "value": "S500",
    "synonyms": [
      "S500",
      "S 500"
    ]
  },
  {
    "value": "SL-Class",
    "synonyms": [
      "SL-Class",
      "SL400",
      "SL 400",
      "SL450",
      "SL 450",
      "SL 4 50",
      "SL500",
      "SL 500",
      "SL55 AMG",
      "SL 55 AMG",
      "SL55",
      "SL550",
      "SL 550",
      "SL 5 50",
      "SL600",
      "SL 600",
      "SL63 AMG",
      "SL 63 AMG",
      "SL 63",
      "SL65 AMG",
      "SL 65 AMG",
      "SL 65",
      "AMG SL55",
      "AMG SL 55",
      "SL 55",
      "AMG SL63",
      "AMG SL 63",
      "SL63",
      "AMG SL65",
      "AMG SL 65",
      "SL65"
    ]
  },
  {
    "value": "SLC-Class",
    "synonyms": [
      "SLC-Class",
      "SLC300",
      "SLC 300",
      "AMG SLC43",
      "AMG SLC 43",
      "SLC43",
      "SLC 43"
    ]
  },
  {
    "value": "MAYBACH GLS600",
    "synonyms": [
      "MAYBACH GLS600",
      "MAYBACH GLS 600",
      "GLS600",
      "GLS 600",
      "MAYBACH S550",
      "MAYBACH GLS 550",
      "GLS550",
      "GLS 550",
      "GLS 5 50",
      "MAYBACH S560",
      "MAYBACH GLS 560",
      "GLS560",
      "GLS 560",
      "GLS 5 60",
      "MAYBACH S580",
      "MAYBACH GLS 580",
      "GLS580",
      "GLS 580",
      "GLS 5 80",
      "MAYBACH S600",
      "MAYBACH S 600",
      "S600",
      "S 600",
      "MAYBACH S650",
      "MAYBACH S 650",
      "S650",
      "S 650",
      "S 6 50",
      "MAYBACH S680",
      "MAYBACH S 680",
      "S680",
      "S 680",
      "S 5 80"
    ]
  },
  {
    "value": "M-Class",
    "synonyms": [
      "M-Class\",ML250",
      "ML250",
      "ML 250",
      "ML 2 50",
      "ML320",
      "ML 320",
      "ML 3 20",
      "ML350",
      "ML 350",
      "ML 3 50",
      "ML400",
      "ML 400",
      "ML430",
      "ML 430",
      "ML 4 30",
      "ML450",
      "ML 450",
      "ML 4 50",
      "ML500",
      "ML 500",
      "ML55 AMG",
      "ML 55 AMG",
      "ML 55",
      "ML550",
      "ML 550",
      "ML 5 50",
      "ML63 AMG",
      "ML 63 AMG",
      "ML63"
    ]
  },
  {
    "value": "R-Class",
    "synonyms": [
      "R-Class",
      "R320",
      "R 320",
      "R 3 20",
      "R350",
      "R 350",
      "R 3 50",
      "R500",
      "R 500",
      "R63 AMG",
      "R 63 AMG",
      "R63"
    ]
  },
  {
    "value": "SLK",
    "synonyms": [
      "SLK230",
      "SLK 230",
      "SLK 2 30",
      "SLK250",
      "SLK 250",
      "SLK 2 50",
      "SLK280",
      "SLK 280",
      "SLK 2 80",
      "SLK300",
      "SLK 300",
      "SLK32 AMG",
      "SLK 32 AMG",
      "SLK 32",
      "SLK320",
      "SLK 320",
      "SLK 3 20",
      "SLK350",
      "SLK 350",
      "SLK 3 50",
      "SLK55 AMG",
      "SLK 55 AMG",
      "SLK55"
    ]
  },
  {
    "value": "SLR",
    "synonyms": [
      "SLR",
      "S L R"
    ]
  },
  {
    "value": "SLS",
    "synonyms": [
      "SLS AMG",
      "S L S AMG",
      "SLS",
      "S L S"
    ]
  }
]