[
  {
    "id": "15f88270-b583-461f-888e-407110739643",
    "data": [
      {
        "text": "no",
        "userDefined": false
      },
      {
        "text": ".",
        "userDefined": false
      }
    ],
    "isTemplate": false,
    "count": 0,
    "lang": "en",
    "updated": 0
  },
  {
    "id": "3870d908-c62a-4709-b9ad-35d4582b4789",
    "data": [
      {
        "text": "no",
        "meta": "@wordsNo",
        "alias": "wordsNo",
        "userDefined": false
      }
    ],
    "isTemplate": false,
    "count": 1,
    "lang": "en",
    "updated": 0
  },
  {
    "id": "bec0137a-4568-4a98-acf8-017eff2c4a3b",
    "data": [
      {
        "text": "no",
        "meta": "@wordsNo",
        "alias": "wordsNo",
        "userDefined": false
      },
      {
        "text": ", ",
        "userDefined": false
      },
      {
        "text": "any",
        "meta": "@sys.any",
        "alias": "any",
        "userDefined": true
      }
    ],
    "isTemplate": false,
    "count": 0,
    "lang": "en",
    "updated": 0
  },
  {
    "id": "3f554f3c-6d17-4960-b62a-0dafe1be7c37",
    "data": [
      {
        "text": "no",
        "meta": "@wordsNo",
        "alias": "wordsNo",
        "userDefined": false
      },
      {
        "text": ", ",
        "userDefined": false
      },
      {
        "text": "any",
        "meta": "@sys.any",
        "alias": "any",
        "userDefined": true
      },
      {
        "text": " .",
        "userDefined": false
      }
    ],
    "isTemplate": false,
    "count": 0,
    "lang": "en",
    "updated": 0
  },
  {
    "id": "26990638-40f3-4955-a5a8-7c341c9e0b08",
    "data": [
      {
        "text": "no",
        "meta": "@wordsNo",
        "alias": "wordsNo",
        "userDefined": false
      },
      {
        "text": " ",
        "userDefined": false
      },
      {
        "text": "any",
        "meta": "@sys.any",
        "alias": "any",
        "userDefined": true
      }
    ],
    "isTemplate": false,
    "count": 0,
    "lang": "en",
    "updated": 0
  },
  {
    "id": "b6e2862d-444d-42ae-87da-751834781c68",
    "data": [
      {
        "text": "no",
        "meta": "@wordsNo",
        "alias": "wordsNo",
        "userDefined": false
      },
      {
        "text": " ",
        "userDefined": false
      },
      {
        "text": "any",
        "meta": "@sys.any",
        "alias": "any",
        "userDefined": true
      },
      {
        "text": " .",
        "userDefined": false
      }
    ],
    "isTemplate": false,
    "count": 0,
    "lang": "en",
    "updated": 0
  },
  {
    "id": "1010872f-3020-4b88-b3b7-1dfdcfb283f0",
    "data": [
      {
        "text": "other ",
        "userDefined": false
      },
      {
        "text": "any",
        "meta": "@sys.any",
        "alias": "any",
        "userDefined": true
      },
      {
        "text": " .",
        "userDefined": false
      }
    ],
    "isTemplate": false,
    "count": 0,
    "lang": "en",
    "updated": 0
  },
  {
    "id": "def56b21-7b41-4c05-834c-30fdd43704d8",
    "data": [
      {
        "text": "other",
        "userDefined": false
      }
    ],
    "isTemplate": false,
    "count": 0,
    "lang": "en",
    "updated": 0
  },
  {
    "id": "3d061510-0e04-4d8f-843e-3bbf45010726",
    "data": [
      {
        "text": "different",
        "userDefined": false
      }
    ],
    "isTemplate": false,
    "count": 0,
    "lang": "en",
    "updated": 0
  },
  {
    "id": "77472a80-f246-4a84-b6f9-807c8450a4ed",
    "data": [
      {
        "text": "A different vehicle.",
        "userDefined": false
      }
    ],
    "isTemplate": false,
    "count": 0,
    "lang": "en",
    "updated": 0
  }
]