[
  {
    "value": "Cherokee",
    "synonyms": [
      "Cherokee"
    ]
  },
  {
    "value": "Commander",
    "synonyms": [
      "Commander"
    ]
  },
  {
    "value": "Compass",
    "synonyms": [
      "Compass"
    ]
  },
  {
    "value": "Gladiator",
    "synonyms": [
      "Gladiator"
    ]
  },
  {
    "value": "Gladiator Diesel",
    "synonyms": [
      "Gladiator Diesel"
    ]
  },
  {
    "value": "Grand Cherokee",
    "synonyms": [
      "Grand Cherokee"
    ]
  },
  {
    "value": "Grand Cherokee Diesel",
    "synonyms": [
      "Grand Cherokee Diesel"
    ]
  },
  {
    "value": "Grand Cherokee SRT",
    "synonyms": [
      "Grand Cherokee SRT"
    ]
  },
  {
    "value": "Grand Cherokee Trackhawk",
    "synonyms": [
      "Grand Cherokee Trackhawk"
    ]
  },
  {
    "value": "Grand Wagoneer",
    "synonyms": [
      "Grand Wagoneer"
    ]
  },
  {
    "value": "Liberty",
    "synonyms": [
      "Liberty"
    ]
  },
  {
    "value": "Liberty Diesel",
    "synonyms": [
      "Liberty Diesel"
    ]
  },
  {
    "value": "Patriot",
    "synonyms": [
      "Patriot"
    ]
  },
  {
    "value": "Patriot",
    "synonyms": [
      "Patriot"
    ]
  },
  {
    "value": "Renegade",
    "synonyms": [
      "Renegade"
    ]
  },
  {
    "value": "Wagoneer",
    "synonyms": [
      "Wagoneer"
    ]
  },
  {
    "value": "Wrangler",
    "synonyms": [
      "Wrangler"
    ]
  },
  {
    "value": "Wrangler",
    "synonyms": [
      "Wrangler 4xe"
    ]
  },
  {
    "value": "Wrangler Rubicon 392",
    "synonyms": [
      "Wrangler Rubicon 392",
      "Wrangler Rubicon",
      "rubicon"
    ]
  },
  {
    "value": "Wrangler Unlimited",
    "synonyms": [
      "Wrangler Unlimited"
    ]
  },
  {
    "value": "Wrangler Unlimited Diesel",
    "synonyms": [
      "Wrangler Unlimited Diesel"
    ]
  },
  {
    "value": "Wrangler Unlimited SRT",
    "synonyms": [
      "Wrangler Unlimited SRT"
    ]
  }
]