[
  {
    "value": "Avenger",
    "synonyms": [
      "Avenger"
    ]
  },
  {
    "value": "Caliber",
    "synonyms": [
      "Caliber"
    ]
  },
  {
    "value": "Caravan",
    "synonyms": [
      "Caravan"
    ]
  },
  {
    "value": "Challenger",
    "synonyms": [
      "Challenger"
    ]
  },
  {
    "value": "Challenger GT",
    "synonyms": [
      "Challenger GT"
    ]
  },
  {
    "value": "Challenger RT",
    "synonyms": [
      "Challenger RT"
    ]
  },
  {
    "value": "Challenger SCAT Pack",
    "synonyms": [
      "Challenger SCAT Pack",
      "Challenger SCAT"
    ]
  },
  {
    "value": "Challenger SRT",
    "synonyms": [
      "Challenger SRT"
    ]
  },
  {
    "value": "Challenger SRT Demon",
    "synonyms": [
      "Challenger SRT Demon"
    ]
  },
  {
    "value": "Challenger SRT Hellcat",
    "synonyms": [
      "Challenger SRT Hellcat"
    ]
  },
  {
    "value": "Challenger SRT Hellcat Redeye",
    "synonyms": [
      "Challenger SRT Hellcat Redeye",
      "Challenger Redeye",
      "Challenger SRT Hellcat",
      "Challenger Hellcat"
    ]
  },
  {
    "value": "Challenger SXT",
    "synonyms": [
      "Challenger SXT"
    ]
  },
  {
    "value": "Charger",
    "synonyms": [
      "Charger"
    ]
  },
  {
    "value": "Charger Police",
    "synonyms": [
      "Charger Police"
    ]
  },
  {
    "value": "Charger RT",
    "synonyms": [
      "Charger RT"
    ]
  },
  {
    "value": "Charger RT Scat Pack",
    "synonyms": [
      "Charger Scat Pack",
      "Charger Scat"
    ]
  },
  {
    "value": "Charger SRT",
    "synonyms": [
      "Charger SRT"
    ]
  },
  {
    "value": "Charger SRT Hellcat",
    "synonyms": [
      "Charger SRT Hellcat"
    ]
  },
  {
    "value": "Charger SXT",
    "synonyms": [
      "Charger SXT"
    ]
  },
  {
    "value": "Charger Scat Pack",
    "synonyms": [
      "Charger Scat Pack"
    ]
  },
  {
    "value": "Dakota",
    "synonyms": [
      "Dakota"
    ]
  },
  {
    "value": "Dart",
    "synonyms": [
      "Dart"
    ]
  },
  {
    "value": "Durango",
    "synonyms": [
      "Durango"
    ]
  },
  {
    "value": "Durango Hybrid",
    "synonyms": [
      "Durango Hybrid"
    ]
  },
  {
    "value": "Durango SRT",
    "synonyms": [
      "Durango SRT"
    ]
  },
  {
    "value": "Grand Caravan",
    "synonyms": [
      "Grand Caravan"
    ]
  },
  {
    "value": "Intrepid",
    "synonyms": [
      "Intrepid"
    ]
  },
  {
    "value": "Journey",
    "synonyms": [
      "Journey"
    ]
  },
  {
    "value": "Magnum",
    "synonyms": [
      "Magnum"
    ]
  },
  {
    "value": "Magnum Police",
    "synonyms": [
      "Magnum Police"
    ]
  },
  {
    "value": "Magnum SRT",
    "synonyms": [
      "Magnum SRT"
    ]
  },
  {
    "value": "Neon",
    "synonyms": [
      "Neon"
    ]
  },
  {
    "value": "Neon SRT-4",
    "synonyms": [
      "Neon SRT-4"
    ]
  },
  {
    "value": "Nitro",
    "synonyms": [
      "Nitro"
    ]
  },
  {
    "value": "SRT Viper",
    "synonyms": [
      "SRT Viper"
    ]
  },
  {
    "value": "SX 2.0",
    "synonyms": [
      "SX 2.0",
      "SX",
      "SX 2"
    ]
  },
  {
    "value": "Sprinter",
    "synonyms": [
      "Sprinter"
    ]
  },
  {
    "value": "Sprinter Cab Chassis Diesel",
    "synonyms": [
      "Sprinter Cab Chassis Diesel",
      "Sprinter Cab"
    ]
  },
  {
    "value": "Sprinter Cargo",
    "synonyms": [
      "Sprinter Cargo"
    ]
  },
  {
    "value": "Sprinter Diesel",
    "synonyms": [
      "Sprinter Diesel"
    ]
  },
  {
    "value": "Sprinter Passenger",
    "synonyms": [
      "Sprinter Passenger"
    ]
  },
  {
    "value": "Sprinter Passenger Diesel",
    "synonyms": [
      "Sprinter Passenger Diesel"
    ]
  },
  {
    "value": "Stratus",
    "synonyms": [
      "Stratus"
    ]
  },
  {
    "value": "Stratus Coupe",
    "synonyms": [
      "Stratus Coupe"
    ]
  },
  {
    "value": "Stratus Flex Fuel",
    "synonyms": [
      "Stratus Flex",
      "Stratus Flex Fuel"
    ]
  },
  {
    "value": "Viper",
    "synonyms": [
      "Viper"
    ]
  },
  {
    "value": "Viper SRT",
    "synonyms": [
      "Viper SRT"
    ]
  }
]