[
  {
    "value": "carModel",
    "synonyms": [
      "carModel"
    ]
  },
  {
    "value": "200",
    "synonyms": [
      "200 2.4 L",
      "200",
      "2 0 0",
      "to 100",
      "to hundred",
      "two 100",
      "two hundred"
    ]
  },
  {
    "value": "200 Convertible",
    "synonyms": [
      "200 Convertible",
      "to 100 convertible",
      "two 100 convertible",
      "two hundred convertible"
    ]
  },
  {
    "value": "300",
    "synonyms": [
      "300",
      "3 0 0",
      "tree 100",
      "tree hundred",
      "free hundred",
      "free 100"
    ]
  },
  {
    "value": "300 SRT",
    "synonyms": [
      "3 0 0 S R T",
      "3 00 SRT",
      "3 0 0 SRT"
    ]
  },
  {
    "value": "300C",
    "synonyms": [
      "300C",
      "300 C",
      "3 0 0 C"
    ]
  },
  {
    "value": "300M",
    "synonyms": [
      "300M",
      "300 M",
      "3 0 0 M"
    ]
  },
  {
    "value": "Aspen",
    "synonyms": [
      "Aspen"
    ]
  },
  {
    "value": "Aspen Hybrid",
    "synonyms": [
      "Aspen Hybrid"
    ]
  },
  {
    "value": "Concorde",
    "synonyms": [
      "Concorde"
    ]
  },
  {
    "value": "Crossfire",
    "synonyms": [
      "Crossfire",
      "Cross fire"
    ]
  },
  {
    "value": "Crossfire SRT-6",
    "synonyms": [
      "Cross fire S R T 6",
      "Cross fire srt"
    ]
  },
  {
    "value": "Grand Caravan",
    "synonyms": [
      "Grand Caravan"
    ]
  },
  {
    "value": "Intrepid",
    "synonyms": [
      "Intrepid"
    ]
  },
  {
    "value": "LHS",
    "synonyms": [
      "LHS",
      "L H S"
    ]
  },
  {
    "value": "Neon",
    "synonyms": [
      "Neon"
    ]
  },
  {
    "value": "PT Cruiser",
    "synonyms": [
      "PT Cruiser"
    ]
  },
  {
    "value": "PT Cruiser Classic",
    "synonyms": [
      "PT Cruiser Classic"
    ]
  },
  {
    "value": "Pacifica",
    "synonyms": [
      "Pacifica"
    ]
  },
  {
    "value": "Prowler",
    "synonyms": [
      "Prowler"
    ]
  },
  {
    "value": "Sebring",
    "synonyms": [
      "Sebring"
    ]
  },
  {
    "value": "Sebring Convertible",
    "synonyms": [
      "Sebring convertible"
    ]
  },
  {
    "value": "Sebring Coupe",
    "synonyms": [
      "Sebring Coupe"
    ]
  },
  {
    "value": "Sebring Cpe",
    "synonyms": [
      "Sebring Cpe"
    ]
  },
  {
    "value": "Town \u0026 Country",
    "synonyms": [
      "Town \u0026 Country",
      "Town Country"
    ]
  },
  {
    "value": "Town \u0026 Country LWB",
    "synonyms": [
      "Town \u0026 Country LWB"
    ]
  },
  {
    "value": "Voyager",
    "synonyms": [
      "Voyager"
    ]
  },
  {
    "value": "Avenger",
    "synonyms": [
      "Avenger"
    ]
  },
  {
    "value": "Caliber",
    "synonyms": [
      "Caliber"
    ]
  },
  {
    "value": "Caravan",
    "synonyms": [
      "Caravan"
    ]
  },
  {
    "value": "Challenger",
    "synonyms": [
      "Challenger"
    ]
  },
  {
    "value": "Challenger GT",
    "synonyms": [
      "Challenger GT"
    ]
  },
  {
    "value": "Challenger RT",
    "synonyms": [
      "Challenger RT"
    ]
  },
  {
    "value": "Challenger SCAT Pack",
    "synonyms": [
      "Challenger SCAT Pack",
      "Challenger SCAT"
    ]
  },
  {
    "value": "Challenger SRT",
    "synonyms": [
      "Challenger SRT"
    ]
  },
  {
    "value": "Challenger SRT Demon",
    "synonyms": [
      "Challenger SRT Demon"
    ]
  },
  {
    "value": "Challenger SRT Hellcat",
    "synonyms": [
      "Challenger SRT Hellcat"
    ]
  },
  {
    "value": "Challenger SRT Hellcat Redeye",
    "synonyms": [
      "Challenger SRT Hellcat Redeye",
      "Challenger Redeye",
      "Challenger SRT Hellcat",
      "Challenger Hellcat"
    ]
  },
  {
    "value": "Challenger SXT",
    "synonyms": [
      "Challenger SXT"
    ]
  },
  {
    "value": "Charger",
    "synonyms": [
      "Charger"
    ]
  },
  {
    "value": "Charger Police",
    "synonyms": [
      "Charger Police"
    ]
  },
  {
    "value": "Charger RT",
    "synonyms": [
      "Charger RT"
    ]
  },
  {
    "value": "Charger RT Scat Pack",
    "synonyms": [
      "Charger Scat Pack",
      "Charger Scat"
    ]
  },
  {
    "value": "Charger SRT",
    "synonyms": [
      "Charger SRT"
    ]
  },
  {
    "value": "Charger SRT Hellcat",
    "synonyms": [
      "Charger SRT Hellcat"
    ]
  },
  {
    "value": "Charger SXT",
    "synonyms": [
      "Charger SXT"
    ]
  },
  {
    "value": "Charger Scat Pack",
    "synonyms": [
      "Charger Scat Pack"
    ]
  },
  {
    "value": "Dakota",
    "synonyms": [
      "Dakota"
    ]
  },
  {
    "value": "Dart",
    "synonyms": [
      "Dart"
    ]
  },
  {
    "value": "Durango",
    "synonyms": [
      "Durango"
    ]
  },
  {
    "value": "Durango Hybrid",
    "synonyms": [
      "Durango Hybrid"
    ]
  },
  {
    "value": "Durango SRT",
    "synonyms": [
      "Durango SRT"
    ]
  },
  {
    "value": "Grand Caravan",
    "synonyms": [
      "Grand Caravan"
    ]
  },
  {
    "value": "Intrepid",
    "synonyms": [
      "Intrepid"
    ]
  },
  {
    "value": "Journey",
    "synonyms": [
      "Journey"
    ]
  },
  {
    "value": "Magnum",
    "synonyms": [
      "Magnum"
    ]
  },
  {
    "value": "Magnum Police",
    "synonyms": [
      "Magnum Police"
    ]
  },
  {
    "value": "Magnum SRT",
    "synonyms": [
      "Magnum SRT"
    ]
  },
  {
    "value": "Neon",
    "synonyms": [
      "Neon"
    ]
  },
  {
    "value": "Neon SRT-4",
    "synonyms": [
      "Neon SRT-4"
    ]
  },
  {
    "value": "Nitro",
    "synonyms": [
      "Nitro"
    ]
  },
  {
    "value": "SRT Viper",
    "synonyms": [
      "SRT Viper"
    ]
  },
  {
    "value": "SX 2.0",
    "synonyms": [
      "SX 2.0",
      "SX",
      "SX 2"
    ]
  },
  {
    "value": "Sprinter",
    "synonyms": [
      "Sprinter"
    ]
  },
  {
    "value": "Sprinter Cab Chassis Diesel",
    "synonyms": [
      "Sprinter Cab Chassis Diesel",
      "Sprinter Cab"
    ]
  },
  {
    "value": "Sprinter Cargo",
    "synonyms": [
      "Sprinter Cargo"
    ]
  },
  {
    "value": "Sprinter Diesel",
    "synonyms": [
      "Sprinter Diesel"
    ]
  },
  {
    "value": "Sprinter Passenger",
    "synonyms": [
      "Sprinter Passenger"
    ]
  },
  {
    "value": "Sprinter Passenger Diesel",
    "synonyms": [
      "Sprinter Passenger Diesel"
    ]
  },
  {
    "value": "Stratus",
    "synonyms": [
      "Stratus"
    ]
  },
  {
    "value": "Stratus Coupe",
    "synonyms": [
      "Stratus Coupe"
    ]
  },
  {
    "value": "Stratus Flex Fuel",
    "synonyms": [
      "Stratus Flex",
      "Stratus Flex Fuel"
    ]
  },
  {
    "value": "Viper",
    "synonyms": [
      "Viper"
    ]
  },
  {
    "value": "Viper SRT",
    "synonyms": [
      "Viper SRT"
    ]
  },
  {
    "value": "Cherokee",
    "synonyms": [
      "Cherokee"
    ]
  },
  {
    "value": "Commander",
    "synonyms": [
      "Commander"
    ]
  },
  {
    "value": "Compass",
    "synonyms": [
      "Compass"
    ]
  },
  {
    "value": "Gladiator",
    "synonyms": [
      "Gladiator"
    ]
  },
  {
    "value": "Gladiator Diesel",
    "synonyms": [
      "Gladiator Diesel"
    ]
  },
  {
    "value": "Grand Cherokee",
    "synonyms": [
      "Grand Cherokee"
    ]
  },
  {
    "value": "Grand Cherokee Diesel",
    "synonyms": [
      "Grand Cherokee Diesel"
    ]
  },
  {
    "value": "Grand Cherokee SRT",
    "synonyms": [
      "Grand Cherokee SRT"
    ]
  },
  {
    "value": "Grand Cherokee Trackhawk",
    "synonyms": [
      "Grand Cherokee Trackhawk"
    ]
  },
  {
    "value": "Grand Wagoneer",
    "synonyms": [
      "Grand Wagoneer"
    ]
  },
  {
    "value": "Liberty",
    "synonyms": [
      "Liberty"
    ]
  },
  {
    "value": "Liberty Diesel",
    "synonyms": [
      "Liberty Diesel"
    ]
  },
  {
    "value": "Patriot",
    "synonyms": [
      "Patriot"
    ]
  },
  {
    "value": "Patriot",
    "synonyms": [
      "Patriot"
    ]
  },
  {
    "value": "Renegade",
    "synonyms": [
      "Renegade"
    ]
  },
  {
    "value": "Wagoneer",
    "synonyms": [
      "Wagoneer"
    ]
  },
  {
    "value": "Wrangler",
    "synonyms": [
      "Wrangler"
    ]
  },
  {
    "value": "Wrangler 4xe",
    "synonyms": [
      "Wrangler 4xe"
    ]
  },
  {
    "value": "Wrangler Rubicon 392",
    "synonyms": [
      "Wrangler Rubicon 392",
      "Wrangler Rubicon",
      "rubicon"
    ]
  },
  {
    "value": "Wrangler Unlimited",
    "synonyms": [
      "Wrangler Unlimited"
    ]
  },
  {
    "value": "Wrangler Unlimited Diesel",
    "synonyms": [
      "Wrangler Unlimited Diesel"
    ]
  },
  {
    "value": "Wrangler Unlimited SRT",
    "synonyms": [
      "Wrangler Unlimited SRT"
    ]
  },
  {
    "value": "1500",
    "synonyms": [
      "1500",
      "15 hundred",
      "limited"
    ]
  },
  {
    "value": "1500 Classic",
    "synonyms": [
      "1500 Classic"
    ]
  },
  {
    "value": "1500 Diesel",
    "synonyms": [
      "1500 Diesel"
    ]
  },
  {
    "value": "1500 TRX",
    "synonyms": [
      "1500 TRX"
    ]
  },
  {
    "value": "2500",
    "synonyms": [
      "2500"
    ]
  },
  {
    "value": "2500 Chassis Cab",
    "synonyms": [
      "2500 Chassis Cab"
    ]
  },
  {
    "value": "3500",
    "synonyms": [
      "3500"
    ]
  },
  {
    "value": "3500 Chassis Cab",
    "synonyms": [
      "3500 Chassis Cab"
    ]
  },
  {
    "value": "4000 Chassis Cab",
    "synonyms": [
      "4000",
      "4000 Chassis Cab"
    ]
  },
  {
    "value": "4500 Chassis Cab",
    "synonyms": [
      "4500 Chassis Cab",
      "4500"
    ]
  },
  {
    "value": "5500 Chassis Cab",
    "synonyms": [
      "5500 Chassis Cab",
      "5500"
    ]
  },
  {
    "value": "Cargo Van",
    "synonyms": [
      "Cargo Van"
    ]
  },
  {
    "value": "ProMaster",
    "synonyms": [
      "ProMaster"
    ]
  },
  {
    "value": "ProMaster Cab Chassis",
    "synonyms": [
      "ProMaster Cab Chassis"
    ]
  },
  {
    "value": "ProMaster Cargo",
    "synonyms": [
      "ProMaster Cargo"
    ]
  },
  {
    "value": "ProMaster Chassis Cab",
    "synonyms": [
      "ProMaster Chassis"
    ]
  },
  {
    "value": "ProMaster City",
    "synonyms": [
      "ProMaster City"
    ]
  },
  {
    "value": "ProMaster City Cargo",
    "synonyms": [
      "ProMaster City Cargo"
    ]
  },
  {
    "value": "ProMaster City Wagon",
    "synonyms": [
      "ProMaster City Wagon"
    ]
  },
  {
    "value": "ProMaster Cutaway",
    "synonyms": [
      "ProMaster Cutaway"
    ]
  },
  {
    "value": "ProMaster Diesel",
    "synonyms": [
      "ProMaster Diesel"
    ]
  },
  {
    "value": "ProMaster Window",
    "synonyms": [
      "ProMaster Window"
    ]
  }
]