[
  {
    "value": "carModel",
    "synonyms": [
      "carModel"
    ]
  },
  {
    "value": "1500",
    "synonyms": [
      "1500",
      "15 hundred",
      "1500 limited",
      "limited"
    ]
  },
  {
    "value": "1500 Classic",
    "synonyms": [
      "1500 Classic"
    ]
  },
  {
    "value": "1500 Diesel",
    "synonyms": [
      "1500 Diesel"
    ]
  },
  {
    "value": "1500 TRX",
    "synonyms": [
      "1500 TRX"
    ]
  },
  {
    "value": "2500",
    "synonyms": [
      "2500"
    ]
  },
  {
    "value": "2500 Chassis Cab",
    "synonyms": [
      "2500 Chassis Cab"
    ]
  },
  {
    "value": "3500",
    "synonyms": [
      "3500"
    ]
  },
  {
    "value": "3500 Chassis Cab",
    "synonyms": [
      "3500 Chassis Cab"
    ]
  },
  {
    "value": "4000 Chassis Cab",
    "synonyms": [
      "4000",
      "4000 Chassis Cab"
    ]
  },
  {
    "value": "4500 Chassis Cab",
    "synonyms": [
      "4500 Chassis Cab",
      "4500"
    ]
  },
  {
    "value": "5500 Chassis Cab",
    "synonyms": [
      "5500 Chassis Cab",
      "5500"
    ]
  },
  {
    "value": "Cargo Van",
    "synonyms": [
      "Cargo Van"
    ]
  },
  {
    "value": "ProMaster",
    "synonyms": [
      "ProMaster"
    ]
  },
  {
    "value": "ProMaster Cab Chassis",
    "synonyms": [
      "ProMaster Cab Chassis"
    ]
  },
  {
    "value": "ProMaster Cargo",
    "synonyms": [
      "ProMaster Cargo"
    ]
  },
  {
    "value": "ProMaster Chassis Cab",
    "synonyms": [
      "ProMaster Chassis"
    ]
  },
  {
    "value": "ProMaster City",
    "synonyms": [
      "ProMaster City"
    ]
  },
  {
    "value": "ProMaster City Cargo",
    "synonyms": [
      "ProMaster City Cargo"
    ]
  },
  {
    "value": "ProMaster City Wagon",
    "synonyms": [
      "ProMaster City Wagon"
    ]
  },
  {
    "value": "ProMaster Cutaway",
    "synonyms": [
      "ProMaster Cutaway"
    ]
  },
  {
    "value": "ProMaster Diesel",
    "synonyms": [
      "ProMaster Diesel"
    ]
  },
  {
    "value": "ProMaster Window",
    "synonyms": [
      "ProMaster Window"
    ]
  }
]