[
  {
    "value": "We offer loaners. Please say make appointment or say operator",
    "synonyms": [
      "do you offer loaner service?",
      "do you have a loaner?",
      "do you have loaners?",
      "do you have any loaner?",
      "do you offer owner service?",
      "do you have a owner?",
      "do you have owners?",
      "do you have any owner?",
      "do you have loner service?",
      "do you offer loner service?",
      "i need a loaner",
      "I need a loaner for service.",
      "do you offer loaners?",
      "loaner service?",
      "A loner",
      "a loner vehicle",
      "want a loaner",
      "need a loaner"
    ]
  },
  {
    "value": "Yes we offer complimentary shuttle services to and from our dealership. Please say make appointment or other.",
    "synonyms": [
      "do you offer shuttle service?",
      "do you have shuttle service?",
      "do you have shuttle?",
      "do you have rideshare service?",
      "i want to order shuttle",
      "i want to book shuttle"
    ]
  },
  {
    "value": "Sorry, at the moment, we do not offer pickup service. What else can I help you with?",
    "synonyms": [
      "do you offer pickup service?",
      "do you have pickup service?",
      "do you do pickup service?"
    ]
  }
]