[
  {
    "value": "Defender 110",
    "synonyms": [
      "Defender 110",
      "Defender  1 10 "
    ]
  },
  {
    "value": "Defender 90",
    "synonyms": [
      "Defender 90",
      "Defender  9 0 "
    ]
  },
  {
    "value": "Discovery",
    "synonyms": [
      "Discovery"
    ]
  },
  {
    "value": "Range Rover",
    "synonyms": [
      "Range Rover"
    ]
  },
  {
    "value": "H1",
    "synonyms": [
      "H1",
      "H 1 "
    ]
  },
  {
    "value": "H2",
    "synonyms": [
      "H2",
      "H 2 "
    ]
  },
  {
    "value": "H2SUT",
    "synonyms": [
      "H2SUT",
      "H 2 SUT"
    ]
  },
  {
    "value": "H3",
    "synonyms": [
      "H3",
      "H 3 "
    ]
  },
  {
    "value": "H3 Alpha",
    "synonyms": [
      "H3 Alpha",
      "H 3  Alpha"
    ]
  },
  {
    "value": "H3T",
    "synonyms": [
      "H3T",
      "H 3 T"
    ]
  },
  {
    "value": "H3T Alpha",
    "synonyms": [
      "H3T Alpha",
      "H 3 T Alpha"
    ]
  },
  {
    "value": "H3X",
    "synonyms": [
      "H3X",
      "H 3 X"
    ]
  },
  {
    "value": "Cooper",
    "synonyms": [
      "Cooper"
    ]
  },
  {
    "value": "Cooper Clubman",
    "synonyms": [
      "Cooper Clubman"
    ]
  },
  {
    "value": "Cooper Clubman All4",
    "synonyms": [
      "Cooper Clubman All4",
      "Cooper Clubman All 4 "
    ]
  },
  {
    "value": "Cooper Convertible",
    "synonyms": [
      "Cooper Convertible"
    ]
  },
  {
    "value": "Cooper Countryman",
    "synonyms": [
      "Cooper Countryman"
    ]
  },
  {
    "value": "Cooper Countryman All4",
    "synonyms": [
      "Cooper Countryman All4",
      "Cooper Countryman All 4 "
    ]
  },
  {
    "value": "Cooper Coupe",
    "synonyms": [
      "Cooper Coupe"
    ]
  },
  {
    "value": "Cooper Hardtop",
    "synonyms": [
      "Cooper Hardtop"
    ]
  },
  {
    "value": "Cooper Paceman",
    "synonyms": [
      "Cooper Paceman"
    ]
  },
  {
    "value": "Cooper Roadster",
    "synonyms": [
      "Cooper Roadster"
    ]
  },
  {
    "value": "Cooper S",
    "synonyms": [
      "Cooper S"
    ]
  },
  {
    "value": "Cooper S Clubman",
    "synonyms": [
      "Cooper S Clubman"
    ]
  },
  {
    "value": "Cooper S Clubman All4",
    "synonyms": [
      "Cooper S Clubman All4",
      "Cooper S Clubman All 4 "
    ]
  },
  {
    "value": "Cooper S Convertible",
    "synonyms": [
      "Cooper S Convertible"
    ]
  },
  {
    "value": "Cooper S Countryman",
    "synonyms": [
      "Cooper S Countryman"
    ]
  },
  {
    "value": "Cooper S Countryman All4",
    "synonyms": [
      "Cooper S Countryman All4",
      "Cooper S Countryman All 4 "
    ]
  },
  {
    "value": "Cooper S Coupe",
    "synonyms": [
      "Cooper S Coupe"
    ]
  },
  {
    "value": "Cooper S E Countryman All4",
    "synonyms": [
      "Cooper S E Countryman All4",
      "Cooper S E Countryman All 4 "
    ]
  },
  {
    "value": "Cooper S E Countryman All4 (PHEV)",
    "synonyms": [
      "Cooper S E Countryman All4 (PHEV)",
      "Cooper S E Countryman All 4  (PHEV)"
    ]
  },
  {
    "value": "Cooper S Hardtop",
    "synonyms": [
      "Cooper S Hardtop"
    ]
  },
  {
    "value": "Cooper S JCW",
    "synonyms": [
      "Cooper S JCW"
    ]
  },
  {
    "value": "Cooper S Paceman",
    "synonyms": [
      "Cooper S Paceman"
    ]
  },
  {
    "value": "Cooper S Paceman ALL4",
    "synonyms": [
      "Cooper S Paceman ALL4",
      "Cooper S Paceman ALL 4 "
    ]
  },
  {
    "value": "Cooper S Roadster",
    "synonyms": [
      "Cooper S Roadster"
    ]
  },
  {
    "value": "Cooper SE Hardtop",
    "synonyms": [
      "Cooper SE Hardtop"
    ]
  },
  {
    "value": "Cooper SE Hardtop BEV",
    "synonyms": [
      "Cooper SE Hardtop BEV"
    ]
  },
  {
    "value": "JCW Clubman",
    "synonyms": [
      "JCW Clubman"
    ]
  },
  {
    "value": "JCW Convertible",
    "synonyms": [
      "JCW Convertible"
    ]
  },
  {
    "value": "JCW Countryman",
    "synonyms": [
      "JCW Countryman"
    ]
  },
  {
    "value": "JCW Countryman All4",
    "synonyms": [
      "JCW Countryman All4",
      "JCW Countryman All 4 "
    ]
  },
  {
    "value": "JCW Coupe",
    "synonyms": [
      "JCW Coupe"
    ]
  },
  {
    "value": "JCW GP Hardtop",
    "synonyms": [
      "JCW GP Hardtop"
    ]
  },
  {
    "value": "JCW Hardtop",
    "synonyms": [
      "JCW Hardtop"
    ]
  },
  {
    "value": "JCW Paceman",
    "synonyms": [
      "JCW Paceman"
    ]
  },
  {
    "value": "JCW Roadster",
    "synonyms": [
      "JCW Roadster"
    ]
  },
  {
    "value": "Defender",
    "synonyms": [
      "Defender"
    ]
  },
  {
    "value": "Discovery Sport",
    "synonyms": [
      "Discovery Sport"
    ]
  },
  {
    "value": "Freelander",
    "synonyms": [
      "Freelander"
    ]
  },
  {
    "value": "LR2",
    "synonyms": [
      "LR2",
      "LR 2 "
    ]
  },
  {
    "value": "LR3",
    "synonyms": [
      "LR3",
      "LR 3 "
    ]
  },
  {
    "value": "LR4",
    "synonyms": [
      "LR4",
      "LR 4 "
    ]
  },
  {
    "value": "New Range Rover",
    "synonyms": [
      "New Range Rover"
    ]
  },
  {
    "value": "Range Rover Evoque",
    "synonyms": [
      "Range Rover Evoque"
    ]
  },
  {
    "value": "Range Rover Sport",
    "synonyms": [
      "Range Rover Sport"
    ]
  },
  {
    "value": "Range Rover Velar",
    "synonyms": [
      "Range Rover Velar"
    ]
  },
  {
    "value": "G70",
    "synonyms": [
      "G70",
      "G 7 0 "
    ]
  },
  {
    "value": "G80",
    "synonyms": [
      "G80",
      "G 8 0 "
    ]
  },
  {
    "value": "G80 EV",
    "synonyms": [
      "G80 EV",
      "G 8 0  EV"
    ]
  },
  {
    "value": "G90",
    "synonyms": [
      "G90",
      "G 9 0 "
    ]
  },
  {
    "value": "GV60 EV",
    "synonyms": [
      "GV60 EV",
      "GV 6 0  EV"
    ]
  },
  {
    "value": "GV70",
    "synonyms": [
      "GV70",
      "GV 7 0 "
    ]
  },
  {
    "value": "GV80",
    "synonyms": [
      "GV80",
      "GV 8 0 "
    ]
  },
  {
    "value": "3/4 Ton",
    "synonyms": [
      "3/4 Ton",
      " 3 /4 Ton"
    ]
  },
  {
    "value": "4Runner",
    "synonyms": [
      "4Runner",
      " 4 Runner"
    ]
  },
  {
    "value": "86",
    "synonyms": [
      "86",
      " 8 6 "
    ]
  },
  {
    "value": "Avalon",
    "synonyms": [
      "Avalon"
    ]
  },
  {
    "value": "Avalon Hybrid",
    "synonyms": [
      "Avalon Hybrid"
    ]
  },
  {
    "value": "Avanza",
    "synonyms": [
      "Avanza"
    ]
  },
  {
    "value": "bZ4X",
    "synonyms": [
      "bZ4X",
      "bZ 4 X"
    ]
  },
  {
    "value": "C-HR",
    "synonyms": [
      "C-HR",
      "C HR"
    ]
  },
  {
    "value": "Cab \u0026 Chassis",
    "synonyms": [
      "Cab \u0026 Chassis"
    ]
  },
  {
    "value": "Camry",
    "synonyms": [
      "Camry"
    ]
  },
  {
    "value": "Camry CNG",
    "synonyms": [
      "Camry CNG"
    ]
  },
  {
    "value": "Camry Hybrid",
    "synonyms": [
      "Camry Hybrid"
    ]
  },
  {
    "value": "Camry Solara",
    "synonyms": [
      "Camry Solara"
    ]
  },
  {
    "value": "Celica",
    "synonyms": [
      "Celica"
    ]
  },
  {
    "value": "Celica Supra",
    "synonyms": [
      "Celica Supra"
    ]
  },
  {
    "value": "Corolla",
    "synonyms": [
      "Corolla"
    ]
  },
  {
    "value": "Corolla Cross",
    "synonyms": [
      "Corolla Cross"
    ]
  },
  {
    "value": "Corolla Hatchback",
    "synonyms": [
      "Corolla Hatchback"
    ]
  },
  {
    "value": "Corolla Hybrid",
    "synonyms": [
      "Corolla Hybrid"
    ]
  },
  {
    "value": "Corolla iM",
    "synonyms": [
      "Corolla iM"
    ]
  },
  {
    "value": "Corolla Matrix",
    "synonyms": [
      "Corolla Matrix"
    ]
  },
  {
    "value": "Corolla Tercel",
    "synonyms": [
      "Corolla Tercel"
    ]
  },
  {
    "value": "Corona",
    "synonyms": [
      "Corona"
    ]
  },
  {
    "value": "Cressida",
    "synonyms": [
      "Cressida"
    ]
  },
  {
    "value": "Echo",
    "synonyms": [
      "Echo"
    ]
  },
  {
    "value": "FJ Cruiser",
    "synonyms": [
      "FJ Cruiser"
    ]
  },
  {
    "value": "GR 86",
    "synonyms": [
      "GR 86",
      "GR  8 6 "
    ]
  },
  {
    "value": "GR86",
    "synonyms": [
      "GR86",
      "GR 8 6 "
    ]
  },
  {
    "value": "Half Ton",
    "synonyms": [
      "Half Ton"
    ]
  },
  {
    "value": "Hi-Lux",
    "synonyms": [
      "Hi-Lux",
      "Hi Lux"
    ]
  },
  {
    "value": "Hiace",
    "synonyms": [
      "Hiace"
    ]
  },
  {
    "value": "Highlander",
    "synonyms": [
      "Highlander"
    ]
  },
  {
    "value": "Highlander Hyb",
    "synonyms": [
      "Highlander Hyb"
    ]
  },
  {
    "value": "Land Cruiser",
    "synonyms": [
      "Land Cruiser"
    ]
  },
  {
    "value": "Matrix",
    "synonyms": [
      "Matrix"
    ]
  },
  {
    "value": "Mirai",
    "synonyms": [
      "Mirai"
    ]
  },
  {
    "value": "MR2",
    "synonyms": [
      "MR2",
      "MR 2 "
    ]
  },
  {
    "value": "One Ton",
    "synonyms": [
      "One Ton"
    ]
  },
  {
    "value": "Paseo",
    "synonyms": [
      "Paseo"
    ]
  },
  {
    "value": "Previa",
    "synonyms": [
      "Previa"
    ]
  },
  {
    "value": "Prius",
    "synonyms": [
      "Prius"
    ]
  },
  {
    "value": "Prius c",
    "synonyms": [
      "Prius c"
    ]
  },
  {
    "value": "Prius Plug-in",
    "synonyms": [
      "Prius Plug-in",
      "Prius Plug in"
    ]
  },
  {
    "value": "Prius Prime",
    "synonyms": [
      "Prius Prime"
    ]
  },
  {
    "value": "Prius v",
    "synonyms": [
      "Prius v"
    ]
  },
  {
    "value": "RAV4",
    "synonyms": [
      "RAV4",
      "RAV 4 "
    ]
  },
  {
    "value": "RAV4 EV",
    "synonyms": [
      "RAV4 EV",
      "RAV 4  EV"
    ]
  },
  {
    "value": "RAV4 Hybrid",
    "synonyms": [
      "RAV4 Hybrid",
      "RAV 4  Hybrid"
    ]
  },
  {
    "value": "RAV4 Plug-in Hybrid",
    "synonyms": [
      "RAV4 Plug-in Hybrid",
      "RAV 4  Plug-in Hybrid",
      "RAV4 Plug in Hybrid"
    ]
  },
  {
    "value": "RAV4 Prime",
    "synonyms": [
      "RAV4 Prime",
      "RAV 4  Prime"
    ]
  },
  {
    "value": "Rush",
    "synonyms": [
      "Rush"
    ]
  },
  {
    "value": "Scion FR-S",
    "synonyms": [
      "Scion FR-S",
      "Scion FR S"
    ]
  },
  {
    "value": "Scion iA",
    "synonyms": [
      "Scion iA"
    ]
  },
  {
    "value": "Scion iM",
    "synonyms": [
      "Scion iM"
    ]
  },
  {
    "value": "Scion iQ",
    "synonyms": [
      "Scion iQ"
    ]
  },
  {
    "value": "Scion iQ EV",
    "synonyms": [
      "Scion iQ EV"
    ]
  },
  {
    "value": "Scion tC",
    "synonyms": [
      "Scion tC"
    ]
  },
  {
    "value": "Scion xA",
    "synonyms": [
      "Scion xA"
    ]
  },
  {
    "value": "Scion xB",
    "synonyms": [
      "Scion xB"
    ]
  },
  {
    "value": "Scion xD",
    "synonyms": [
      "Scion xD"
    ]
  },
  {
    "value": "Sequoia",
    "synonyms": [
      "Sequoia"
    ]
  },
  {
    "value": "Sequoia HV",
    "synonyms": [
      "Sequoia HV"
    ]
  },
  {
    "value": "Sienna",
    "synonyms": [
      "Sienna"
    ]
  },
  {
    "value": "Sienna HV",
    "synonyms": [
      "Sienna HV"
    ]
  },
  {
    "value": "Starlet",
    "synonyms": [
      "Starlet"
    ]
  },
  {
    "value": "Supra",
    "synonyms": [
      "Supra"
    ]
  },
  {
    "value": "T100",
    "synonyms": [
      "T100",
      "T 1 00 "
    ]
  },
  {
    "value": "T100 1 Ton",
    "synonyms": [
      "T100 1 Ton",
      "T 1 00  1 Ton"
    ]
  },
  {
    "value": "Tacoma",
    "synonyms": [
      "Tacoma"
    ]
  },
  {
    "value": "Tercel",
    "synonyms": [
      "Tercel"
    ]
  },
  {
    "value": "Tundra",
    "synonyms": [
      "Tundra"
    ]
  },
  {
    "value": "Tundra HV",
    "synonyms": [
      "Tundra HV"
    ]
  },
  {
    "value": "Van",
    "synonyms": [
      "Van"
    ]
  },
  {
    "value": "Venza",
    "synonyms": [
      "Venza"
    ]
  },
  {
    "value": "Yaris",
    "synonyms": [
      "Yaris"
    ]
  },
  {
    "value": "Yaris iA",
    "synonyms": [
      "Yaris iA"
    ]
  },
  {
    "value": "024",
    "synonyms": [
      "024",
      " 0 24 "
    ]
  },
  {
    "value": "100",
    "synonyms": [
      "100",
      " 1 00 "
    ]
  },
  {
    "value": "150",
    "synonyms": [
      "150",
      " 1 50 "
    ]
  },
  {
    "value": "250",
    "synonyms": [
      "250",
      " 2 50 "
    ]
  },
  {
    "value": "350",
    "synonyms": [
      "350",
      " 3 50 "
    ]
  },
  {
    "value": "400",
    "synonyms": [
      "400",
      " 4 00 "
    ]
  },
  {
    "value": "600",
    "synonyms": [
      "600",
      " 6 00 "
    ]
  },
  {
    "value": "Aries",
    "synonyms": [
      "Aries"
    ]
  },
  {
    "value": "Aries K",
    "synonyms": [
      "Aries K"
    ]
  },
  {
    "value": "Avenger",
    "synonyms": [
      "Avenger"
    ]
  },
  {
    "value": "B100",
    "synonyms": [
      "B100",
      "B 1 00 "
    ]
  },
  {
    "value": "B150",
    "synonyms": [
      "B150",
      "B 1 50 "
    ]
  },
  {
    "value": "B1500",
    "synonyms": [
      "B1500",
      "B 15 00 "
    ]
  },
  {
    "value": "B200",
    "synonyms": [
      "B200",
      "B 2 00 "
    ]
  },
  {
    "value": "B250",
    "synonyms": [
      "B250",
      "B 2 50 "
    ]
  },
  {
    "value": "B300",
    "synonyms": [
      "B300",
      "B 3 00 "
    ]
  },
  {
    "value": "B350",
    "synonyms": [
      "B350",
      "B 3 50 "
    ]
  },
  {
    "value": "BR1500",
    "synonyms": [
      "BR1500",
      "BR 15 00 "
    ]
  },
  {
    "value": "BR2500",
    "synonyms": [
      "BR2500",
      "BR 25 00 "
    ]
  },
  {
    "value": "BR3500",
    "synonyms": [
      "BR3500",
      "BR 35 00 "
    ]
  },
  {
    "value": "Caliber",
    "synonyms": [
      "Caliber"
    ]
  },
  {
    "value": "Caravan",
    "synonyms": [
      "Caravan"
    ]
  },
  {
    "value": "Challenger",
    "synonyms": [
      "Challenger"
    ]
  },
  {
    "value": "Charger",
    "synonyms": [
      "Charger"
    ]
  },
  {
    "value": "Colt",
    "synonyms": [
      "Colt"
    ]
  },
  {
    "value": "Conquest",
    "synonyms": [
      "Conquest"
    ]
  },
  {
    "value": "D150",
    "synonyms": [
      "D150",
      "D 1 50 "
    ]
  },
  {
    "value": "D250",
    "synonyms": [
      "D250",
      "D 2 50 "
    ]
  },
  {
    "value": "D350",
    "synonyms": [
      "D350",
      "D 3 50 "
    ]
  },
  {
    "value": "D450",
    "synonyms": [
      "D450",
      "D 4 50 "
    ]
  },
  {
    "value": "D50",
    "synonyms": [
      "D50",
      "D 5 0 "
    ]
  },
  {
    "value": "D550",
    "synonyms": [
      "D550",
      "D 5 50 "
    ]
  },
  {
    "value": "D650",
    "synonyms": [
      "D650",
      "D 6 50 "
    ]
  },
  {
    "value": "D750",
    "synonyms": [
      "D750",
      "D 7 50 "
    ]
  },
  {
    "value": "Dakota",
    "synonyms": [
      "Dakota"
    ]
  },
  {
    "value": "Dart",
    "synonyms": [
      "Dart"
    ]
  },
  {
    "value": "Daytona",
    "synonyms": [
      "Daytona"
    ]
  },
  {
    "value": "Diplomat",
    "synonyms": [
      "Diplomat"
    ]
  },
  {
    "value": "Durango",
    "synonyms": [
      "Durango"
    ]
  },
  {
    "value": "Durango Hybrid",
    "synonyms": [
      "Durango Hybrid"
    ]
  },
  {
    "value": "Dynasty",
    "synonyms": [
      "Dynasty"
    ]
  },
  {
    "value": "Grand Caravan",
    "synonyms": [
      "Grand Caravan"
    ]
  },
  {
    "value": "Intrepid",
    "synonyms": [
      "Intrepid"
    ]
  },
  {
    "value": "Journey",
    "synonyms": [
      "Journey"
    ]
  },
  {
    "value": "Lancia",
    "synonyms": [
      "Lancia"
    ]
  },
  {
    "value": "Magnum",
    "synonyms": [
      "Magnum"
    ]
  },
  {
    "value": "Mirada",
    "synonyms": [
      "Mirada"
    ]
  },
  {
    "value": "Monaco",
    "synonyms": [
      "Monaco"
    ]
  },
  {
    "value": "Neon",
    "synonyms": [
      "Neon"
    ]
  },
  {
    "value": "Nitro",
    "synonyms": [
      "Nitro"
    ]
  },
  {
    "value": "Omni",
    "synonyms": [
      "Omni"
    ]
  },
  {
    "value": "Power Ram",
    "synonyms": [
      "Power Ram"
    ]
  },
  {
    "value": "Power Ram 50",
    "synonyms": [
      "Power Ram 50",
      "Power Ram  5 0 "
    ]
  },
  {
    "value": "Raider",
    "synonyms": [
      "Raider"
    ]
  },
  {
    "value": "Ram",
    "synonyms": [
      "Ram"
    ]
  },
  {
    "value": "Ram 150",
    "synonyms": [
      "Ram 150",
      "Ram  1 50 "
    ]
  },
  {
    "value": "Ram 1500",
    "synonyms": [
      "Ram 1500",
      "Ram  15 00 "
    ]
  },
  {
    "value": "Ram 250",
    "synonyms": [
      "Ram 250",
      "Ram  2 50 "
    ]
  },
  {
    "value": "Ram 2500",
    "synonyms": [
      "Ram 2500",
      "Ram  25 00 "
    ]
  },
  {
    "value": "Ram 350",
    "synonyms": [
      "Ram 350",
      "Ram  3 50 "
    ]
  },
  {
    "value": "Ram 3500",
    "synonyms": [
      "Ram 3500",
      "Ram  35 00 "
    ]
  },
  {
    "value": "Ram 4000",
    "synonyms": [
      "Ram 4000",
      "Ram  40 00 "
    ]
  },
  {
    "value": "Ram 4500",
    "synonyms": [
      "Ram 4500",
      "Ram  45 00 "
    ]
  },
  {
    "value": "Ram 50",
    "synonyms": [
      "Ram 50",
      "Ram  5 0 "
    ]
  },
  {
    "value": "Ram 5500",
    "synonyms": [
      "Ram 5500",
      "Ram  55 00 "
    ]
  },
  {
    "value": "Ram C/V",
    "synonyms": [
      "Ram C/V"
    ]
  },
  {
    "value": "Ramcharger",
    "synonyms": [
      "Ramcharger"
    ]
  },
  {
    "value": "Rampage",
    "synonyms": [
      "Rampage"
    ]
  },
  {
    "value": "Shadow",
    "synonyms": [
      "Shadow"
    ]
  },
  {
    "value": "Spirit",
    "synonyms": [
      "Spirit"
    ]
  },
  {
    "value": "Sprinter",
    "synonyms": [
      "Sprinter"
    ]
  },
  {
    "value": "St Regis",
    "synonyms": [
      "St Regis"
    ]
  },
  {
    "value": "Stealth",
    "synonyms": [
      "Stealth"
    ]
  },
  {
    "value": "Stratus",
    "synonyms": [
      "Stratus"
    ]
  },
  {
    "value": "Viper",
    "synonyms": [
      "Viper"
    ]
  },
  {
    "value": "W150",
    "synonyms": [
      "W150",
      "W 1 50 "
    ]
  },
  {
    "value": "W250",
    "synonyms": [
      "W250",
      "W 2 50 "
    ]
  },
  {
    "value": "W350",
    "synonyms": [
      "W350",
      "W 3 50 "
    ]
  },
  {
    "value": "100 CS",
    "synonyms": [
      "100 CS",
      " 1 00  CS"
    ]
  },
  {
    "value": "100 CS Quattro",
    "synonyms": [
      "100 CS Quattro",
      " 1 00  CS Quattro"
    ]
  },
  {
    "value": "100 Quattro",
    "synonyms": [
      "100 Quattro",
      " 1 00  Quattro"
    ]
  },
  {
    "value": "100 S",
    "synonyms": [
      "100 S",
      " 1 00  S"
    ]
  },
  {
    "value": "200",
    "synonyms": [
      "200",
      " 2 00 "
    ]
  },
  {
    "value": "200 Quattro",
    "synonyms": [
      "200 Quattro",
      " 2 00  Quattro"
    ]
  },
  {
    "value": "4000",
    "synonyms": [
      "4000",
      " 40 00 "
    ]
  },
  {
    "value": "4000 5+5",
    "synonyms": [
      "4000 5+5",
      " 40 00  5+5"
    ]
  },
  {
    "value": "4000CS",
    "synonyms": [
      "4000CS",
      " 40 00 CS"
    ]
  },
  {
    "value": "4000S",
    "synonyms": [
      "4000S",
      " 40 00 S"
    ]
  },
  {
    "value": "5000",
    "synonyms": [
      "5000",
      " 50 00 "
    ]
  },
  {
    "value": "5000CS",
    "synonyms": [
      "5000CS",
      " 50 00 CS"
    ]
  },
  {
    "value": "5000S",
    "synonyms": [
      "5000S",
      " 50 00 S"
    ]
  },
  {
    "value": "5000T",
    "synonyms": [
      "5000T",
      " 50 00 T"
    ]
  },
  {
    "value": "80",
    "synonyms": [
      "80",
      " 8 0 "
    ]
  },
  {
    "value": "80 Quattro",
    "synonyms": [
      "80 Quattro",
      " 8 0  Quattro"
    ]
  },
  {
    "value": "90",
    "synonyms": [
      "90",
      " 9 0 "
    ]
  },
  {
    "value": "90 Quattro",
    "synonyms": [
      "90 Quattro",
      " 9 0  Quattro"
    ]
  },
  {
    "value": "90CS",
    "synonyms": [
      "90CS",
      " 9 0 CS"
    ]
  },
  {
    "value": "90CS Quattro",
    "synonyms": [
      "90CS Quattro",
      " 9 0 CS Quattro"
    ]
  },
  {
    "value": "90S",
    "synonyms": [
      "90S",
      " 9 0 S"
    ]
  },
  {
    "value": "A3 1.8T",
    "synonyms": [
      "A3 1.8T",
      "A 3  1.8T"
    ]
  },
  {
    "value": "A3 2.0 Quattro S-Line",
    "synonyms": [
      "A3 2.0 Quattro S-Line",
      "A 3  2.0 Quattro S-Line",
      "A3 2.0 Quattro S Line"
    ]
  },
  {
    "value": "A3 2.0T",
    "synonyms": [
      "A3 2.0T",
      "A 3  2.0T"
    ]
  },
  {
    "value": "A3 2.0T Quattro",
    "synonyms": [
      "A3 2.0T Quattro",
      "A 3  2.0T Quattro"
    ]
  },
  {
    "value": "A3 2.0T Sportback",
    "synonyms": [
      "A3 2.0T Sportback",
      "A 3  2.0T Sportback"
    ]
  },
  {
    "value": "A3 3.2 Quattro",
    "synonyms": [
      "A3 3.2 Quattro",
      "A 3  3.2 Quattro"
    ]
  },
  {
    "value": "A3 3.2 Quattro S-Line",
    "synonyms": [
      "A3 3.2 Quattro S-Line",
      "A 3  3.2 Quattro S-Line",
      "A3 3.2 Quattro S Line"
    ]
  },
  {
    "value": "A3 Sportback e-tron",
    "synonyms": [
      "A3 Sportback e-tron",
      "A 3  Sportback e-tron",
      "A3 Sportback e tron"
    ]
  },
  {
    "value": "A3 TDI",
    "synonyms": [
      "A3 TDI",
      "A 3  TDI"
    ]
  },
  {
    "value": "A4",
    "synonyms": [
      "A4",
      "A 4 "
    ]
  },
  {
    "value": "A4 1.8T",
    "synonyms": [
      "A4 1.8T",
      "A 4  1.8T"
    ]
  },
  {
    "value": "A4 1.8T Avant Quattro",
    "synonyms": [
      "A4 1.8T Avant Quattro",
      "A 4  1.8T Avant Quattro"
    ]
  },
  {
    "value": "A4 1.8T Quattro",
    "synonyms": [
      "A4 1.8T Quattro",
      "A 4  1.8T Quattro"
    ]
  },
  {
    "value": "A4 2.0T",
    "synonyms": [
      "A4 2.0T",
      "A 4  2.0T"
    ]
  },
  {
    "value": "A4 2.0T allroad Quattro",
    "synonyms": [
      "A4 2.0T allroad Quattro",
      "A 4  2.0T allroad Quattro"
    ]
  },
  {
    "value": "A4 2.0T Avant Quattro",
    "synonyms": [
      "A4 2.0T Avant Quattro",
      "A 4  2.0T Avant Quattro"
    ]
  },
  {
    "value": "A4 2.0T Avant Quattro S-Line",
    "synonyms": [
      "A4 2.0T Avant Quattro S-Line",
      "A 4  2.0T Avant Quattro S-Line",
      "A4 2.0T Avant Quattro S Line"
    ]
  },
  {
    "value": "A4 2.0T FronTrak",
    "synonyms": [
      "A4 2.0T FronTrak",
      "A 4  2.0T FronTrak"
    ]
  },
  {
    "value": "A4 2.0T Quattro",
    "synonyms": [
      "A4 2.0T Quattro",
      "A 4  2.0T Quattro"
    ]
  },
  {
    "value": "A4 2.0T Quattro S-Line",
    "synonyms": [
      "A4 2.0T Quattro S-Line",
      "A 4  2.0T Quattro S-Line",
      "A4 2.0T Quattro S Line"
    ]
  },
  {
    "value": "A4 2.0T S-Line",
    "synonyms": [
      "A4 2.0T S-Line",
      "A 4  2.0T S-Line",
      "A4 2.0T S Line"
    ]
  },
  {
    "value": "A4 2.8",
    "synonyms": [
      "A4 2.8",
      "A 4  2.8"
    ]
  },
  {
    "value": "A4 2.8 Avant",
    "synonyms": [
      "A4 2.8 Avant",
      "A 4  2.8 Avant"
    ]
  },
  {
    "value": "A4 2.8 Avant Quattro",
    "synonyms": [
      "A4 2.8 Avant Quattro",
      "A 4  2.8 Avant Quattro"
    ]
  },
  {
    "value": "A4 2.8 Quattro",
    "synonyms": [
      "A4 2.8 Quattro",
      "A 4  2.8 Quattro"
    ]
  },
  {
    "value": "A4 3.0",
    "synonyms": [
      "A4 3.0",
      "A 4  3.0"
    ]
  },
  {
    "value": "A4 3.0 Avant Quattro",
    "synonyms": [
      "A4 3.0 Avant Quattro",
      "A 4  3.0 Avant Quattro"
    ]
  },
  {
    "value": "A4 3.0 Quattro",
    "synonyms": [
      "A4 3.0 Quattro",
      "A 4  3.0 Quattro"
    ]
  },
  {
    "value": "A4 3.2",
    "synonyms": [
      "A4 3.2",
      "A 4  3.2"
    ]
  },
  {
    "value": "A4 3.2 Avant Quattro",
    "synonyms": [
      "A4 3.2 Avant Quattro",
      "A 4  3.2 Avant Quattro"
    ]
  },
  {
    "value": "A4 3.2 Avant Quattro S-Line",
    "synonyms": [
      "A4 3.2 Avant Quattro S-Line",
      "A 4  3.2 Avant Quattro S-Line",
      "A4 3.2 Avant Quattro S Line"
    ]
  },
  {
    "value": "A4 3.2 Quattro",
    "synonyms": [
      "A4 3.2 Quattro",
      "A 4  3.2 Quattro"
    ]
  },
  {
    "value": "A4 3.2 Quattro S-Line",
    "synonyms": [
      "A4 3.2 Quattro S-Line",
      "A 4  3.2 Quattro S-Line",
      "A4 3.2 Quattro S Line"
    ]
  },
  {
    "value": "A4 3.2 S-Line",
    "synonyms": [
      "A4 3.2 S-Line",
      "A 4  3.2 S-Line",
      "A4 3.2 S Line"
    ]
  },
  {
    "value": "A4 Avant Quattro",
    "synonyms": [
      "A4 Avant Quattro",
      "A 4  Avant Quattro"
    ]
  },
  {
    "value": "A4 Cabriolet",
    "synonyms": [
      "A4 Cabriolet",
      "A 4  Cabriolet"
    ]
  },
  {
    "value": "A4 Cabriolet 1.8T",
    "synonyms": [
      "A4 Cabriolet 1.8T",
      "A 4  Cabriolet 1.8T"
    ]
  },
  {
    "value": "A4 Cabriolet 1.8T S-Line",
    "synonyms": [
      "A4 Cabriolet 1.8T S-Line",
      "A 4  Cabriolet 1.8T S-Line",
      "A4 Cabriolet 1.8T S Line"
    ]
  },
  {
    "value": "A4 Cabriolet 2.0T",
    "synonyms": [
      "A4 Cabriolet 2.0T",
      "A 4  Cabriolet 2.0T"
    ]
  },
  {
    "value": "A4 Cabriolet 2.0T Quattro",
    "synonyms": [
      "A4 Cabriolet 2.0T Quattro",
      "A 4  Cabriolet 2.0T Quattro"
    ]
  },
  {
    "value": "A4 Cabriolet 2.0T Quattro S-Line",
    "synonyms": [
      "A4 Cabriolet 2.0T Quattro S-Line",
      "A 4  Cabriolet 2.0T Quattro S-Line",
      "A4 Cabriolet 2.0T Quattro S Line"
    ]
  },
  {
    "value": "A4 Cabriolet 2.0T S-Line",
    "synonyms": [
      "A4 Cabriolet 2.0T S-Line",
      "A 4  Cabriolet 2.0T S-Line",
      "A4 Cabriolet 2.0T S Line"
    ]
  },
  {
    "value": "A4 Cabriolet 3.0",
    "synonyms": [
      "A4 Cabriolet 3.0",
      "A 4  Cabriolet 3.0"
    ]
  },
  {
    "value": "A4 Cabriolet 3.0 Quattro S-Line",
    "synonyms": [
      "A4 Cabriolet 3.0 Quattro S-Line",
      "A 4  Cabriolet 3.0 Quattro S-Line",
      "A4 Cabriolet 3.0 Quattro S Line"
    ]
  },
  {
    "value": "A4 Cabriolet 3.0 S-Line",
    "synonyms": [
      "A4 Cabriolet 3.0 S-Line",
      "A 4  Cabriolet 3.0 S-Line",
      "A4 Cabriolet 3.0 S Line"
    ]
  },
  {
    "value": "A4 Cabriolet 3.2 Quattro",
    "synonyms": [
      "A4 Cabriolet 3.2 Quattro",
      "A 4  Cabriolet 3.2 Quattro"
    ]
  },
  {
    "value": "A4 Cabriolet 3.2 Quattro S-Line",
    "synonyms": [
      "A4 Cabriolet 3.2 Quattro S-Line",
      "A 4  Cabriolet 3.2 Quattro S-Line",
      "A4 Cabriolet 3.2 Quattro S Line"
    ]
  },
  {
    "value": "A4 Cabriolet Quattro",
    "synonyms": [
      "A4 Cabriolet Quattro",
      "A 4  Cabriolet Quattro"
    ]
  },
  {
    "value": "A4 Cabriolet Quattro 3.0",
    "synonyms": [
      "A4 Cabriolet Quattro 3.0",
      "A 4  Cabriolet Quattro 3.0"
    ]
  },
  {
    "value": "A4 Quattro",
    "synonyms": [
      "A4 Quattro",
      "A 4  Quattro"
    ]
  },
  {
    "value": "A5 2.0T Quattro",
    "synonyms": [
      "A5 2.0T Quattro",
      "A 5  2.0T Quattro"
    ]
  },
  {
    "value": "A5 3.2 Quattro",
    "synonyms": [
      "A5 3.2 Quattro",
      "A 5  3.2 Quattro"
    ]
  },
  {
    "value": "A5 3.2 Quattro S-Line",
    "synonyms": [
      "A5 3.2 Quattro S-Line",
      "A 5  3.2 Quattro S-Line",
      "A5 3.2 Quattro S Line"
    ]
  },
  {
    "value": "A5 Cabriolet 2.0T",
    "synonyms": [
      "A5 Cabriolet 2.0T",
      "A 5  Cabriolet 2.0T"
    ]
  },
  {
    "value": "A5 Cabriolet 2.0T Quattro",
    "synonyms": [
      "A5 Cabriolet 2.0T Quattro",
      "A 5  Cabriolet 2.0T Quattro"
    ]
  },
  {
    "value": "A5 Sportback Quattro",
    "synonyms": [
      "A5 Sportback Quattro",
      "A 5  Sportback Quattro"
    ]
  },
  {
    "value": "A6",
    "synonyms": [
      "A6",
      "A 6 "
    ]
  },
  {
    "value": "A6  Competition 3.0 Quattro",
    "synonyms": [
      "A6  Competition 3.0 Quattro",
      "A 6   Competition 3.0 Quattro"
    ]
  },
  {
    "value": "A6 2.0T",
    "synonyms": [
      "A6 2.0T",
      "A 6  2.0T"
    ]
  },
  {
    "value": "A6 2.0T Quattro",
    "synonyms": [
      "A6 2.0T Quattro",
      "A 6  2.0T Quattro"
    ]
  },
  {
    "value": "A6 2.7T Quattro",
    "synonyms": [
      "A6 2.7T Quattro",
      "A 6  2.7T Quattro"
    ]
  },
  {
    "value": "A6 2.8",
    "synonyms": [
      "A6 2.8",
      "A 6  2.8"
    ]
  },
  {
    "value": "A6 2.8 Avant Quattro",
    "synonyms": [
      "A6 2.8 Avant Quattro",
      "A 6  2.8 Avant Quattro"
    ]
  },
  {
    "value": "A6 2.8 Quattro",
    "synonyms": [
      "A6 2.8 Quattro",
      "A 6  2.8 Quattro"
    ]
  },
  {
    "value": "A6 3.0",
    "synonyms": [
      "A6 3.0",
      "A 6  3.0"
    ]
  },
  {
    "value": "A6 3.0 Avant Quattro",
    "synonyms": [
      "A6 3.0 Avant Quattro",
      "A 6  3.0 Avant Quattro"
    ]
  },
  {
    "value": "A6 3.0 Quattro",
    "synonyms": [
      "A6 3.0 Quattro",
      "A 6  3.0 Quattro"
    ]
  },
  {
    "value": "A6 3.0T Avant Quattro",
    "synonyms": [
      "A6 3.0T Avant Quattro",
      "A 6  3.0T Avant Quattro"
    ]
  },
  {
    "value": "A6 3.0T Quattro",
    "synonyms": [
      "A6 3.0T Quattro",
      "A 6  3.0T Quattro"
    ]
  },
  {
    "value": "A6 3.2",
    "synonyms": [
      "A6 3.2",
      "A 6  3.2"
    ]
  },
  {
    "value": "A6 3.2 Avant Quattro",
    "synonyms": [
      "A6 3.2 Avant Quattro",
      "A 6  3.2 Avant Quattro"
    ]
  },
  {
    "value": "A6 3.2 Avant Quattro S-Line",
    "synonyms": [
      "A6 3.2 Avant Quattro S-Line",
      "A 6  3.2 Avant Quattro S-Line",
      "A6 3.2 Avant Quattro S Line"
    ]
  },
  {
    "value": "A6 3.2 Quattro",
    "synonyms": [
      "A6 3.2 Quattro",
      "A 6  3.2 Quattro"
    ]
  },
  {
    "value": "A6 3.2 Quattro S-Line",
    "synonyms": [
      "A6 3.2 Quattro S-Line",
      "A 6  3.2 Quattro S-Line",
      "A6 3.2 Quattro S Line"
    ]
  },
  {
    "value": "A6 3.2 S-Line",
    "synonyms": [
      "A6 3.2 S-Line",
      "A 6  3.2 S-Line",
      "A6 3.2 S Line"
    ]
  },
  {
    "value": "A6 4.2 Quattro",
    "synonyms": [
      "A6 4.2 Quattro",
      "A 6  4.2 Quattro"
    ]
  },
  {
    "value": "A6 4.2 Quattro S-Line",
    "synonyms": [
      "A6 4.2 Quattro S-Line",
      "A 6  4.2 Quattro S-Line",
      "A6 4.2 Quattro S Line"
    ]
  },
  {
    "value": "A6 Allroad Quattro",
    "synonyms": [
      "A6 Allroad Quattro",
      "A 6  Allroad Quattro"
    ]
  },
  {
    "value": "A6 Avant Quattro",
    "synonyms": [
      "A6 Avant Quattro",
      "A 6  Avant Quattro"
    ]
  },
  {
    "value": "A6 Quattro",
    "synonyms": [
      "A6 Quattro",
      "A 6  Quattro"
    ]
  },
  {
    "value": "A6 TDI Quattro",
    "synonyms": [
      "A6 TDI Quattro",
      "A 6  TDI Quattro"
    ]
  },
  {
    "value": "A7 30T Quattro",
    "synonyms": [
      "A7 30T Quattro",
      "A7  3 0 T Quattro"
    ]
  },
  {
    "value": "A7 Competition 3.0 Quattro",
    "synonyms": [
      "A7 Competition 3.0 Quattro",
      "A 7  Competition 3.0 Quattro"
    ]
  },
  {
    "value": "A7 e Plug-in Hybrid",
    "synonyms": [
      "A7 e Plug-in Hybrid",
      "A 7  e Plug-in Hybrid",
      "A7 e Plug in Hybrid"
    ]
  },
  {
    "value": "A7 TDI Quattro",
    "synonyms": [
      "A7 TDI Quattro",
      "A 7  TDI Quattro"
    ]
  },
  {
    "value": "A8",
    "synonyms": [
      "A8",
      "A 8 "
    ]
  },
  {
    "value": "A8 3.7",
    "synonyms": [
      "A8 3.7",
      "A 8  3.7"
    ]
  },
  {
    "value": "A8 30T Quattro",
    "synonyms": [
      "A8 30T Quattro",
      "A8  3 0 T Quattro"
    ]
  },
  {
    "value": "A8 4.0 Quattro",
    "synonyms": [
      "A8 4.0 Quattro",
      "A 8  4.0 Quattro"
    ]
  },
  {
    "value": "A8 4.2 Quattro",
    "synonyms": [
      "A8 4.2 Quattro",
      "A 8  4.2 Quattro"
    ]
  },
  {
    "value": "A8 40T Quattro",
    "synonyms": [
      "A8 40T Quattro",
      "A8  4 0 T Quattro"
    ]
  },
  {
    "value": "A8 L 30T Quattro",
    "synonyms": [
      "A8 L 30T Quattro",
      "A8 L  3 0 T Quattro"
    ]
  },
  {
    "value": "A8 L 4.0T Quattro",
    "synonyms": [
      "A8 L 4.0T Quattro",
      "A 8  L 4.0T Quattro"
    ]
  },
  {
    "value": "A8 L 4.2 Quattro",
    "synonyms": [
      "A8 L 4.2 Quattro",
      "A 8  L 4.2 Quattro"
    ]
  },
  {
    "value": "A8 L 55",
    "synonyms": [
      "A8 L 55",
      "A8 L  5 5 "
    ]
  },
  {
    "value": "A8 L 6.3 Quattro",
    "synonyms": [
      "A8 L 6.3 Quattro",
      "A 8  L 6.3 Quattro"
    ]
  },
  {
    "value": "A8 L 60",
    "synonyms": [
      "A8 L 60",
      "A8 L  6 0 "
    ]
  },
  {
    "value": "A8 L e Plug-in Hybrid",
    "synonyms": [
      "A8 L e Plug-in Hybrid",
      "A 8  L e Plug-in Hybrid",
      "A8 L e Plug in Hybrid"
    ]
  },
  {
    "value": "A8 L Quattro",
    "synonyms": [
      "A8 L Quattro",
      "A 8  L Quattro"
    ]
  },
  {
    "value": "A8 L TDI Quattro",
    "synonyms": [
      "A8 L TDI Quattro",
      "A 8  L TDI Quattro"
    ]
  },
  {
    "value": "A8 L W12 Quattro",
    "synonyms": [
      "A8 L W12 Quattro",
      "A8 L W 1 2  Quattro"
    ]
  },
  {
    "value": "A8 Quattro",
    "synonyms": [
      "A8 Quattro",
      "A 8  Quattro"
    ]
  },
  {
    "value": "A8 TDI Quattro",
    "synonyms": [
      "A8 TDI Quattro",
      "A 8  TDI Quattro"
    ]
  },
  {
    "value": "allroad",
    "synonyms": [
      "allroad"
    ]
  },
  {
    "value": "allroad Quattro",
    "synonyms": [
      "allroad Quattro"
    ]
  },
  {
    "value": "Cabriolet",
    "synonyms": [
      "Cabriolet"
    ]
  },
  {
    "value": "Coupe",
    "synonyms": [
      "Coupe"
    ]
  },
  {
    "value": "Coupe Quattro",
    "synonyms": [
      "Coupe Quattro"
    ]
  },
  {
    "value": "e-tron",
    "synonyms": [
      "e-tron",
      "e tron"
    ]
  },
  {
    "value": "e-tron GT",
    "synonyms": [
      "e-tron GT",
      "e tron GT"
    ]
  },
  {
    "value": "e-tron Quattro",
    "synonyms": [
      "e-tron Quattro",
      "e tron Quattro"
    ]
  },
  {
    "value": "e-tron S Quattro",
    "synonyms": [
      "e-tron S Quattro",
      "e tron S Quattro"
    ]
  },
  {
    "value": "e-tron S Sportback Quattro",
    "synonyms": [
      "e-tron S Sportback Quattro",
      "e tron S Sportback Quattro"
    ]
  },
  {
    "value": "e-tron Sportback Quattro",
    "synonyms": [
      "e-tron Sportback Quattro",
      "e tron Sportback Quattro"
    ]
  },
  {
    "value": "Q3 2.0T",
    "synonyms": [
      "Q3 2.0T",
      "Q 3  2.0T"
    ]
  },
  {
    "value": "Q3 2.0T Quattro",
    "synonyms": [
      "Q3 2.0T Quattro",
      "Q 3  2.0T Quattro"
    ]
  },
  {
    "value": "Q4 E-tron Quattro",
    "synonyms": [
      "Q4 E-tron Quattro",
      "Q 4  E-tron Quattro",
      "Q4 E tron Quattro"
    ]
  },
  {
    "value": "Q4 E-tron Sportsback quattro",
    "synonyms": [
      "Q4 E-tron Sportsback quattro",
      "Q 4  E-tron Sportsback quattro",
      "Q4 E tron Sportsback quattro"
    ]
  },
  {
    "value": "Q5",
    "synonyms": [
      "Q5",
      "Q 5 "
    ]
  },
  {
    "value": "Q5 2.0T",
    "synonyms": [
      "Q5 2.0T",
      "Q 5  2.0T"
    ]
  },
  {
    "value": "Q5 2.0T e Quattro",
    "synonyms": [
      "Q5 2.0T e Quattro",
      "Q 5  2.0T e Quattro"
    ]
  },
  {
    "value": "Q5 2.0T Quattro",
    "synonyms": [
      "Q5 2.0T Quattro",
      "Q 5  2.0T Quattro"
    ]
  },
  {
    "value": "Q5 3.0T",
    "synonyms": [
      "Q5 3.0T",
      "Q 5  3.0T"
    ]
  },
  {
    "value": "Q5 3.0T Quattro",
    "synonyms": [
      "Q5 3.0T Quattro",
      "Q 5  3.0T Quattro"
    ]
  },
  {
    "value": "Q5 3.2",
    "synonyms": [
      "Q5 3.2",
      "Q 5  3.2"
    ]
  },
  {
    "value": "Q5 3.2 Premium Plus",
    "synonyms": [
      "Q5 3.2 Premium Plus",
      "Q 5  3.2 Premium Plus"
    ]
  },
  {
    "value": "Q5 3.2 Quattro",
    "synonyms": [
      "Q5 3.2 Quattro",
      "Q 5  3.2 Quattro"
    ]
  },
  {
    "value": "Q5 e Plug-in Hybrid",
    "synonyms": [
      "Q5 e Plug-in Hybrid",
      "Q 5  e Plug-in Hybrid",
      "Q5 e Plug in Hybrid"
    ]
  },
  {
    "value": "Q5 Hybrid",
    "synonyms": [
      "Q5 Hybrid",
      "Q 5  Hybrid"
    ]
  },
  {
    "value": "Q5 TDI Quattro",
    "synonyms": [
      "Q5 TDI Quattro",
      "Q 5  TDI Quattro"
    ]
  },
  {
    "value": "Q7 2.0T Quattro",
    "synonyms": [
      "Q7 2.0T Quattro",
      "Q 7  2.0T Quattro"
    ]
  },
  {
    "value": "Q7 3.0",
    "synonyms": [
      "Q7 3.0",
      "Q 7  3.0"
    ]
  },
  {
    "value": "Q7 3.0 Quattro",
    "synonyms": [
      "Q7 3.0 Quattro",
      "Q 7  3.0 Quattro"
    ]
  },
  {
    "value": "Q7 3.0 TDI",
    "synonyms": [
      "Q7 3.0 TDI",
      "Q 7  3.0 TDI"
    ]
  },
  {
    "value": "Q7 3.0T",
    "synonyms": [
      "Q7 3.0T",
      "Q 7  3.0T"
    ]
  },
  {
    "value": "Q7 3.0T Quattro",
    "synonyms": [
      "Q7 3.0T Quattro",
      "Q 7  3.0T Quattro"
    ]
  },
  {
    "value": "Q7 3.6",
    "synonyms": [
      "Q7 3.6",
      "Q 7  3.6"
    ]
  },
  {
    "value": "Q7 3.6 Premium",
    "synonyms": [
      "Q7 3.6 Premium",
      "Q 7  3.6 Premium"
    ]
  },
  {
    "value": "Q7 3.6 Premium S-Line",
    "synonyms": [
      "Q7 3.6 Premium S-Line",
      "Q 7  3.6 Premium S-Line",
      "Q7 3.6 Premium S Line"
    ]
  },
  {
    "value": "Q7 4.2",
    "synonyms": [
      "Q7 4.2",
      "Q 7  4.2"
    ]
  },
  {
    "value": "Q7 4.2 Premium",
    "synonyms": [
      "Q7 4.2 Premium",
      "Q 7  4.2 Premium"
    ]
  },
  {
    "value": "Q7 4.2 Premium S-Line",
    "synonyms": [
      "Q7 4.2 Premium S-Line",
      "Q 7  4.2 Premium S-Line",
      "Q7 4.2 Premium S Line"
    ]
  },
  {
    "value": "Q7 4.2 Quattro",
    "synonyms": [
      "Q7 4.2 Quattro",
      "Q 7  4.2 Quattro"
    ]
  },
  {
    "value": "Q7 4.2 Quattro Premium",
    "synonyms": [
      "Q7 4.2 Quattro Premium",
      "Q 7  4.2 Quattro Premium"
    ]
  },
  {
    "value": "Q7 4.2 S-Line",
    "synonyms": [
      "Q7 4.2 S-Line",
      "Q 7  4.2 S-Line",
      "Q7 4.2 S Line"
    ]
  },
  {
    "value": "Q8 3.0T Quattro",
    "synonyms": [
      "Q8 3.0T Quattro",
      "Q 8  3.0T Quattro"
    ]
  },
  {
    "value": "Quattro",
    "synonyms": [
      "Quattro"
    ]
  },
  {
    "value": "R8 4.2 Quattro",
    "synonyms": [
      "R8 4.2 Quattro",
      "R 8  4.2 Quattro"
    ]
  },
  {
    "value": "R8 5.2 Coupe",
    "synonyms": [
      "R8 5.2 Coupe",
      "R 8  5.2 Coupe"
    ]
  },
  {
    "value": "R8 5.2 Quattro",
    "synonyms": [
      "R8 5.2 Quattro",
      "R 8  5.2 Quattro"
    ]
  },
  {
    "value": "R8 5.2 Spyder",
    "synonyms": [
      "R8 5.2 Spyder",
      "R 8  5.2 Spyder"
    ]
  },
  {
    "value": "RS 4",
    "synonyms": [
      "RS 4",
      "RS  4 "
    ]
  },
  {
    "value": "RS e-tron GT",
    "synonyms": [
      "RS e-tron GT",
      "RS e tron GT"
    ]
  },
  {
    "value": "RS Q8 Quattro",
    "synonyms": [
      "RS Q8 Quattro",
      "RS Q 8  Quattro"
    ]
  },
  {
    "value": "RS3 Quattro",
    "synonyms": [
      "RS3 Quattro",
      "RS 3  Quattro"
    ]
  },
  {
    "value": "RS4 Cabriolet Quattro",
    "synonyms": [
      "RS4 Cabriolet Quattro",
      "RS 4  Cabriolet Quattro"
    ]
  },
  {
    "value": "RS4 Quattro",
    "synonyms": [
      "RS4 Quattro",
      "RS 4  Quattro"
    ]
  },
  {
    "value": "RS5 Quattro",
    "synonyms": [
      "RS5 Quattro",
      "RS 5  Quattro"
    ]
  },
  {
    "value": "RS5 Sportback Quattro",
    "synonyms": [
      "RS5 Sportback Quattro",
      "RS 5  Sportback Quattro"
    ]
  },
  {
    "value": "RS6 Avant Quattro",
    "synonyms": [
      "RS6 Avant Quattro",
      "RS 6  Avant Quattro"
    ]
  },
  {
    "value": "RS6 Quattro",
    "synonyms": [
      "RS6 Quattro",
      "RS 6  Quattro"
    ]
  },
  {
    "value": "RS7 Quattro",
    "synonyms": [
      "RS7 Quattro",
      "RS 7  Quattro"
    ]
  },
  {
    "value": "RS7 Sportback Quattro",
    "synonyms": [
      "RS7 Sportback Quattro",
      "RS 7  Sportback Quattro"
    ]
  },
  {
    "value": "S3 2.0L Quattro",
    "synonyms": [
      "S3 2.0L Quattro",
      "S 3  2.0L Quattro"
    ]
  },
  {
    "value": "S3 2.0T Quattro",
    "synonyms": [
      "S3 2.0T Quattro",
      "S 3  2.0T Quattro"
    ]
  },
  {
    "value": "S4",
    "synonyms": [
      "S4",
      "S 4 "
    ]
  },
  {
    "value": "S4 2.7 Quattro",
    "synonyms": [
      "S4 2.7 Quattro",
      "S 4  2.7 Quattro"
    ]
  },
  {
    "value": "S4 3.0T Quattro",
    "synonyms": [
      "S4 3.0T Quattro",
      "S 4  3.0T Quattro"
    ]
  },
  {
    "value": "S4 Avant Quattro",
    "synonyms": [
      "S4 Avant Quattro",
      "S 4  Avant Quattro"
    ]
  },
  {
    "value": "S4 Cabriolet Quattro",
    "synonyms": [
      "S4 Cabriolet Quattro",
      "S 4  Cabriolet Quattro"
    ]
  },
  {
    "value": "S4 Progressiv",
    "synonyms": [
      "S4 Progressiv",
      "S 4  Progressiv"
    ]
  },
  {
    "value": "S4 Quattro",
    "synonyms": [
      "S4 Quattro",
      "S 4  Quattro"
    ]
  },
  {
    "value": "S4 Technik",
    "synonyms": [
      "S4 Technik",
      "S 4  Technik"
    ]
  },
  {
    "value": "S5 3.0T Quattro",
    "synonyms": [
      "S5 3.0T Quattro",
      "S 5  3.0T Quattro"
    ]
  },
  {
    "value": "S5 Cabriolet Quattro",
    "synonyms": [
      "S5 Cabriolet Quattro",
      "S 5  Cabriolet Quattro"
    ]
  },
  {
    "value": "S5 Quattro",
    "synonyms": [
      "S5 Quattro",
      "S 5  Quattro"
    ]
  },
  {
    "value": "S5 Sportback Quattro",
    "synonyms": [
      "S5 Sportback Quattro",
      "S 5  Sportback Quattro"
    ]
  },
  {
    "value": "S6 2.9T Quattro",
    "synonyms": [
      "S6 2.9T Quattro",
      "S 6  2.9T Quattro"
    ]
  },
  {
    "value": "S6 4.0T Quattro",
    "synonyms": [
      "S6 4.0T Quattro",
      "S 6  4.0T Quattro"
    ]
  },
  {
    "value": "S6 Avant Quattro",
    "synonyms": [
      "S6 Avant Quattro",
      "S 6  Avant Quattro"
    ]
  },
  {
    "value": "S6 Quattro",
    "synonyms": [
      "S6 Quattro",
      "S 6  Quattro"
    ]
  },
  {
    "value": "S7 2.9T Sportback Quattro",
    "synonyms": [
      "S7 2.9T Sportback Quattro",
      "S 7  2.9T Sportback Quattro"
    ]
  },
  {
    "value": "S7 4.0T Quattro",
    "synonyms": [
      "S7 4.0T Quattro",
      "S 7  4.0T Quattro"
    ]
  },
  {
    "value": "S8 Quattro",
    "synonyms": [
      "S8 Quattro",
      "S 8  Quattro"
    ]
  },
  {
    "value": "Sport 90",
    "synonyms": [
      "Sport 90",
      "Sport  9 0 "
    ]
  },
  {
    "value": "Sport 90 Quattro",
    "synonyms": [
      "Sport 90 Quattro",
      "Sport  9 0  Quattro"
    ]
  },
  {
    "value": "SQ5 3.0 T",
    "synonyms": [
      "SQ5 3.0 T",
      "SQ 5  3.0 T"
    ]
  },
  {
    "value": "SQ7 Quattro",
    "synonyms": [
      "SQ7 Quattro",
      "SQ 7  Quattro"
    ]
  },
  {
    "value": "SQ8 Quattro",
    "synonyms": [
      "SQ8 Quattro",
      "SQ 8  Quattro"
    ]
  },
  {
    "value": "TT",
    "synonyms": [
      "TT"
    ]
  },
  {
    "value": "TT Coupe",
    "synonyms": [
      "TT Coupe"
    ]
  },
  {
    "value": "TT Coupe Quattro",
    "synonyms": [
      "TT Coupe Quattro"
    ]
  },
  {
    "value": "TT Roadster",
    "synonyms": [
      "TT Roadster"
    ]
  },
  {
    "value": "TT Roadster Quattro",
    "synonyms": [
      "TT Roadster Quattro"
    ]
  },
  {
    "value": "TT RS Quattro",
    "synonyms": [
      "TT RS Quattro"
    ]
  },
  {
    "value": "TTS",
    "synonyms": [
      "TTS"
    ]
  },
  {
    "value": "TTS Coupe Quattro",
    "synonyms": [
      "TTS Coupe Quattro"
    ]
  },
  {
    "value": "V8 Quattro",
    "synonyms": [
      "V8 Quattro",
      "V 8  Quattro"
    ]
  }
]