[
  {
    "id": "b4488d86-f217-47f8-bcd6-3405335e7551",
    "data": [
      {
        "text": "Am.",
        "userDefined": false
      }
    ],
    "isTemplate": false,
    "count": 0,
    "lang": "en",
    "updated": 0
  },
  {
    "id": "d2c9b4f7-4466-451c-b481-a8732d2b463f",
    "data": [
      {
        "text": "I want to come in the morning",
        "userDefined": false
      }
    ],
    "isTemplate": false,
    "count": 0,
    "lang": "en",
    "updated": 0
  },
  {
    "id": "46cce77f-eab0-4725-baeb-44f879901fc6",
    "data": [
      {
        "text": "a.m.",
        "userDefined": false
      }
    ],
    "isTemplate": false,
    "count": 0,
    "lang": "en",
    "updated": 0
  },
  {
    "id": "fa70058c-4b93-47f6-ba76-4e6406e34959",
    "data": [
      {
        "text": "morning",
        "userDefined": false
      }
    ],
    "isTemplate": false,
    "count": 0,
    "lang": "en",
    "updated": 0
  }
]