[
  {
    "value": "Defender",
    "synonyms": [
      "Defender"
    ]
  },
  {
    "value": "Discovery",
    "synonyms": [
      "Discovery"
    ]
  },
  {
    "value": "Discovery Sport",
    "synonyms": [
      "Discovery Sport"
    ]
  },
  {
    "value": "Freelander",
    "synonyms": [
      "Freelander"
    ]
  },
  {
    "value": "LR2",
    "synonyms": [
      "LR2"
    ]
  },
  {
    "value": "LR3",
    "synonyms": [
      "LR3"
    ]
  },
  {
    "value": "LR4",
    "synonyms": [
      "LR4"
    ]
  },
  {
    "value": "New Range Rover",
    "synonyms": [
      "New Range Rover",
      "New"
    ]
  },
  {
    "value": "Range Rover Evoque",
    "synonyms": [
      "Range Rover Evoque",
      "Evoque"
    ]
  },
  {
    "value": "Range Rover Sport",
    "synonyms": [
      "Range Rover Sport",
      "Sport"
    ]
  },
  {
    "value": "Range Rover Velar",
    "synonyms": [
      "Range Rover Velar",
      "Velar"
    ]
  }
]