[
  {
    "value": "carModel",
    "synonyms": [
      "carModel"
    ]
  },
  {
    "value": "A220",
    "synonyms": [
      "A220",
      "A 220",
      "A 2 20"
    ]
  },
  {
    "value": "AMG A35",
    "synonyms": [
      "AMG A35",
      "AMG A 35",
      "A 35"
    ]
  },
  {
    "value": "AMG C43",
    "synonyms": [
      "AMG C43",
      "AMG C 43",
      "C 43"
    ]
  },
  {
    "value": "AMG C63",
    "synonyms": [
      "AMG C63",
      "AMG C 63",
      "C 63"
    ]
  },
  {
    "value": "AMG CLA35",
    "synonyms": [
      "AMG CLA35",
      "AMG CLA 35",
      "AMG C L A 35",
      "CLA35",
      "CLA 35",
      "CL A 35"
    ]
  },
  {
    "value": "AMG CLA45",
    "synonyms": [
      "AMG CLA45",
      "AMG CLA 45",
      "AMG C L A 45",
      "CLA45",
      "CLA 45",
      "CL A 45"
    ]
  },
  {
    "value": "AMG CLS53",
    "synonyms": [
      "AMG CLS53",
      "AMG CLS 35",
      "AMG C L S 53",
      "CLS53",
      "CLS 53",
      "CL S 53"
    ]
  },
  {
    "value": "AMG CLS63",
    "synonyms": [
      "AMG CLS63",
      "AMG CLS 63",
      "AMG C L S 63",
      "CLS63",
      "CLS 63",
      "CL S 63"
    ]
  },
  {
    "value": "AMG E43",
    "synonyms": [
      "AMG E43",
      "AMG E 43",
      "E43",
      "E 43"
    ]
  },
  {
    "value": "AMG E53",
    "synonyms": [
      "AMG E53",
      "AMG E 53",
      "E53",
      "E 53"
    ]
  },
  {
    "value": "AMG E63",
    "synonyms": [
      "AMG E63",
      "AMG E 63",
      "E63",
      "E 63"
    ]
  },
  {
    "value": "AMG EQS",
    "synonyms": [
      "AMG EQS",
      "EQS",
      "E Q S"
    ]
  },
  {
    "value": "AMG EQS53",
    "synonyms": [
      "AMG EQS53",
      "AMG EQS 53",
      "EQS53",
      "EQS 53"
    ]
  },
  {
    "value": "AMG G63",
    "synonyms": [
      "AMG G63",
      "AMG G 63",
      "G63",
      "G 63"
    ]
  },
  {
    "value": "AMG G65",
    "synonyms": [
      "AMG G65",
      "AMG G 65",
      "G65",
      "G 65"
    ]
  },
  {
    "value": "AMG GL63",
    "synonyms": [
      "AMG GL63",
      "AMG GL 63",
      "GL63",
      "GL 63"
    ]
  },
  {
    "value": "AMG GLA35",
    "synonyms": [
      "AMG GLA35",
      "AMG GLA 35",
      "AMG G L A 35",
      "GLA35",
      "GLA 35",
      "GL A 35"
    ]
  },
  {
    "value": "AMG GLA45",
    "synonyms": [
      "AMG GLA45",
      "AMG GLA 45",
      "AMG G L A 45",
      "GLA45",
      "GLA 45",
      "GL A 45"
    ]
  },
  {
    "value": "AMG GLB35",
    "synonyms": [
      "AMG GLB35",
      "AMG GLB 35",
      "AMG G L B 35",
      "GLB35",
      "GLB 35",
      "GL B 35"
    ]
  },
  {
    "value": "AMG GLC43",
    "synonyms": [
      "AMG GLC43",
      "AMG GLC 43",
      "AMG G L C 43",
      "GLC43",
      "GLC 43",
      "GL C 43"
    ]
  },
  {
    "value": "AMG GLC63",
    "synonyms": [
      "AMG GLC63",
      "AMG GLC 63",
      "AMG G L C 63",
      "GLC63",
      "GLC 63",
      "GL C 63"
    ]
  },
  {
    "value": "AMG GLE43",
    "synonyms": [
      "AMG GLE43",
      "AMG GLE 43",
      "AMG G L E 43",
      "GLE43",
      "GLE 43",
      "GL E 43"
    ]
  },
  {
    "value": "AMG GLE450",
    "synonyms": [
      "AMG GLE450",
      "AMG GLE 450",
      "AMG G L E 450",
      "AMG G L E 4 50",
      "GLE450",
      "GLE 450",
      "GL E 450",
      "GL E 4 50"
    ]
  },
  {
    "value": "AMG GLE53",
    "synonyms": [
      "AMG GLE53",
      "AMG GLE 53",
      "AMG G L E 53",
      "GLE53",
      "GLE 53",
      "GL E 53"
    ]
  },
  {
    "value": "AMG GLE63",
    "synonyms": [
      "AMG GLE63",
      "AMG GLE 63",
      "AMG G L E 63",
      "GLE63",
      "GLE 63",
      "GL E 63"
    ]
  },
  {
    "value": "AMG GLS63",
    "synonyms": [
      "AMG GLS63",
      "AMG GLS 63",
      "AMG G L S 63",
      "GLS63",
      "GLS 63",
      "GL S 63"
    ]
  },
  {
    "value": "AMG GT",
    "synonyms": [
      "AMG GT",
      "GT"
    ]
  },
  {
    "value": "AMG GT43",
    "synonyms": [
      "AMG GT43",
      "AMG GT 43",
      "GT43",
      "GT 43"
    ]
  },
  {
    "value": "AMG GT53",
    "synonyms": [
      "AMG GT53",
      "AMG GT 53",
      "GT53",
      "GT 53"
    ]
  },
  {
    "value": "AMG GT63",
    "synonyms": [
      "AMG GT63",
      "AMG GT 63",
      "GT63",
      "GT 63"
    ]
  },
  {
    "value": "AMG S63",
    "synonyms": [
      "AMG S63",
      "AMG S 63",
      "S63",
      "S 63"
    ]
  },
  {
    "value": "AMG S65",
    "synonyms": [
      "AMG S65",
      "AMG S 65",
      "S65",
      "S 65"
    ]
  },
  {
    "value": "AMG SL55",
    "synonyms": [
      "AMG SL55",
      "AMG SL 55",
      "SL55",
      "SL 55"
    ]
  },
  {
    "value": "AMG SL63",
    "synonyms": [
      "AMG SL63",
      "AMG SL 63",
      "SL63",
      "SL 63"
    ]
  },
  {
    "value": "AMG SL65",
    "synonyms": [
      "AMG SL65",
      "AMG SL 65",
      "SL65",
      "SL 65"
    ]
  },
  {
    "value": "AMG SLC43",
    "synonyms": [
      "AMG SLC43",
      "AMG SLC 43",
      "SLC43",
      "SLC 43"
    ]
  },
  {
    "value": "AMG SLK55",
    "synonyms": [
      "AMG SLK55",
      "AMG SLK 55",
      "SLK55",
      "SLK 55"
    ]
  },
  {
    "value": "B-CLASS",
    "synonyms": [
      "B-CLASS",
      "B CLASS"
    ]
  },
  {
    "value": "B250E",
    "synonyms": [
      "B250E",
      "B 250 E",
      "B 2 50 E"
    ]
  },
  {
    "value": "C230",
    "synonyms": [
      "C230",
      "C 230",
      "C 2 30"
    ]
  },
  {
    "value": "C240",
    "synonyms": [
      "C240",
      "C 240",
      "C 2 40"
    ]
  },
  {
    "value": "C250",
    "synonyms": [
      "C250",
      "C 250",
      "C 2 50"
    ]
  },
  {
    "value": "C280",
    "synonyms": [
      "C280",
      "C 280",
      "C 2 80"
    ]
  },
  {
    "value": "C300",
    "synonyms": [
      "C300",
      "C 300",
      "C 3 hundred"
    ]
  },
  {
    "value": "C32 AMG",
    "synonyms": [
      "C32 AMG",
      "C 32 AMG"
    ]
  },
  {
    "value": "C320",
    "synonyms": [
      "C320",
      "C 320",
      "C 3 20"
    ]
  },
  {
    "value": "C350",
    "synonyms": [
      "C350",
      "C 350",
      "C 3 50"
    ]
  },
  {
    "value": "C350E",
    "synonyms": [
      "C350E",
      "C 350 E",
      "C 3 50 E"
    ]
  },
  {
    "value": "C400",
    "synonyms": [
      "C400",
      "C 400",
      "C 4 hundred"
    ]
  },
  {
    "value": "C450",
    "synonyms": [
      "C450",
      "C 450",
      "C 4 50"
    ]
  },
  {
    "value": "C55 AMG",
    "synonyms": [
      "C55 AMG",
      "C 55 AMG"
    ]
  },
  {
    "value": "C63 AMG",
    "synonyms": [
      "C63 AMG",
      "C 63 AMG"
    ]
  },
  {
    "value": "CL500",
    "synonyms": [
      "CL500",
      "CL 500",
      "CL 5 hundred"
    ]
  },
  {
    "value": "CL55 AMG",
    "synonyms": [
      "CL55 AMG",
      "CL 55 AMG",
      "CL55",
      "CL 55"
    ]
  },
  {
    "value": "CL550",
    "synonyms": [
      "CL550",
      "CL 550",
      "CL 5 50"
    ]
  },
  {
    "value": "CL600",
    "synonyms": [
      "CL600",
      "CL 600",
      "CL 6 hundred"
    ]
  },
  {
    "value": "CL63 AMG",
    "synonyms": [
      "CL63 AMG",
      "CL 63 AMG",
      "CL63",
      "CL 63"
    ]
  },
  {
    "value": "CL65 AMG",
    "synonyms": [
      "CL65 AMG",
      "CL 65 AMG",
      "CL65",
      "CL 65"
    ]
  },
  {
    "value": "CLA250",
    "synonyms": [
      "CLA250",
      "CLA 250",
      "CL A 2 50"
    ]
  },
  {
    "value": "CLA45 AMG",
    "synonyms": [
      "CLA45 AMG",
      "CLA 45 AMG",
      "CLA45",
      "CLA 45",
      "CL A 45"
    ]
  },
  {
    "value": "CLK320",
    "synonyms": [
      "CLK320",
      "CLK 320",
      "CLK 3 20"
    ]
  },
  {
    "value": "CLK350",
    "synonyms": [
      "CLK350",
      "CLK 350",
      "CLK 3 50"
    ]
  },
  {
    "value": "CLK430",
    "synonyms": [
      "CLK430",
      "CLK 430",
      "CLK 4 30"
    ]
  },
  {
    "value": "CLK500",
    "synonyms": [
      "CLK500",
      "CLK 500",
      "CLK 5 hundred"
    ]
  },
  {
    "value": "CLK55 AMG",
    "synonyms": [
      "CLK55 AMG",
      "CLK 55 AMG",
      "CLK55",
      "CLK 55"
    ]
  },
  {
    "value": "CLK550",
    "synonyms": [
      "CLK550",
      "CLK 550",
      "CLK 5 50"
    ]
  },
  {
    "value": "CLK63 AMG",
    "synonyms": [
      "CLK63 AMG",
      "CLK 63 AMG",
      "CLK63",
      "CLK 63"
    ]
  },
  {
    "value": "CLS400",
    "synonyms": [
      "CLS400",
      "CLS 400",
      "CLS 4 hundred"
    ]
  },
  {
    "value": "CLS450",
    "synonyms": [
      "CLS450",
      "CLS 450",
      "CLS 4 50"
    ]
  },
  {
    "value": "CLS500",
    "synonyms": [
      "CLS500",
      "CLS 500",
      "CLS 5 hundred"
    ]
  },
  {
    "value": "CLS55 AMG",
    "synonyms": [
      "CLS55 AMG",
      "CLS 55 AMG",
      "CLS55",
      "CLS 55"
    ]
  },
  {
    "value": "CLS550",
    "synonyms": [
      "CLS550",
      "CLS 550",
      "CLS 5 50"
    ]
  },
  {
    "value": "CLS63 AMG",
    "synonyms": [
      "CLS63 AMG",
      "CLS 63 AMG",
      "CLS63",
      "CLS 63"
    ]
  },
  {
    "value": "E250",
    "synonyms": [
      "E250",
      "E 250",
      "E 2 50"
    ]
  },
  {
    "value": "E300",
    "synonyms": [
      "E300",
      "E 300",
      "E 3 hundred"
    ]
  },
  {
    "value": "E320",
    "synonyms": [
      "E320",
      "E 320",
      "E 3 20"
    ]
  },
  {
    "value": "E350",
    "synonyms": [
      "E350",
      "E 350",
      "E 3 50"
    ]
  },
  {
    "value": "E350E",
    "synonyms": [
      "E350E",
      "E 350E",
      "E 350 E",
      "E 3 50 E"
    ]
  },
  {
    "value": "E400",
    "synonyms": [
      "E400",
      "E 400",
      "E 4 hundred"
    ]
  },
  {
    "value": "E400 HYBRID",
    "synonyms": [
      "E400 HYBRID",
      "E 400 HYBRID",
      "E 4 hundred HYBRID"
    ]
  },
  {
    "value": "E430",
    "synonyms": [
      "E430",
      "E 430",
      "E 4 30"
    ]
  },
  {
    "value": "E450",
    "synonyms": [
      "E450",
      "E 450",
      "E 4 50"
    ]
  },
  {
    "value": "E500",
    "synonyms": [
      "E500",
      "E 500",
      "E 5 hundred"
    ]
  },
  {
    "value": "E55 AMG",
    "synonyms": [
      "E55 AMG",
      "E 55 AMG",
      "E55",
      "E 55"
    ]
  },
  {
    "value": "E550",
    "synonyms": [
      "E550",
      "E 550",
      "E 5 50"
    ]
  },
  {
    "value": "E63 AMG",
    "synonyms": [
      "E63 AMG",
      "E 63 AMG",
      "E 63"
    ]
  },
  {
    "value": "EQB300",
    "synonyms": [
      "EQB300",
      "EQB 300",
      "EQB 3 hundred"
    ]
  },
  {
    "value": "EQB350",
    "synonyms": [
      "EQB350",
      "EQB 350",
      "EQB 3 50"
    ]
  },
  {
    "value": "EQE350",
    "synonyms": [
      "EQE350",
      "EQE 350",
      "EQE 3 50"
    ]
  },
  {
    "value": "EQS450",
    "synonyms": [
      "EQS450",
      "EQS 450",
      "EQS 4 50"
    ]
  },
  {
    "value": "EQS580",
    "synonyms": [
      "EQS580",
      "EQS 580",
      "EQS 5 80"
    ]
  },
  {
    "value": "G500",
    "synonyms": [
      "G500",
      "G 500",
      "G 5 hundred"
    ]
  },
  {
    "value": "G55 AMG",
    "synonyms": [
      "G55 AMG",
      "G 55 AMG",
      "G55",
      "G 55"
    ]
  },
  {
    "value": "G550",
    "synonyms": [
      "G550",
      "G 550",
      "G 5 50"
    ]
  },
  {
    "value": "G63 AMG",
    "synonyms": [
      "G63 AMG",
      "G 63 AMG",
      "G63",
      "G 63"
    ]
  },
  {
    "value": "GL320",
    "synonyms": [
      "GL320",
      "GL 320",
      "GL 3 20"
    ]
  },
  {
    "value": "GL350",
    "synonyms": [
      "GL350",
      "GL 350",
      "GL 3 50"
    ]
  },
  {
    "value": "GL450",
    "synonyms": [
      "GL450",
      "GL 450",
      "GL 4 50"
    ]
  },
  {
    "value": "GL550",
    "synonyms": [
      "GL550",
      "GL 550",
      "GL 5 50"
    ]
  },
  {
    "value": "GL63 AMG",
    "synonyms": [
      "GL63 AMG",
      "GL 63 AMG",
      "GL63",
      "GL 63"
    ]
  },
  {
    "value": "GLA250",
    "synonyms": [
      "GLA250",
      "GLA 250",
      "GLA 2 50"
    ]
  },
  {
    "value": "GLA45 AMG",
    "synonyms": [
      "GLA45 AMG",
      "GLA 45 AMG",
      "GLA 45"
    ]
  },
  {
    "value": "GLB250",
    "synonyms": [
      "GLB250",
      "GLB 250",
      "GLB 2 50"
    ]
  },
  {
    "value": "GLC300",
    "synonyms": [
      "GLC300",
      "GLC 300",
      "GLC 3 hundred"
    ]
  },
  {
    "value": "GLC350E",
    "synonyms": [
      "GLC350E",
      "GLC 350 E",
      "GLC 3 50 E"
    ]
  },
  {
    "value": "GLE300D",
    "synonyms": [
      "GLE300D",
      "GLE 300 D",
      "GL E 300 D"
    ]
  },
  {
    "value": "GLE350",
    "synonyms": [
      "GLE350",
      "GLE 350",
      "GLE 3 50"
    ]
  },
  {
    "value": "GLE350E",
    "synonyms": [
      "GLE350E",
      "GLE 350 E",
      "GLE 3 50 E"
    ]
  },
  {
    "value": "GLE400",
    "synonyms": [
      "GLE400",
      "GLE 400",
      "GLE 4 hundred"
    ]
  },
  {
    "value": "GLE450",
    "synonyms": [
      "GLE450",
      "GLE 450",
      "GLE 4 50",
      "GL E 4 50"
    ]
  },
  {
    "value": "GLE550E",
    "synonyms": [
      "GLE550E",
      "GLE 550 E",
      "GLE 5 50 E"
    ]
  },
  {
    "value": "GLE580",
    "synonyms": [
      "GLE580",
      "GLE 580 E",
      "GLE 5 80 E"
    ]
  },
  {
    "value": "GLK250",
    "synonyms": [
      "GLK250",
      "GLK 250"
    ]
  },
  {
    "value": "GLK350",
    "synonyms": [
      "GLK350",
      "GLK 350"
    ]
  },
  {
    "value": "GLS350D",
    "synonyms": [
      "GLS350D",
      "GLS 350 D",
      "GLS 3 50 D"
    ]
  },
  {
    "value": "GLS450",
    "synonyms": [
      "GLS450",
      "GLS 450",
      "GLS 4 50"
    ]
  },
  {
    "value": "GLS550",
    "synonyms": [
      "GLS550",
      "GLS 550",
      "GLS 5 50"
    ]
  },
  {
    "value": "GLS580",
    "synonyms": [
      "GLS580",
      "GLS 580",
      "GLS 5 80"
    ]
  },
  {
    "value": "MAYBACH GLS600",
    "synonyms": [
      "MAYBACH GLS600",
      "MAYBACH GLS 600",
      "GLS600",
      "GLS 600"
    ]
  },
  {
    "value": "MAYBACH S550",
    "synonyms": [
      "MAYBACH S550",
      "MAYBACH GLS 550",
      "GLS550",
      "GLS 550",
      "GLS 5 50"
    ]
  },
  {
    "value": "MAYBACH S560",
    "synonyms": [
      "MAYBACH S560",
      "MAYBACH GLS 560",
      "GLS560",
      "GLS 560",
      "GLS 5 60"
    ]
  },
  {
    "value": "MAYBACH S580",
    "synonyms": [
      "MAYBACH S580",
      "MAYBACH GLS 580",
      "GLS580",
      "GLS 580",
      "GLS 5 80"
    ]
  },
  {
    "value": "MAYBACH S600",
    "synonyms": [
      "MAYBACH S600",
      "MAYBACH S 600",
      "S600",
      "S 600"
    ]
  },
  {
    "value": "MAYBACH S650",
    "synonyms": [
      "MAYBACH S650",
      "MAYBACH S 650",
      "S650",
      "S 650",
      "S 6 50"
    ]
  },
  {
    "value": "MAYBACH S680",
    "synonyms": [
      "MAYBACH S680",
      "MAYBACH S 680",
      "S680",
      "S 680",
      "S 5 80"
    ]
  },
  {
    "value": "ML250",
    "synonyms": [
      "ML250",
      "ML 250",
      "ML 2 50"
    ]
  },
  {
    "value": "ML320",
    "synonyms": [
      "ML320",
      "ML 320",
      "ML 3 20"
    ]
  },
  {
    "value": "ML350",
    "synonyms": [
      "ML350",
      "ML 350",
      "ML 3 50"
    ]
  },
  {
    "value": "ML400",
    "synonyms": [
      "ML400",
      "ML 400"
    ]
  },
  {
    "value": "ML430",
    "synonyms": [
      "ML430",
      "ML 430",
      "ML 4 30"
    ]
  },
  {
    "value": "ML450",
    "synonyms": [
      "ML450",
      "ML 450",
      "ML 4 50"
    ]
  },
  {
    "value": "ML500",
    "synonyms": [
      "ML500",
      "ML 500"
    ]
  },
  {
    "value": "ML55 AMG",
    "synonyms": [
      "ML55 AMG",
      "ML 55 AMG",
      "ML 55"
    ]
  },
  {
    "value": "ML550",
    "synonyms": [
      "ML550",
      "ML 550",
      "ML 5 50"
    ]
  },
  {
    "value": "ML63 AMG",
    "synonyms": [
      "ML63 AMG",
      "ML 63 AMG",
      "ML63"
    ]
  },
  {
    "value": "R320",
    "synonyms": [
      "R320",
      "R 320",
      "R 3 20"
    ]
  },
  {
    "value": "R350",
    "synonyms": [
      "R350",
      "R 350",
      "R 3 50"
    ]
  },
  {
    "value": "R500",
    "synonyms": [
      "R500",
      "R 500"
    ]
  },
  {
    "value": "R63 AMG",
    "synonyms": [
      "R63 AMG",
      "R 63 AMG",
      "R63"
    ]
  },
  {
    "value": "S350",
    "synonyms": [
      "S350",
      "S 350",
      "S 3 50"
    ]
  },
  {
    "value": "S400",
    "synonyms": [
      "S400",
      "S 400"
    ]
  },
  {
    "value": "S430",
    "synonyms": [
      "S430",
      "S 430",
      "S 4 30"
    ]
  },
  {
    "value": "S450",
    "synonyms": [
      "S450",
      "S 450",
      "S 4 50"
    ]
  },
  {
    "value": "S500",
    "synonyms": [
      "S500",
      "S 500"
    ]
  },
  {
    "value": "S55 AMG",
    "synonyms": [
      "S55 AMG",
      "S 55 AMG",
      "S55"
    ]
  },
  {
    "value": "S550",
    "synonyms": [
      "S550",
      "S 550",
      "S 5 50"
    ]
  },
  {
    "value": "S550 HYBRID",
    "synonyms": [
      "S550 HYBRID",
      "S 550 HYBRID",
      "S 5 50 HYBRID"
    ]
  },
  {
    "value": "S550E",
    "synonyms": [
      "S550E",
      "S 550E",
      "S550 E",
      "S 5 50 E"
    ]
  },
  {
    "value": "S560",
    "synonyms": [
      "S560",
      "S 560",
      "S 5 60"
    ]
  },
  {
    "value": "S560E",
    "synonyms": [
      "S560E",
      "S 560E",
      "S 5 60 E"
    ]
  },
  {
    "value": "S580",
    "synonyms": [
      "S580",
      "S 580",
      "S 5 80"
    ]
  },
  {
    "value": "S600",
    "synonyms": [
      "S600",
      "S 600"
    ]
  },
  {
    "value": "S63 AMG",
    "synonyms": [
      "S63 AMG",
      "S 63 AMG"
    ]
  },
  {
    "value": "S65 AMG",
    "synonyms": [
      "S65 AMG",
      "S 65 AMG"
    ]
  },
  {
    "value": "SL400",
    "synonyms": [
      "SL400",
      "SL 400"
    ]
  },
  {
    "value": "SL450",
    "synonyms": [
      "SL450",
      "SL 450",
      "SL 4 50"
    ]
  },
  {
    "value": "SL500",
    "synonyms": [
      "SL500",
      "SL 500"
    ]
  },
  {
    "value": "SL55 AMG",
    "synonyms": [
      "SL55 AMG",
      "SL 55 AMG",
      "SL55"
    ]
  },
  {
    "value": "SL550",
    "synonyms": [
      "SL550",
      "SL 550",
      "SL 5 50"
    ]
  },
  {
    "value": "SL600",
    "synonyms": [
      "SL600",
      "SL 600"
    ]
  },
  {
    "value": "SL63 AMG",
    "synonyms": [
      "SL63 AMG",
      "SL 63 AMG",
      "SL 63"
    ]
  },
  {
    "value": "SL65 AMG",
    "synonyms": [
      "SL65 AMG",
      "SL 65 AMG",
      "SL 65"
    ]
  },
  {
    "value": "SLC300",
    "synonyms": [
      "SLC300",
      "SLC 300"
    ]
  },
  {
    "value": "SLK230",
    "synonyms": [
      "SLK230",
      "SLK 230",
      "SLK 2 30"
    ]
  },
  {
    "value": "SLK250",
    "synonyms": [
      "SLK250",
      "SLK 250",
      "SLK 2 50"
    ]
  },
  {
    "value": "SLK280",
    "synonyms": [
      "SLK280",
      "SLK 280",
      "SLK 2 80"
    ]
  },
  {
    "value": "SLK300",
    "synonyms": [
      "SLK300",
      "SLK 300"
    ]
  },
  {
    "value": "SLK32 AMG",
    "synonyms": [
      "SLK32 AMG",
      "SLK 32 AMG",
      "SLK 32"
    ]
  },
  {
    "value": "SLK320",
    "synonyms": [
      "SLK320",
      "SLK 320",
      "SLK 3 20"
    ]
  },
  {
    "value": "SLK350",
    "synonyms": [
      "SLK350",
      "SLK 350",
      "SLK 3 50"
    ]
  },
  {
    "value": "SLK55 AMG",
    "synonyms": [
      "SLK55 AMG",
      "SLK 55 AMG",
      "SLK55"
    ]
  },
  {
    "value": "SLR",
    "synonyms": [
      "SLR",
      "S L R"
    ]
  },
  {
    "value": "SLS AMG",
    "synonyms": [
      "SLS AMG",
      "S L S AMG",
      "SLS",
      "S L S"
    ]
  },
  {
    "value": "GLE",
    "synonyms": [
      "GLE",
      "GL e"
    ]
  },
  {
    "value": "C-CLASS",
    "synonyms": [
      "C-CLASS",
      "C class"
    ]
  },
  {
    "value": "E-CLASS",
    "synonyms": [
      "E-CLASS",
      "E Class"
    ]
  },
  {
    "value": "S-CLASS",
    "synonyms": [
      "S-CLASS",
      "S Class"
    ]
  },
  {
    "value": "METRIS",
    "synonyms": [
      "METRIS"
    ]
  }
]