[
  {
    "id": "7144c4cb-f5d3-4994-bc18-48ca8eb1a2ae",
    "data": [
      {
        "text": "service department",
        "userDefined": false
      }
    ],
    "isTemplate": false,
    "count": 0,
    "lang": "en",
    "updated": 0
  },
  {
    "id": "7d99190b-8b5f-4e3c-89ce-27f432f345aa",
    "data": [
      {
        "text": "services",
        "userDefined": false
      }
    ],
    "isTemplate": false,
    "count": 0,
    "lang": "en",
    "updated": 0
  },
  {
    "id": "613f215b-5a80-4ff7-ac47-df0a02e1a0be",
    "data": [
      {
        "text": "serv",
        "userDefined": false
      }
    ],
    "isTemplate": false,
    "count": 0,
    "lang": "en",
    "updated": 0
  },
  {
    "id": "04a6adc5-f481-4421-87f9-23321d48370c",
    "data": [
      {
        "text": "serve",
        "userDefined": false
      }
    ],
    "isTemplate": false,
    "count": 0,
    "lang": "en",
    "updated": 0
  },
  {
    "id": "178d63d7-03db-497b-9a66-7be631e698c8",
    "data": [
      {
        "text": "service",
        "userDefined": false
      }
    ],
    "isTemplate": false,
    "count": 0,
    "lang": "en",
    "updated": 0
  }
]