[
  {
    "id": "51034222-2111-43a1-9993-65c3d03c3d1c",
    "data": [
      {
        "text": "any",
        "meta": "@sys.any",
        "alias": "any",
        "userDefined": true
      },
      {
        "text": " ?",
        "userDefined": false
      }
    ],
    "isTemplate": false,
    "count": 0,
    "lang": "en",
    "updated": 0
  },
  {
    "id": "850c52f5-281b-4528-ae6c-3efe7745c2cc",
    "data": [
      {
        "text": "any",
        "meta": "@sys.any",
        "alias": "any",
        "userDefined": true
      },
      {
        "text": " ,",
        "userDefined": false
      }
    ],
    "isTemplate": false,
    "count": 0,
    "lang": "en",
    "updated": 0
  },
  {
    "id": "8ed30cf9-f766-4af0-9b0c-c2b96ae350e2",
    "data": [
      {
        "text": "any",
        "meta": "@sys.any",
        "alias": "any",
        "userDefined": true
      },
      {
        "text": " .",
        "userDefined": false
      }
    ],
    "isTemplate": false,
    "count": 0,
    "lang": "en",
    "updated": 0
  },
  {
    "id": "e48138b1-cf02-4bac-b578-6fc75a9fdcf6",
    "data": [
      {
        "text": "any",
        "meta": "@sys.any",
        "alias": "any",
        "userDefined": false
      }
    ],
    "isTemplate": false,
    "count": 0,
    "lang": "en",
    "updated": 0
  }
]