[
  {
    "id": "d7a9e3ac-0e96-49ae-a2bc-e8c896549333",
    "data": [
      {
        "text": "i want",
        "meta": "@preamble",
        "alias": "preamble",
        "userDefined": false
      },
      {
        "text": " a ",
        "userDefined": false
      },
      {
        "text": "pickup",
        "meta": "@wordsOperator",
        "alias": "wordsOperator",
        "userDefined": true
      }
    ],
    "isTemplate": false,
    "count": 0,
    "lang": "en",
    "updated": 0
  },
  {
    "id": "f09f0e5d-85a3-41ef-b5c7-f46f054de93e",
    "data": [
      {
        "text": "operator",
        "meta": "@wordsOperator",
        "alias": "wordsOperator",
        "userDefined": true
      }
    ],
    "isTemplate": false,
    "count": 0,
    "lang": "en",
    "updated": 0
  },
  {
    "id": "0c414c92-fc82-4fb1-b45f-9ad334f7d153",
    "data": [
      {
        "text": "pick up and delivery",
        "userDefined": false
      }
    ],
    "isTemplate": false,
    "count": 0,
    "lang": "en",
    "updated": 0
  },
  {
    "id": "9f4a1651-c9aa-4ae7-bb48-2f3812adc1fe",
    "data": [
      {
        "text": "lincoln",
        "userDefined": false
      }
    ],
    "isTemplate": false,
    "count": 0,
    "lang": "en",
    "updated": 0
  },
  {
    "id": "d6741e16-2514-4a3d-8f60-5231d52d5d2d",
    "data": [
      {
        "text": "lincoln pickup",
        "userDefined": false
      }
    ],
    "isTemplate": false,
    "count": 0,
    "lang": "en",
    "updated": 0
  },
  {
    "id": "674c6616-fa1f-424a-aef8-909a25583c1a",
    "data": [
      {
        "text": "pickup",
        "userDefined": false
      }
    ],
    "isTemplate": false,
    "count": 0,
    "lang": "en",
    "updated": 0
  },
  {
    "id": "a2e8b125-147a-4c7e-96cb-ac5264af6806",
    "data": [
      {
        "text": "courtesy",
        "userDefined": false
      }
    ],
    "isTemplate": false,
    "count": 0,
    "lang": "en",
    "updated": 0
  },
  {
    "id": "a6531202-dd8e-415f-8ac8-67647c4bfd6e",
    "data": [
      {
        "text": "loaner",
        "userDefined": false
      }
    ],
    "isTemplate": false,
    "count": 0,
    "lang": "en",
    "updated": 0
  },
  {
    "id": "245deabb-0fa1-4500-ba45-b41b108bd583",
    "data": [
      {
        "text": "lift",
        "userDefined": false
      }
    ],
    "isTemplate": false,
    "count": 0,
    "lang": "en",
    "updated": 0
  },
  {
    "id": "63ef2150-a1cf-4823-8185-76ba2d68c564",
    "data": [
      {
        "text": "valet",
        "userDefined": false
      }
    ],
    "isTemplate": false,
    "count": 0,
    "lang": "en",
    "updated": 0
  },
  {
    "id": "150698fc-fd48-42e1-89be-4099daa23588",
    "data": [
      {
        "text": "concierge",
        "userDefined": false
      }
    ],
    "isTemplate": false,
    "count": 0,
    "lang": "en",
    "updated": 0
  },
  {
    "id": "aa68be2f-ade9-4c93-a869-c1d5495db57f",
    "data": [
      {
        "text": "uber",
        "userDefined": false
      }
    ],
    "isTemplate": false,
    "count": 0,
    "lang": "en",
    "updated": 0
  },
  {
    "id": "7b0e0011-59cf-4b33-a206-6f8d65e88c12",
    "data": [
      {
        "text": "lyft",
        "userDefined": false
      }
    ],
    "isTemplate": false,
    "count": 1,
    "lang": "en",
    "updated": 0
  },
  {
    "id": "c9913915-ac7f-4809-9c76-b4f7627f9178",
    "data": [
      {
        "text": "rental car",
        "userDefined": false
      }
    ],
    "isTemplate": false,
    "count": 0,
    "lang": "en",
    "updated": 0
  },
  {
    "id": "e2815f15-c9c5-4082-851b-dad2bbaf222d",
    "data": [
      {
        "text": "recall",
        "meta": "@recall",
        "alias": "recall",
        "userDefined": true
      }
    ],
    "isTemplate": false,
    "count": 0,
    "lang": "en",
    "updated": 0
  },
  {
    "id": "20b2e561-559a-48dd-8f09-b5ef6d9a9344",
    "data": [
      {
        "text": "stop",
        "userDefined": false
      }
    ],
    "isTemplate": false,
    "count": 1,
    "lang": "en",
    "updated": 0
  },
  {
    "id": "3ee5894d-5146-45e9-b5f2-f4cb4e1039b7",
    "data": [
      {
        "text": "a secret ",
        "userDefined": false
      },
      {
        "text": "service rep",
        "meta": "@wordsOperator",
        "alias": "wordsOperator",
        "userDefined": false
      }
    ],
    "isTemplate": false,
    "count": 0,
    "lang": "en",
    "updated": 0
  },
  {
    "id": "1209f955-a953-45d2-b4ee-184587cef32d",
    "data": [
      {
        "text": "nice picture ",
        "userDefined": false
      },
      {
        "text": "service rep",
        "meta": "@wordsOperator",
        "alias": "wordsOperator",
        "userDefined": false
      }
    ],
    "isTemplate": false,
    "count": 0,
    "lang": "en",
    "updated": 0
  },
  {
    "id": "72d4fb62-4b2d-440a-8d89-afb1bfcac115",
    "data": [
      {
        "text": "speak to",
        "meta": "@preamble",
        "alias": "preamble",
        "userDefined": false
      },
      {
        "text": " a ",
        "userDefined": false
      },
      {
        "text": "human",
        "meta": "@wordsOperator",
        "alias": "wordsOperator",
        "userDefined": true
      }
    ],
    "isTemplate": false,
    "count": 0,
    "lang": "en",
    "updated": 0
  },
  {
    "id": "145ca8ba-51ee-4d38-ab79-9ce79987c88b",
    "data": [
      {
        "text": "can I get",
        "meta": "@preamble",
        "alias": "preamble",
        "userDefined": true
      },
      {
        "text": " a ",
        "userDefined": false
      },
      {
        "text": "quote",
        "meta": "@wordsQuote",
        "alias": "wordsQuote",
        "userDefined": false
      }
    ],
    "isTemplate": false,
    "count": 0,
    "lang": "en",
    "updated": 0
  },
  {
    "id": "663daaf3-fe86-498d-abd0-e7e4064cf305",
    "data": [
      {
        "text": "complaint",
        "meta": "@wordsOperator",
        "alias": "wordsOperator",
        "userDefined": false
      },
      {
        "text": " about new truck",
        "userDefined": false
      }
    ],
    "isTemplate": false,
    "count": 0,
    "lang": "en",
    "updated": 0
  },
  {
    "id": "8a5bb985-ae49-4a6c-a0d1-62856c904a6c",
    "data": [
      {
        "text": "annoying",
        "userDefined": false
      }
    ],
    "isTemplate": false,
    "count": 0,
    "lang": "en",
    "updated": 0
  },
  {
    "id": "26b077b0-1e35-4e31-a822-b033596cc78b",
    "data": [
      {
        "text": "talk to",
        "meta": "@preamble",
        "alias": "preamble",
        "userDefined": false
      },
      {
        "text": " ",
        "userDefined": false
      },
      {
        "text": "advisor",
        "meta": "@wordsOperator",
        "alias": "wordsOperator",
        "userDefined": false
      }
    ],
    "isTemplate": false,
    "count": 0,
    "lang": "en",
    "updated": 0
  },
  {
    "id": "b1d51084-3588-4e0f-8115-40b0374afe18",
    "data": [
      {
        "text": "i want",
        "meta": "@preamble",
        "alias": "preamble",
        "userDefined": false
      },
      {
        "text": " ",
        "userDefined": false
      },
      {
        "text": "live person",
        "meta": "@wordsOperator",
        "alias": "wordsOperator",
        "userDefined": false
      }
    ],
    "isTemplate": false,
    "count": 0,
    "lang": "en",
    "updated": 0
  },
  {
    "id": "b8c9f29e-65c3-4da8-adb0-b3dcc4275a4d",
    "data": [
      {
        "text": "operator",
        "meta": "@wordsOperator",
        "alias": "wordsOperator",
        "userDefined": false
      },
      {
        "text": " ",
        "userDefined": false
      },
      {
        "text": "please",
        "meta": "@preamble",
        "alias": "preamble",
        "userDefined": false
      }
    ],
    "isTemplate": false,
    "count": 1,
    "lang": "en",
    "updated": 0
  }
]