[
  {
    "value": "000",
    "synonyms": [
      "100011",
      "mile service",
      "miles service",
      "K miles service",
      "year service",
      "major service",
      "preventative service",
      "full service",
      "complete service",
      "minor service",
      "regular service",
      "scheduled service",
      "km service",
      "kilometer service",
      "kilometers service",
      "maintenance service",
      "general maintenance",
      "regular maintenance",
      "regular check up",
      "routine service",
      "scheduled maintenance",
      "general service",
      "service maintenance",
      "routine maintanance",
      "essential maintanance",
      "annual maintenance",
      "needs maintenance",
      "need maintenance",
      "maintenance required",
      "basic service",
      "factory service",
      "standard service",
      "recommended service",
      "recommended services",
      "first service",
      "maintenance schedule",
      "service schedule",
      "service interval",
      "maintenance check",
      "oil services"
    ]
  },
  {
    "value": "56NIZELOF",
    "synonyms": [
      "10001",
      "oil",
      "filter",
      "Synthetic",
      "Synthetic Oil",
      "engine oil",
      "diesel oil",
      "diesel synthetic oil",
      "why change",
      "oil chage",
      "4 cylinders",
      "6 cylinders",
      "8 cylinders",
      "oi",
      "oil change"
    ]
  },
  {
    "value": "46NIZ01",
    "synonyms": [
      "10002",
      "tire",
      "tires",
      "seasonal tires",
      "seasonal tires off rims",
      "seasonal tires on rims",
      "winter tire",
      "winter tires",
      "tire swap",
      "swap tires",
      "tire changeover",
      "replace tires",
      "replace tire",
      "replace 4 tires"
    ]
  },
  {
    "value": "46NIZTIREL",
    "synonyms": [
      "10003",
      "tire pressure",
      "low pressure",
      "low tire pressure",
      "tire Low Pressure"
    ]
  },
  {
    "value": "46NIZ06",
    "synonyms": [
      "10004",
      "flat tire",
      "tire repair",
      "fix a flat",
      "repair a flat",
      "have a flat",
      "need a flat tire fix",
      "nail in tire",
      "tire replacement"
    ]
  },
  {
    "value": "46NIZZ1",
    "synonyms": [
      "10005",
      "wheel",
      "wheels",
      "Wheel Shaking"
    ]
  },
  {
    "value": "46NIZZ1",
    "synonyms": [
      "10006",
      "bearing",
      "wheel bearing"
    ]
  },
  {
    "value": "46NIZZ1",
    "synonyms": [
      "10007",
      "Tire Storage"
    ]
  },
  {
    "value": "46NIZ07",
    "synonyms": [
      "10008",
      "balance",
      "tire balance",
      "tire balanced",
      "balance wheel",
      "balance wheels",
      "wheel balance",
      "wheel balanced",
      "wheels balance",
      "wheels balanced"
    ]
  },
  {
    "value": "46NIZ05",
    "synonyms": [
      "10009",
      "tire rotate",
      "tire rotation",
      "rotate tire",
      "rotate tires"
    ]
  },
  {
    "value": "46NIZZ1",
    "synonyms": [
      "10010",
      "Pulling",
      "Shaking",
      "Tire Pulling",
      "Tire Shaking",
      "Road Noise"
    ]
  },
  {
    "value": "45NIZALIGN",
    "synonyms": [
      "10011",
      "wheel alignment",
      "wheel align",
      "wheel aligned",
      "wheels aligned",
      "alignment check"
    ]
  },
  {
    "value": "45NIZALIGN",
    "synonyms": [
      "10012",
      "Four Wheel Alignment"
    ]
  },
  {
    "value": "51NIZZ",
    "synonyms": [
      "10013",
      "engine light",
      "engine soon light",
      "check engine light",
      "warning lights"
    ]
  },
  {
    "value": "50NIZZ1",
    "synonyms": [
      "10014",
      "battery",
      "battery terminal",
      "12 v battery",
      "12 volt battery",
      "clean battery",
      "clean battery terminal",
      "clean battery terminals",
      "battery is dead"
    ]
  },
  {
    "value": "50NIZZ1",
    "synonyms": [
      "100141",
      "replace battery",
      "battery replace",
      "battery replacement"
    ]
  },
  {
    "value": "61NIZZ",
    "synonyms": [
      "10015",
      "knocking sound",
      "grinding sound",
      "lack of power",
      "poor mileage",
      "tuneup",
      "tune up",
      "vibration problem",
      "running rough",
      "cylinder misfire",
      "cylinder",
      "engine diagnosis",
      "knocking sounds",
      "grinding sounds",
      "lots of vibration",
      "vibration issue",
      "vibration issues",
      "performance problem",
      "performance issues",
      "performance matter",
      "mechanical",
      "mechanically",
      "repair",
      "with thermostat",
      "with gasket",
      "check thermostat",
      "check gasket\",”radiator hoses",
      "fan belts",
      "engine overheating",
      "shaking",
      "pulling",
      "won\u0027t start",
      "does not move",
      "does not work",
      "accident",
      "towed"
    ]
  },
  {
    "value": "11NIZ",
    "synonyms": [
      "100151",
      "spark plug",
      "spark plugs",
      "replace spark plug",
      "replace spark plugs"
    ]
  },
  {
    "value": "41NIZ",
    "synonyms": [
      "10016",
      "abs",
      "Anti-lock Brake",
      "Anti-lock",
      "ABS Brake",
      "ABS brake",
      "ABS brake check",
      "Anti-lock Break",
      "ABS Break",
      "ABS break",
      "ABS break check"
    ]
  },
  {
    "value": "21NIZ01",
    "synonyms": [
      "10017",
      "ac",
      "a c",
      "air conditioning",
      "air conditioner",
      "cooling",
      "a c filter",
      "hvac",
      "h v a c filter",
      "evap",
      "e v a p",
      "Hvac Filter",
      "cabin",
      "in cabin",
      "cabin air",
      "climate",
      "heating",
      "heater"
    ]
  },
  {
    "value": "30NIZ",
    "synonyms": [
      "10018",
      "transmission",
      "automatic transmission",
      "manual transmission",
      "clutch",
      "shifting",
      "not shifting",
      "transmission diagnosis"
    ]
  },
  {
    "value": "51NIZZ",
    "synonyms": [
      "10019",
      "bulb indicator",
      "lighting indicator",
      "exterior lighting",
      "interior lighting",
      "tail light",
      "tail lights",
      "headlight",
      "charging problem",
      "wiring problem",
      "sensor problem",
      "turning signal",
      "lamp problem",
      "indicator",
      "warning light",
      "warning lamp",
      "lamp illuminated",
      "light on",
      "light off",
      "lamp is illuminated",
      "head light",
      "light bulb",
      "indicator on",
      "light indicator",
      "headlights",
      "reverse lights",
      "park and fog lights",
      "bulb not working",
      "change bulb",
      "lighting"
    ]
  },
  {
    "value": "51NIZZ1",
    "synonyms": [
      "10020",
      "electric",
      "electrical",
      "shortage",
      "electronic",
      "electronic card",
      "electronic board",
      "electrical component",
      "electronic component",
      "switch",
      "electrical system",
      "electrical system diagnosis"
    ]
  },
  {
    "value": "51NIZZ1",
    "synonyms": [
      "10021",
      "remote key",
      "key fob",
      "key car",
      "car key",
      "key replacement",
      "key copy",
      "cut key",
      "program key",
      "cut and program key",
      "key cut",
      "new key",
      "lost key",
      "lost my key",
      "replacement key",
      "Need a duplicate key",
      "duplicate key"
    ]
  },
  {
    "value": "10NIZ",
    "synonyms": [
      "10022",
      "cd",
      "dvd",
      "Radio",
      "iPod",
      "navigation system",
      "gps",
      "bluetooth",
      "wi-fi",
      "wifi",
      "audio",
      "infotainment",
      "touchscreen"
    ]
  },
  {
    "value": "10NIZ",
    "synonyms": [
      "10023",
      "software",
      "patch",
      "computer",
      "reset"
    ]
  },
  {
    "value": "55NIZINSP",
    "synonyms": [
      "10024",
      "safety inspection",
      "multipoint inspection",
      "multi point inspection",
      "inspection",
      "what is wrong"
    ]
  },
  {
    "value": "45NIZ03",
    "synonyms": [
      "10026",
      "suspension",
      "shock absorber",
      "shock absorbers",
      "shocks",
      "tires suspension",
      "spring"
    ]
  },
  {
    "value": "45NIZZ0",
    "synonyms": [
      "10027",
      "steering",
      "steering gear",
      "tie rods",
      "adaptive steering",
      "steering wheel",
      "heated steering wheel",
      "power steering"
    ]
  },
  {
    "value": "40NIZZ",
    "synonyms": [
      "10028",
      "brake",
      "brakes",
      "front brake",
      "front brakes",
      "brake pad",
      "brake pads",
      "super duty pad",
      "grinding from brakes",
      "rattles from brakes",
      "squeaks from brakes",
      "brake line",
      "brake lines",
      "break pad",
      "break pads",
      "hoses problem",
      "hoses issue",
      "break",
      "breaks",
      "brake check",
      "brake check light",
      "break check",
      "break check light"
    ]
  },
  {
    "value": "55NIZGBRK",
    "synonyms": [
      "100281",
      "brake inspection"
    ]
  },
  {
    "value": "40NIZZ",
    "synonyms": [
      "10029",
      "rear brake",
      "rear brakes"
    ]
  },
  {
    "value": "00NIZZBGFU",
    "synonyms": [
      "10030",
      "fuel injector",
      "fuel injectors",
      "fuel line"
    ]
  },
  {
    "value": "56NIZECF",
    "synonyms": [
      "10031",
      "air filter",
      "air filters",
      "cabin air filter",
      "air cleaner filter",
      "air intake",
      "air intake filter",
      "air intake filter element",
      "engine air intake filter",
      "engine air filter",
      "engine air filters"
    ]
  },
  {
    "value": "10NIZ",
    "synonyms": [
      "10032",
      "glass",
      "mirror",
      "window",
      "window glass",
      "windshield",
      "sunroof",
      "moonroof",
      "windows",
      "tint",
      "window tint",
      "auto tint"
    ]
  },
  {
    "value": "10NIZ",
    "synonyms": [
      "10033",
      "accessory",
      "accessories",
      "antenna"
    ]
  },
  {
    "value": "10NIZ",
    "synonyms": [
      "10034",
      "emergency brake",
      "drivetrain",
      "turbo",
      "drive axle",
      "boots",
      "transfer case",
      "tailpipe"
    ]
  },
  {
    "value": "14NIZ01",
    "synonyms": [
      "100341",
      "exhaust",
      "muffler"
    ]
  },
  {
    "value": "10NIZ",
    "synonyms": [
      "10035",
      "engine starter",
      "ignition system"
    ]
  },
  {
    "value": "10NIZ",
    "synonyms": [
      "10036",
      "camera problem",
      "reverse camera",
      "o2 sensor",
      "airbag",
      "air bag",
      "problem with camera",
      "backup camera",
      "back camera"
    ]
  },
  {
    "value": "10NIZ",
    "synonyms": [
      "10037",
      "retractable",
      "floor",
      "board",
      "boards",
      "glove box",
      "glove compartment"
    ]
  },
  {
    "value": "10NIZ",
    "synonyms": [
      "10038",
      "opal",
      "lipo"
    ]
  },
  {
    "value": "10NIZ",
    "synonyms": [
      "10039",
      "burning odors",
      "scraping"
    ]
  },
  {
    "value": "10NIZ",
    "synonyms": [
      "10040",
      "technical",
      "basic",
      "diagnostic"
    ]
  },
  {
    "value": "61NIZZ1",
    "synonyms": [
      "10041",
      "paint problem",
      "undercoat problem",
      "have a dent",
      "seat problem",
      "seats problem",
      "upholstery",
      "body works",
      "moulding",
      "carwash",
      "car wash",
      "door handle",
      "door handles",
      "front door",
      "back door",
      "backdoor",
      "trunk latch",
      "trunk latches",
      "traction aid",
      "fault hill descent",
      "Glove box",
      "glove compartment",
      "body shop",
      "rear end",
      "accident",
      "repair door",
      "repair car doo",
      "repairing drive,\"bumper",
      "dashboard",
      "seat issue",
      "with seat",
      "with trim",
      "trim problem",
      "trim issue",
      "with door",
      "door problem",
      "with trunk",
      "trunk problem",
      "with dash",
      "dash problem",
      "with cover",
      "cover problem",
      "with dashboard",
      "dash board",
      "seat belt",
      "seat belts",
      "handbrake",
      "windscreen",
      "check horn"
    ]
  },
  {
    "value": "56NIZQWASH",
    "synonyms": [
      "10042",
      "wash",
      "car wash",
      "detail",
      "car cleaning",
      "clean",
      "cleaning",
      "complete cleaning",
      "detailing"
    ]
  },
  {
    "value": "00NIZWIPER",
    "synonyms": [
      "10043",
      "wiper",
      "wipers",
      "blade",
      "blades",
      "windshield wiper",
      "air flap",
      "air flaps",
      "flap",
      "flaps"
    ]
  },
  {
    "value": "11NIZZ",
    "synonyms": [
      "10044",
      "oil leak",
      "engine leak",
      "engine leaks",
      "engine oil leak",
      "fluid leak",
      "fluid leaks",
      "fluid exchange",
      "drivetrain leaks",
      "water pump",
      "fluid levels",
      "antifreeze",
      "flush fluid",
      "flush fluids",
      "fuel pump",
      "with hose",
      "with leak",
      "with leaks",
      "with coolant",
      "with level",
      "with levels",
      "check level",
      "check levels",
      "check fluid",
      "check fluids",
      "check leak",
      "check leaks",
      "check pump",
      "check coolant",
      "radiator coolant",
      "brake fluid",
      "power steering fluid",
      "windshield washer fluid",
      "clutch fluid",
      "grearbox oil",
      "differential fluid"
    ]
  },
  {
    "value": "00NIZZBGCO",
    "synonyms": [
      "100441",
      "replace engine coolant",
      "engine coolant",
      "coolant"
    ]
  },
  {
    "value": "10NIZ",
    "synonyms": [
      "10046",
      "take a drive",
      "drive around",
      "test drive",
      "driveability",
      "complimentary driveability",
      "trip"
    ]
  },
  {
    "value": "10NIZ",
    "synonyms": [
      "20010",
      "emission",
      "emission inspection",
      "emission reinspection",
      "inspection emission",
      "emissions",
      "emissions inspection",
      "smog",
      "smog inspection",
      "Smog check"
    ]
  },
  {
    "value": "47NIZZ2",
    "synonyms": [
      "20020",
      "front differential",
      "rear differential"
    ]
  },
  {
    "value": "47NIZZ2",
    "synonyms": [
      "20021",
      "differential"
    ]
  },
  {
    "value": "47NIZZ2",
    "synonyms": [
      "20022",
      "axle"
    ]
  },
  {
    "value": "10NIZ",
    "synonyms": [
      "20030",
      "map sensor"
    ]
  },
  {
    "value": "10NIZ",
    "synonyms": [
      "20040",
      "knock sensor"
    ]
  },
  {
    "value": "10NIZ",
    "synonyms": [
      "20050",
      "engine electrical"
    ]
  },
  {
    "value": "00NIZZBGPS",
    "synonyms": [
      "20060",
      "steering",
      "power steering"
    ]
  }
]