[
  {
    "value": "next",
    "synonyms": [
      "next",
      "text",
      "ext",
      "nest",
      "sex"
    ]
  },
  {
    "value": "more",
    "synonyms": [
      "more",
      "more optioons",
      "next option",
      "give me more"
    ]
  },
  {
    "value": "another",
    "synonyms": [
      "another",
      "another preferred date",
      "other"
    ]
  },
  {
    "value": "after",
    "synonyms": [
      "after",
      "sometime after",
      "after this time"
    ]
  },
  {
    "value": "later",
    "synonyms": [
      "later",
      "Anything later."
    ]
  },
  {
    "value": "Snack",
    "synonyms": [
      "Snack"
    ]
  }
]