[
  {
    "value": "2021-11-03T07:00:00-06:00",
    "synonyms": [
      "seven.",
      "seven",
      "seven a.m."
    ]
  },
  {
    "value": "2021-11-03T07:10:00-06:00",
    "synonyms": [
      "710.",
      "710",
      "7 10",
      "7 10.",
      "710 a.m.",
      "7 10 a.m.",
      "7:30, a.m.",
      "7:30."
    ]
  },
  {
    "value": "2021-11-03T07:15:00-06:00",
    "synonyms": [
      "715.",
      "715",
      "7 15.",
      "7 15",
      "715 a.m.",
      "7 15 a.m.",
      "7:15, a.m.",
      "7:15."
    ]
  },
  {
    "value": "2021-11-03T07:20:00-06:00",
    "synonyms": [
      "720.",
      "720",
      "7 20",
      "7 20.",
      "720 a.m.",
      "7 20 a.m.",
      "7:20, a.m.",
      "7:20."
    ]
  },
  {
    "value": "2021-11-03T07:30:00-06:00",
    "synonyms": [
      "730.",
      "730",
      "7 30",
      "7 30.",
      "730 a.m.",
      "7 30 a.m.",
      "7:30, a.m.",
      "7:30."
    ]
  },
  {
    "value": "2021-11-03T07:40:00-06:00",
    "synonyms": [
      "740.",
      "740",
      "7 40",
      "7 40.",
      "740 a.m.",
      "7 40 a.m.",
      "7:40, a.m.",
      "7:40."
    ]
  },
  {
    "value": "2021-11-03T07:45:00-06:00",
    "synonyms": [
      "745.",
      "745",
      "7 45.",
      "7 45",
      "745 a.m.",
      "7 45 a.m.",
      "7:45, a.m.",
      "7:45."
    ]
  },
  {
    "value": "2021-11-03T07:50:00-06:00",
    "synonyms": [
      "750.",
      "750",
      "7 50",
      "7 50.",
      "750 a.m.",
      "7 50 a.m.",
      "7:50, a.m.",
      "7:50."
    ]
  },
  {
    "value": "2021-11-03T08:00:00-06:00",
    "synonyms": [
      "eight.",
      "eight",
      "eight a.m.",
      "eit a.m."
    ]
  },
  {
    "value": "2021-11-03T08:10:00-06:00",
    "synonyms": [
      "810.",
      "810",
      "8 10",
      "8 10.",
      "810 a.m.",
      "8 10 a.m.",
      "8:10, a.m.",
      "8:10."
    ]
  },
  {
    "value": "2021-11-03T08:15:00-06:00",
    "synonyms": [
      "815.",
      "815",
      "8 15.",
      "8 15",
      "815 a.m.",
      "8 15 a.m.",
      "8:15, a.m.",
      "8:15."
    ]
  },
  {
    "value": "2021-11-03T08:20:00-06:00",
    "synonyms": [
      "820.",
      "820",
      "8 20",
      "8 20.",
      "820 a.m.",
      "8 20 a.m.",
      "8:20, a.m.",
      "8:20."
    ]
  },
  {
    "value": "2021-11-03T08:30:00-06:00",
    "synonyms": [
      "830.",
      "830",
      "8 30",
      "8 30.",
      "830 a.m.",
      "8 30 a.m.",
      "8:30, a.m.",
      "8:30."
    ]
  },
  {
    "value": "2021-11-03T08:40:00-06:00",
    "synonyms": [
      "840.",
      "840",
      "8 40",
      "8 40.",
      "840 a.m.",
      "8 40 a.m.",
      "8:40, a.m.",
      "8:40."
    ]
  },
  {
    "value": "2021-11-03T08:45:00-06:00",
    "synonyms": [
      "845.",
      "845",
      "8 45.",
      "8 45",
      "845 a.m.",
      "8 45 a.m.",
      "8:45, a.m.",
      "8:45."
    ]
  },
  {
    "value": "2021-11-03T08:50:00-06:00",
    "synonyms": [
      "850.",
      "850",
      "8 50",
      "8 50.",
      "850 a.m.",
      "8 50 a.m.",
      "8:50, a.m.",
      "8:50."
    ]
  },
  {
    "value": "2021-11-03T09:00:00-06:00",
    "synonyms": [
      "nine.",
      "nine",
      "nine a.m.",
      "nain a.m."
    ]
  },
  {
    "value": "2021-11-03T09:10:00-06:00",
    "synonyms": [
      "910.",
      "910",
      "9 10",
      "9 10.",
      "910 a.m.",
      "9 10 a.m.",
      "9:10, a.m.",
      "9:10."
    ]
  },
  {
    "value": "2021-11-03T09:15:00-06:00",
    "synonyms": [
      "915.",
      "915",
      "9 15.",
      "9 15",
      "915 a.m.",
      "9 15 a.m.",
      "9:15, a.m.",
      "9:15."
    ]
  },
  {
    "value": "2021-11-03T09:20:00-06:00",
    "synonyms": [
      "920.",
      "920",
      "9 20",
      "9 20.",
      "920 a.m.",
      "9 20 a.m.",
      "9:20, a.m.",
      "9:20."
    ]
  },
  {
    "value": "2021-11-03T09:30:00-06:00",
    "synonyms": [
      "930.",
      "930",
      "9 30",
      "9 30.",
      "930 a.m.",
      "9 30 a.m.",
      "9:30, a.m.",
      "9:30."
    ]
  },
  {
    "value": "2021-11-03T09:40:00-06:00",
    "synonyms": [
      "940.",
      "940",
      "9 40",
      "9 40.",
      "940 a.m.",
      "9 40 a.m.",
      "9:40, a.m.",
      "9:40."
    ]
  },
  {
    "value": "2021-11-03T09:45:00-06:00",
    "synonyms": [
      "945.",
      "945",
      "9 45",
      "9 45.",
      "945 a.m.",
      "9 45 a.m.",
      "9:45, a.m.",
      "9:45."
    ]
  },
  {
    "value": "2021-11-03T09:50:00-06:00",
    "synonyms": [
      "950.",
      "950",
      "9 50",
      "9 50.",
      "950 a.m.",
      "9 50 a.m.",
      "9:50, a.m.",
      "9:50."
    ]
  },
  {
    "value": "2021-11-03T10:00:00-06:00",
    "synonyms": [
      "ten.",
      "ten",
      "ten a.m.",
      "en a.m."
    ]
  },
  {
    "value": "2021-11-03T10:10:00-06:00",
    "synonyms": [
      "1010.",
      "1010",
      "10 10",
      "10 10.",
      "1010 a.m.",
      "10 10 a.m.",
      "10:10, a.m.",
      "10:10."
    ]
  },
  {
    "value": "2021-11-03T10:15:00-06:00",
    "synonyms": [
      "1015.",
      "1015",
      "10 15.",
      "10 15",
      "1015 a.m.",
      "10 15 a.m.",
      "10:15, a.m.",
      "10:15."
    ]
  },
  {
    "value": "2021-11-03T10:20:00-06:00",
    "synonyms": [
      "1020.",
      "1020",
      "10 20",
      "10 20.",
      "1020 a.m.",
      "10 20 a.m.",
      "10:20, a.m.",
      "10:20."
    ]
  },
  {
    "value": "2021-11-03T10:30:00-06:00",
    "synonyms": [
      "1030.",
      "1030",
      "10 30",
      "10 30.",
      "1030 a.m.",
      "10 30 a.m.",
      "10:30, a.m.",
      "10:30."
    ]
  },
  {
    "value": "2021-11-03T10:40:00-06:00",
    "synonyms": [
      "1040.",
      "1040",
      "10 40",
      "10 40.",
      "1040 a.m.",
      "10 40 a.m.",
      "10:40, a.m.",
      "10:40."
    ]
  },
  {
    "value": "2021-11-03T10:45:00-06:00",
    "synonyms": [
      "1045.",
      "1045",
      "10 45.",
      "10 45",
      "1045 a.m.",
      "10 45 a.m.",
      "10:45, a.m.",
      "10:45."
    ]
  },
  {
    "value": "2021-11-03T10:50:00-06:00",
    "synonyms": [
      "1050.",
      "1050",
      "10 50",
      "10 50.",
      "1050 a.m.",
      "10 50 a.m.",
      "10:50, a.m.",
      "10:50."
    ]
  },
  {
    "value": "2021-11-03T11:00:00-06:00",
    "synonyms": [
      "eleven.",
      "eleven",
      "eleven a.m.",
      "ileven a.m."
    ]
  },
  {
    "value": "2021-11-03T11:10:00-06:00",
    "synonyms": [
      "1110.",
      "1110",
      "11 10",
      "11 10.",
      "1110 a.m.",
      "11 10 a.m.",
      "11:10, a.m.",
      "11:10."
    ]
  },
  {
    "value": "2021-11-03T11:15:00-06:00",
    "synonyms": [
      "1115.",
      "1115",
      "11 15.",
      "11 15",
      "1115 a.m.",
      "11 15 a.m.",
      "11:15, a.m.",
      "11:15."
    ]
  },
  {
    "value": "2021-11-03T11:20:00-06:00",
    "synonyms": [
      "1120.",
      "1120",
      "11 20",
      "11 20.",
      "1120 a.m.",
      "11 20 a.m.",
      "11:20, a.m.",
      "11:20."
    ]
  },
  {
    "value": "2021-11-03T11:30:00-06:00",
    "synonyms": [
      "1130.",
      "1130",
      "11 30",
      "11 30.",
      "1130 a.m.",
      "11 30 a.m.",
      "11:30, a.m.",
      "11:30."
    ]
  },
  {
    "value": "2021-11-03T11:40:00-06:00",
    "synonyms": [
      "1140.",
      "1140",
      "11 40",
      "11 40.",
      "1140 a.m.",
      "11 40 a.m.",
      "11:40, a.m.",
      "11:40."
    ]
  },
  {
    "value": "2021-11-03T11:45:00-06:00",
    "synonyms": [
      "1145.",
      "1145",
      "11 45.",
      "11 45",
      "1145 a.m.",
      "11 45 a.m.",
      "11:45, a.m.",
      "11:45."
    ]
  },
  {
    "value": "2021-11-03T11:50:00-06:00",
    "synonyms": [
      "1150.",
      "1150",
      "11 50",
      "11 50.",
      "1150 a.m.",
      "11 50 a.m.",
      "11:50, a.m.",
      "11:50."
    ]
  },
  {
    "value": "2021-11-03T12:00:00-06:00",
    "synonyms": [
      "twelve.",
      "twelve",
      "twelve p.m.",
      "twelf p.m.",
      "twelv p.m."
    ]
  },
  {
    "value": "2021-11-03T12:10:00-06:00",
    "synonyms": [
      "1210.",
      "1210",
      "12 10",
      "12 10.",
      "1210 a.m.",
      "12 10 a.m.",
      "1210 p.m.",
      "12 10 p.m.",
      "12:10, a.m.",
      "12:10."
    ]
  },
  {
    "value": "2021-11-03T12:15:00-06:00",
    "synonyms": [
      "1215.",
      "1215",
      "12 15.",
      "12 15",
      "1215 a.m.",
      "12 15 a.m.",
      "1215 p.m.",
      "12 15 p.m.",
      "12:15, a.m.",
      "12:15."
    ]
  },
  {
    "value": "2021-11-03T12:20:00-06:00",
    "synonyms": [
      "1220.",
      "1220",
      "12 20",
      "12 20.",
      "1220 a.m.",
      "12 20 a.m.",
      "1220 p.m.",
      "12 20 p.m.",
      "12:20, a.m.",
      "12:20."
    ]
  },
  {
    "value": "2021-11-03T12:30:00-06:00",
    "synonyms": [
      "1230.",
      "1230",
      "12 30",
      "12 30.",
      "1230 a.m.",
      "12 30 a.m.",
      "1230 p.m.",
      "12 30 p.m.",
      "12:30, a.m.",
      "12:30."
    ]
  },
  {
    "value": "2021-11-03T12:40:00-06:00",
    "synonyms": [
      "1240.",
      "1240",
      "12 40",
      "12 40.",
      "1240 a.m.",
      "12 40 a.m.",
      "1240 p.m.",
      "12 40 p.m.",
      "12:40, a.m.",
      "12:40."
    ]
  },
  {
    "value": "2021-11-03T12:45:00-06:00",
    "synonyms": [
      "1245.",
      "1245",
      "12 45.",
      "12 45",
      "1245 a.m.",
      "12 45 a.m.",
      "1245 p.m.",
      "12 45 p.m.",
      "12:45, a.m.",
      "12:45."
    ]
  },
  {
    "value": "2021-11-03T12:50:00-06:00",
    "synonyms": [
      "1250.",
      "1250",
      "12 50",
      "12 50.",
      "1250 a.m.",
      "12 50 a.m.",
      "1250 p.m.",
      "12 50 p.m.",
      "12:50, a.m.",
      "12:50."
    ]
  },
  {
    "value": "2021-11-03T13:00:00-06:00",
    "synonyms": [
      "one.",
      "one",
      "one p.m.",
      "ouane p.m."
    ]
  },
  {
    "value": "2021-11-03T13:10:00-06:00",
    "synonyms": [
      "110.",
      "110",
      "1 10",
      "1 10.",
      "one 10.",
      "one ten.",
      "1 10 p.m.",
      "one 10 p.m.",
      "110 p.m.",
      "1 10 a.m.",
      "one 10 a.m.",
      "110 a.m.",
      "1:10."
    ]
  },
  {
    "value": "2021-11-03T13:15:00-06:00",
    "synonyms": [
      "115.",
      "115",
      "1 15",
      "1 15.",
      "one 15.",
      "one fifteen.",
      "1 15 p.m.",
      "one 15 p.m.",
      "115 p.m.",
      "1 15 a.m.",
      "one 15 a.m.",
      "115 a.m.",
      "1:15, p.m.",
      "1:15."
    ]
  },
  {
    "value": "2021-11-03T13:20:00-06:00",
    "synonyms": [
      "120.",
      "120",
      "1 20",
      "1 20.",
      "one 20.",
      "one twenty.",
      "1 20 p.m.",
      "one 20 p.m.",
      "120 p.m.",
      "1 20 a.m.",
      "one 20 a.m.",
      "120 a.m.",
      "1:20, p.m.",
      "1:20."
    ]
  },
  {
    "value": "2021-11-03T13:25:00-06:00",
    "synonyms": [
      "125.",
      "125",
      "1 25",
      "1 25.",
      "one 25.",
      "one twenty five.",
      "1 25 p.m.",
      "one 25 p.m.",
      "125 p.m.",
      "1 25 a.m.",
      "one 25 a.m.",
      "125 a.m.",
      "1:25, p.m.",
      "1:25."
    ]
  },
  {
    "value": "2021-11-03T13:30:00-06:00",
    "synonyms": [
      "130.",
      "130",
      "1 30",
      "1 30.",
      "one 30.",
      "one thirty.",
      "1 10 p.m.",
      "one 30 p.m.",
      "130 p.m.",
      "1 30 a.m.",
      "one 30 a.m.",
      "130 a.m.",
      "1:30, p.m.",
      "1:30."
    ]
  },
  {
    "value": "2021-11-03T13:40:00-06:00",
    "synonyms": [
      "140.",
      "140",
      "1 40",
      "1 40.",
      "one 40.",
      "one forty.",
      "1 40 p.m.",
      "one 40 p.m.",
      "140 p.m.",
      "1 40 a.m.",
      "one 40 a.m.",
      "140 a.m.",
      "1:40, p.m.",
      "1:40."
    ]
  },
  {
    "value": "2021-11-03T13:45:00-06:00",
    "synonyms": [
      "145.",
      "145",
      "1 45",
      "1 45.",
      "one 45.",
      "one forty five.",
      "1 45 p.m.",
      "one 45 p.m.",
      "145 p.m.",
      "1 45 a.m.",
      "one 45 a.m.",
      "145 a.m.",
      "1:45, p.m.",
      "1:45."
    ]
  },
  {
    "value": "2021-11-03T13:50:00-06:00",
    "synonyms": [
      "150.",
      "150",
      "1 50",
      "1 50.",
      "one 50.",
      "one fifty.",
      "1 50 p.m.",
      "one 50 p.m.",
      "150 p.m.",
      "1 50 a.m.",
      "one 50 a.m.",
      "150 a.m.",
      "1:50, p.m.",
      "1:50."
    ]
  },
  {
    "value": "2021-11-03T14:00:00-06:00",
    "synonyms": [
      "two.",
      "two",
      "two p.m.",
      "to p.m.",
      "tow p.m."
    ]
  },
  {
    "value": "2021-11-03T14:10:00-06:00",
    "synonyms": [
      "210.",
      "210",
      "2 10",
      "2 10.",
      "to 10.",
      "to ten.",
      "two 10.",
      "2 10 p.m.",
      "two 10 p.m.",
      "210 p.m.",
      "to 10 p.m.",
      "to ten p.m.",
      "tow 10 p.m.",
      "2:10, p.m.",
      "2:10."
    ]
  },
  {
    "value": "2021-11-03T14:15:00-06:00",
    "synonyms": [
      "215.",
      "215",
      "2 15",
      "2 15.",
      "to 15.",
      "to fifteen.",
      "two 15.",
      "2 15 p.m.",
      "two 15 p.m.",
      "215 p.m.",
      "to 15 p.m.",
      "to fifteen p.m.",
      "tow 15 p.m.",
      "2:15, p.m.",
      "2:15."
    ]
  },
  {
    "value": "2021-11-03T14:20:00-06:00",
    "synonyms": [
      "220.",
      "220",
      "2 20",
      "2 20.",
      "to 20.",
      "to twenty.",
      "two 20.",
      "2 20 p.m.",
      "two 20 p.m.",
      "220 p.m.",
      "to 20 p.m.",
      "to twenty p.m.",
      "tow 20 p.m.",
      "2:20, p.m.",
      "2:20."
    ]
  },
  {
    "value": "2021-11-03T14:25:00-06:00",
    "synonyms": [
      "225.",
      "225",
      "2 25",
      "2 25.",
      "to 25.",
      "to twenty five.",
      "two 25.",
      "2 25 p.m.",
      "two 25 p.m.",
      "225 p.m.",
      "to 25 p.m.",
      "to twenty five p.m.",
      "tow 30 p.m.",
      "tow 25 p.m.",
      "2:25, p.m.",
      "2:25."
    ]
  },
  {
    "value": "2021-11-03T14:30:00-06:00",
    "synonyms": [
      "230.",
      "230",
      "2 30",
      "2 30.",
      "to 30.",
      "to thirty.",
      "two 30.",
      "2 30 p.m.",
      "two 30 p.m.",
      "230 p.m.",
      "to 30 p.m.",
      "to thirty p.m.",
      "tow 30 p.m.",
      "2:30, p.m.",
      "2:30."
    ]
  },
  {
    "value": "2021-11-03T14:40:00-06:00",
    "synonyms": [
      "240.",
      "240",
      "2 40",
      "2 40.",
      "to 40.",
      "to forty.",
      "two 40.",
      "2 40 p.m.",
      "two 40 p.m.",
      "240 p.m.",
      "to 40 p.m.",
      "to forty p.m.",
      "tow 40 p.m.",
      "2:40, p.m.",
      "2:40."
    ]
  },
  {
    "value": "2021-11-03T14:45:00-06:00",
    "synonyms": [
      "245.",
      "245",
      "2 45",
      "2 45.",
      "to 45.",
      "to forty five.",
      "two 45.",
      "2 45 p.m.",
      "two 45 p.m.",
      "245 p.m.",
      "to 45 p.m.",
      "to forty five p.m.",
      "tow 45 p.m.",
      "2:45, p.m.",
      "2:45."
    ]
  },
  {
    "value": "2021-11-03T14:50:00-06:00",
    "synonyms": [
      "250.",
      "250",
      "2 50",
      "2 50.",
      "to 50.",
      "to fifty.",
      "two 50.",
      "2 50 p.m.",
      "two 50 p.m.",
      "250 p.m.",
      "to 50 p.m.",
      "to fifty p.m.",
      "tow 50 p.m.",
      "2:50, p.m.",
      "2:50."
    ]
  },
  {
    "value": "2021-11-03T15:00:00-06:00",
    "synonyms": [
      "three.",
      "three",
      "three p.m.",
      "free p.m.",
      "tree p.m."
    ]
  },
  {
    "value": "2021-11-03T15:10:00-06:00",
    "synonyms": [
      "310.",
      "310",
      "3 10",
      "3 10.",
      "free 10.",
      "free ten.",
      "tree 10.",
      "fee ten.",
      "3 10 p.m.",
      "free 10 p.m.",
      "tree 10 p.m.",
      "fee 10 p.m.",
      "310 p.m.",
      "free ten p.m.",
      "tree ten p.m.",
      "fee ten p.m.",
      "3:10, p.m.",
      "3:10."
    ]
  },
  {
    "value": "2021-11-03T15:15:00-06:00",
    "synonyms": [
      "315.",
      "315",
      "3 15",
      "3 15.",
      "free 15.",
      "free fifteen.",
      "tree 15.",
      "fee fifteen.",
      "3 15 p.m.",
      "free 15 p.m.",
      "tree 15 p.m.",
      "fee 15 p.m.",
      "315 p.m.",
      "free fifteen p.m.",
      "tree fifteen p.m.",
      "fee fifteen p.m.",
      "3:15, p.m.",
      "3:15."
    ]
  },
  {
    "value": "2021-11-03T15:20:00-06:00",
    "synonyms": [
      "320.",
      "320",
      "3 20",
      "3 20.",
      "free 20.",
      "free twenty.",
      "tree 20.",
      "fee twenty.",
      "3 20 p.m.",
      "free 20 p.m.",
      "tree 20 p.m.",
      "fee 20 p.m.",
      "320 p.m.",
      "free twenty p.m.",
      "tree twenty p.m.",
      "fee twenty p.m.",
      "3:20, p.m.",
      "3:20."
    ]
  },
  {
    "value": "2021-11-03T15:25:00-06:00",
    "synonyms": [
      "325.",
      "325",
      "3 25",
      "3 25.",
      "free 25.",
      "free twenty five.",
      "tree 25.",
      "fee twenty five.",
      "3 25 p.m.",
      "free 25 p.m.",
      "tree 25 p.m.",
      "fee 25 p.m.",
      "325 p.m.",
      "free twenty five p.m.",
      "tree twenty five p.m.",
      "fee twenty five p.m.",
      "3:25, p.m.",
      "3:25."
    ]
  },
  {
    "value": "2021-11-03T15:30:00-06:00",
    "synonyms": [
      "330.",
      "330",
      "3 30",
      "3 30.",
      "free 30.",
      "free thirty.",
      "tree 30.",
      "fee thirty.",
      "3 30 p.m.",
      "free 30 p.m.",
      "tree 30 p.m.",
      "fee 30 p.m.",
      "330 p.m.",
      "free thirty p.m.",
      "tree thirty p.m.",
      "fee thirty p.m.",
      "3:30, p.m.",
      "3:30."
    ]
  },
  {
    "value": "2021-11-03T15:40:00-06:00",
    "synonyms": [
      "340.",
      "340",
      "3 40",
      "3 40.",
      "free 40.",
      "free forty.",
      "tree 40.",
      "fee forty.",
      "3 40 p.m.",
      "free 40 p.m.",
      "tree 40 p.m.",
      "fee 40 p.m.",
      "340 p.m.",
      "free forty p.m.",
      "tree forty p.m.",
      "fee forty p.m.",
      "3:40, p.m.",
      "3:40."
    ]
  },
  {
    "value": "2021-11-03T15:45:00-06:00",
    "synonyms": [
      "345.",
      "345",
      "3 45",
      "3 45.",
      "free 45.",
      "free forty five.",
      "tree 45.",
      "fee forty five.",
      "3 45 p.m.",
      "free 45 p.m.",
      "tree 45 p.m.",
      "fee 45 p.m.",
      "345 p.m.",
      "free forty five p.m.",
      "tree forty five p.m.",
      "fee forty five p.m.",
      "3:45, p.m.",
      "3:45."
    ]
  },
  {
    "value": "2021-11-03T15:50:00-06:00",
    "synonyms": [
      "350.",
      "350",
      "3 50",
      "3 50.",
      "free 50.",
      "free fifty.",
      "tree 50.",
      "fee fifty.",
      "3 50 p.m.",
      "free 50 p.m.",
      "tree 50 p.m.",
      "fee 50 p.m.",
      "350 p.m.",
      "free fifty p.m.",
      "tree fifty p.m.",
      "fee fifty p.m.",
      "3:50, p.m.",
      "3:50."
    ]
  },
  {
    "value": "2021-11-03T16:00:00-06:00",
    "synonyms": [
      "four.",
      "four",
      "four p.m.",
      "for p.m.",
      "floor p.m."
    ]
  },
  {
    "value": "2021-11-03T16:10:00-06:00",
    "synonyms": [
      "410.",
      "410",
      "4 10",
      "4 10.",
      "for 10.",
      "four ten.",
      "for 10",
      "4 10 p.m.",
      "for 10 p.m.",
      "410 p.m.",
      "for ten p.m.",
      "4:10, p.m.",
      "4:10."
    ]
  },
  {
    "value": "2021-11-03T16:15:00-06:00",
    "synonyms": [
      "415.",
      "415",
      "4 15",
      "4 15.",
      "for 15.",
      "four fifteen.",
      "for 15",
      "4 15 p.m.",
      "for 15 p.m.",
      "415 p.m.",
      "for fifteen p.m.",
      "4:15, p.m.",
      "4:15."
    ]
  },
  {
    "value": "2021-11-03T16:20:00-06:00",
    "synonyms": [
      "420.",
      "420",
      "4 20",
      "4 20.",
      "for 20.",
      "four twenty.",
      "for 20",
      "4 20 p.m.",
      "for 20 p.m.",
      "420 p.m.",
      "for twenty p.m.",
      "4:20, p.m.",
      "4:20."
    ]
  },
  {
    "value": "2021-11-03T16:25:00-06:00",
    "synonyms": [
      "425.",
      "425",
      "4 25",
      "4 25.",
      "for 25.",
      "four twenty five.",
      "for 25",
      "4 25 p.m.",
      "for 25 p.m.",
      "425 p.m.",
      "for twenty five p.m.",
      "4:25, p.m.",
      "4:25."
    ]
  },
  {
    "value": "2021-11-03T16:30:00-06:00",
    "synonyms": [
      "430.",
      "430",
      "4 30",
      "4 30.",
      "for 30.",
      "four thirty.",
      "for 30",
      "4 30 p.m.",
      "for 30 p.m.",
      "430 p.m.",
      "for thirty p.m.",
      "4:30, p.m.",
      "4:30."
    ]
  },
  {
    "value": "2021-11-03T16:40:00-06:00",
    "synonyms": [
      "440.",
      "440",
      "4 40",
      "4 40.",
      "for 40.",
      "four forty.",
      "for 40",
      "4 40 p.m.",
      "for 40 p.m.",
      "440 p.m.",
      "for forty p.m.",
      "4:40, p.m.",
      "4:40."
    ]
  },
  {
    "value": "2021-11-03T16:45:00-06:00",
    "synonyms": [
      "445.",
      "445",
      "4 45",
      "4 45.",
      "for 45.",
      "four forty five.",
      "for 45",
      "4 45 p.m.",
      "for 45 p.m.",
      "445 p.m.",
      "for forty five p.m.",
      "4:45, p.m.",
      "4:45."
    ]
  },
  {
    "value": "2021-11-03T16:50:00-06:00",
    "synonyms": [
      "450.",
      "450",
      "4 50",
      "4 50.",
      "for 50.",
      "four fifty.",
      "for 50",
      "4 50 p.m.",
      "for 50 p.m.",
      "450 p.m.",
      "for fifty p.m.",
      "4:50, p.m.",
      "4:50."
    ]
  }
]