[
  {
    "value": "M G",
    "synonyms": [
      "M G"
    ]
  },
  {
    "value": "Peterbilt",
    "synonyms": [
      "Peterbilt"
    ]
  },
  {
    "value": "acura",
    "synonyms": [
      "acura"
    ]
  },
  {
    "value": "alfa romeo",
    "synonyms": [
      "alfa romeo"
    ]
  },
  {
    "value": "aston martin",
    "synonyms": [
      "aston martin"
    ]
  },
  {
    "value": "audi",
    "synonyms": [
      "audo"
    ]
  },
  {
    "value": "bentley",
    "synonyms": [
      "bentley"
    ]
  },
  {
    "value": "bmw",
    "synonyms": [
      "b m w",
      "bmw"
    ]
  },
  {
    "value": "buick",
    "synonyms": [
      "buick"
    ]
  },
  {
    "value": "cadillac",
    "synonyms": [
      "cadillac"
    ]
  },
  {
    "value": "chevrolet",
    "synonyms": [
      "chevrolet"
    ]
  },
  {
    "value": "chevy",
    "synonyms": [
      "chevy",
      "shevy"
    ]
  },
  {
    "value": "chrysler",
    "synonyms": [
      "chrysler"
    ]
  },
  {
    "value": "dodge",
    "synonyms": [
      "dodge"
    ]
  },
  {
    "value": "ferrari",
    "synonyms": [
      "ferrari"
    ]
  },
  {
    "value": "fiat",
    "synonyms": [
      "fiat"
    ]
  },
  {
    "value": "ford",
    "synonyms": [
      "ford"
    ]
  },
  {
    "value": "freighliner",
    "synonyms": [
      "freighliner"
    ]
  },
  {
    "value": "gmc",
    "synonyms": [
      "g m c",
      "gmc"
    ]
  },
  {
    "value": "honda",
    "synonyms": [
      "honda"
    ]
  },
  {
    "value": "hyundai",
    "synonyms": [
      "hyundai"
    ]
  },
  {
    "value": "infiniti",
    "synonyms": [
      "infiniti"
    ]
  },
  {
    "value": "jaguar",
    "synonyms": [
      "jaguar"
    ]
  },
  {
    "value": "jeep",
    "synonyms": [
      "jeep"
    ]
  },
  {
    "value": "kia",
    "synonyms": [
      "kia"
    ]
  },
  {
    "value": "lamborghini",
    "synonyms": [
      "lamborghini"
    ]
  },
  {
    "value": "land rover",
    "synonyms": [
      "land rover"
    ]
  },
  {
    "value": "lexus",
    "synonyms": [
      "lexus"
    ]
  },
  {
    "value": "lincoln",
    "synonyms": [
      "lincoln"
    ]
  },
  {
    "value": "maserati",
    "synonyms": [
      "maserati"
    ]
  },
  {
    "value": "mazda",
    "synonyms": [
      "mazda"
    ]
  },
  {
    "value": "mclaren",
    "synonyms": [
      "mac laaren",
      "mac laren",
      "mclaren"
    ]
  },
  {
    "value": "mercedes-benz",
    "synonyms": [
      "benz",
      "mercedes",
      "mercedes-benz"
    ]
  },
  {
    "value": "mini",
    "synonyms": [
      "mini"
    ]
  },
  {
    "value": "mitsubishi",
    "synonyms": [
      "mitsubishi"
    ]
  },
  {
    "value": "nissan",
    "synonyms": [
      "nissan"
    ]
  },
  {
    "value": "opel",
    "synonyms": [
      "opel"
    ]
  },
  {
    "value": "porsche",
    "synonyms": [
      "porsche"
    ]
  },
  {
    "value": "ram",
    "synonyms": [
      "ram"
    ]
  },
  {
    "value": "range rover",
    "synonyms": [
      "range rover"
    ]
  },
  {
    "value": "rolls-royce",
    "synonyms": [
      "rolls-royce"
    ]
  },
  {
    "value": "scion",
    "synonyms": [
      "scion"
    ]
  },
  {
    "value": "smart",
    "synonyms": [
      "smart"
    ]
  },
  {
    "value": "subaru",
    "synonyms": [
      "subaru"
    ]
  },
  {
    "value": "tesla",
    "synonyms": [
      "tesla"
    ]
  },
  {
    "value": "toyota",
    "synonyms": [
      "toyota"
    ]
  },
  {
    "value": "volswagen",
    "synonyms": [
      "v w",
      "volkswagen",
      "volswagen"
    ]
  },
  {
    "value": "volvo",
    "synonyms": [
      "volvo"
    ]
  }
]