[
  {
    "value": "At the moment, we do not offer loaners.  Please say operator or say make appointment",
    "synonyms": [
      "do you offer loaner service?",
      "do you have a loaner?",
      "do you have loaners?",
      "do you have any loaner?",
      "do you offer owner service?",
      "do you have a owner?",
      "do you have owners?",
      "do you have any owner?",
      "do you have loner service?",
      "do you offer loner service?",
      "i need a loaner",
      "I need a loaner for service.",
      "do you offer loaners?",
      "loaner service?",
      "A loner.",
      "a loner vehicle"
    ]
  },
  {
    "value": "Yes we offer complimentary shuttle services to and from our dealership. Please say make appointment or other.",
    "synonyms": [
      "do you offer shuttle service?",
      "do you have shuttle service?",
      "do you have shuttle?",
      "do you have rideshare service?",
      "i want to order shuttle",
      "i want to book shuttle"
    ]
  },
  {
    "value": "At the moment, We do not offer pickup and delivery service.  Please say operator or say make appointment",
    "synonyms": [
      "do you offer pickup service?",
      "do you have pickup service?",
      "do you do pickup service?"
    ]
  }
]