[
  {
    "id": "a4f510e6-26e2-4753-9924-49e6aa75cffe",
    "data": [
      {
        "text": "any",
        "meta": "@sys.any",
        "alias": "any",
        "userDefined": true
      },
      {
        "text": " ",
        "userDefined": false
      },
      {
        "text": "yes",
        "meta": "@wordsYes",
        "alias": "wordsYes",
        "userDefined": false
      },
      {
        "text": " ",
        "userDefined": false
      },
      {
        "text": "any",
        "meta": "@sys.any",
        "alias": "any",
        "userDefined": true
      }
    ],
    "isTemplate": false,
    "count": 0,
    "lang": "en",
    "updated": 0
  },
  {
    "id": "ab3d788c-8f7b-4b49-9b60-3f7080649abb",
    "data": [
      {
        "text": "any",
        "meta": "@sys.any",
        "alias": "any",
        "userDefined": true
      },
      {
        "text": " ",
        "userDefined": false
      },
      {
        "text": "yes",
        "meta": "@wordsYes",
        "alias": "wordsYes",
        "userDefined": false
      }
    ],
    "isTemplate": false,
    "count": 1,
    "lang": "en",
    "updated": 0
  },
  {
    "id": "2272ab19-dce7-43da-ad3d-5f275de63011",
    "data": [
      {
        "text": "yes",
        "meta": "@wordsYes",
        "alias": "wordsYes",
        "userDefined": false
      },
      {
        "text": " ",
        "userDefined": false
      },
      {
        "text": "any",
        "meta": "@sys.any",
        "alias": "any",
        "userDefined": true
      }
    ],
    "isTemplate": false,
    "count": 0,
    "lang": "en",
    "updated": 0
  },
  {
    "id": "82dc06f4-b211-41b9-b45f-cfe981cbe57a",
    "data": [
      {
        "text": "any",
        "meta": "@sys.any",
        "alias": "any",
        "userDefined": true
      },
      {
        "text": ", ",
        "userDefined": false
      },
      {
        "text": "yes",
        "meta": "@wordsYes",
        "alias": "wordsYes",
        "userDefined": false
      }
    ],
    "isTemplate": false,
    "count": 0,
    "lang": "en",
    "updated": 0
  },
  {
    "id": "f172d7cf-519d-48b8-8d62-24de2d5e0dc1",
    "data": [
      {
        "text": "yes",
        "meta": "@wordsYes",
        "alias": "wordsYes",
        "userDefined": false
      }
    ],
    "isTemplate": false,
    "count": 0,
    "lang": "en",
    "updated": 0
  }
]