[
  {
    "value": "Arteon",
    "synonyms": [
      "Arteon"
    ]
  },
  {
    "value": "Atlas",
    "synonyms": [
      "Atlas"
    ]
  },
  {
    "value": "Atlas Cross Sport",
    "synonyms": [
      "Atlas Cross Sport"
    ]
  },
  {
    "value": "Beetle",
    "synonyms": [
      "Beetle"
    ]
  },
  {
    "value": "Beetle Convertible",
    "synonyms": [
      "Beetle Convertible"
    ]
  },
  {
    "value": "Cabrio",
    "synonyms": [
      "Cabrio"
    ]
  },
  {
    "value": "Cabriolet",
    "synonyms": [
      "Cabriolet"
    ]
  },
  {
    "value": "CC",
    "synonyms": [
      "CC"
    ]
  },
  {
    "value": "City Golf",
    "synonyms": [
      "City Golf"
    ]
  },
  {
    "value": "City Jetta",
    "synonyms": [
      "City Jetta"
    ]
  },
  {
    "value": "Corrado",
    "synonyms": [
      "Corrado"
    ]
  },
  {
    "value": "Dasher",
    "synonyms": [
      "Dasher"
    ]
  },
  {
    "value": "e-Golf",
    "synonyms": [
      "e-Golf",
      "e Golf"
    ]
  },
  {
    "value": "Eos",
    "synonyms": [
      "Eos"
    ]
  },
  {
    "value": "Eurovan",
    "synonyms": [
      "Eurovan"
    ]
  },
  {
    "value": "Fox",
    "synonyms": [
      "Fox"
    ]
  },
  {
    "value": "GLI",
    "synonyms": [
      "GLI"
    ]
  },
  {
    "value": "Golf",
    "synonyms": [
      "Golf"
    ]
  },
  {
    "value": "Golf Alltrack",
    "synonyms": [
      "Golf Alltrack"
    ]
  },
  {
    "value": "Golf GTI",
    "synonyms": [
      "Golf GTI"
    ]
  },
  {
    "value": "Golf III",
    "synonyms": [
      "Golf III"
    ]
  },
  {
    "value": "Golf R",
    "synonyms": [
      "Golf R"
    ]
  },
  {
    "value": "Golf Sportwagen",
    "synonyms": [
      "Golf Sportwagen"
    ]
  },
  {
    "value": "GTI",
    "synonyms": [
      "GTI"
    ]
  },
  {
    "value": "ID.4",
    "synonyms": [
      "ID.4",
      "ID. 4 "
    ]
  },
  {
    "value": "Jetta",
    "synonyms": [
      "Jetta"
    ]
  },
  {
    "value": "Jetta 2.0T",
    "synonyms": [
      "Jetta 2.0T",
      "Jetta  2 .0T"
    ]
  },
  {
    "value": "Jetta 2.5",
    "synonyms": [
      "Jetta 2.5",
      "Jetta  2 .5"
    ]
  },
  {
    "value": "Jetta GLI",
    "synonyms": [
      "Jetta GLI"
    ]
  },
  {
    "value": "Jetta Hybrid",
    "synonyms": [
      "Jetta Hybrid"
    ]
  },
  {
    "value": "Jetta III",
    "synonyms": [
      "Jetta III"
    ]
  },
  {
    "value": "New Beetle",
    "synonyms": [
      "New Beetle"
    ]
  },
  {
    "value": "New Beetle Convertible",
    "synonyms": [
      "New Beetle Convertible"
    ]
  },
  {
    "value": "New Jetta",
    "synonyms": [
      "New Jetta"
    ]
  },
  {
    "value": "Passat",
    "synonyms": [
      "Passat"
    ]
  },
  {
    "value": "Passat CC",
    "synonyms": [
      "Passat CC"
    ]
  },
  {
    "value": "Phaeton",
    "synonyms": [
      "Phaeton"
    ]
  },
  {
    "value": "Quantum",
    "synonyms": [
      "Quantum"
    ]
  },
  {
    "value": "R32",
    "synonyms": [
      "R32",
      "R 3 2 "
    ]
  },
  {
    "value": "Rabbit",
    "synonyms": [
      "Rabbit"
    ]
  },
  {
    "value": "Rabbit Pickup",
    "synonyms": [
      "Rabbit Pickup"
    ]
  },
  {
    "value": "Routan",
    "synonyms": [
      "Routan"
    ]
  },
  {
    "value": "Scirocco",
    "synonyms": [
      "Scirocco"
    ]
  },
  {
    "value": "Taos",
    "synonyms": [
      "Taos"
    ]
  },
  {
    "value": "Tiguan",
    "synonyms": [
      "Tiguan"
    ]
  },
  {
    "value": "Tiguan Limited",
    "synonyms": [
      "Tiguan Limited"
    ]
  },
  {
    "value": "Touareg",
    "synonyms": [
      "Touareg"
    ]
  },
  {
    "value": "Touareg 2",
    "synonyms": [
      "Touareg 2",
      "Touareg  2 "
    ]
  },
  {
    "value": "Touareg Hybrid",
    "synonyms": [
      "Touareg Hybrid"
    ]
  },
  {
    "value": "Vanagon",
    "synonyms": [
      "Vanagon"
    ]
  }
]