[
  {
    "value": "Yes We do offer loaner cars. Please say make appointment or say operator",
    "synonyms": [
      "do you offer loaner service?",
      "do you have a loaner?",
      "do you have loaners?",
      "do you have any loaner?",
      "do you offer owner service?",
      "do you have a owner?",
      "do you have owners?",
      "do you have any owner?",
      "do you have loner service?",
      "do you offer loner service?",
      "loaner car",
      "loaner vehicle",
      "i need a loaner",
      "do you offer loaners?",
      "do you have loaner?",
      "need a loaner"
    ]
  },
  {
    "value": "Sorry, at the moment, we do not offer rental service. What else can I help you with?",
    "synonyms": [
      "do you offer rental service?",
      "do you offer car rental service?",
      "request a rental",
      "a rental car",
      "a rental vehicle",
      "Renting a car.",
      "renting car",
      "i want to rent a car",
      "car rental"
    ]
  },
  {
    "value": "Yes we offer complimentary shuttle services to and from our dealership. Please say make appointment or other.",
    "synonyms": [
      "do you offer shuttle service?",
      "do you have shuttle service?",
      "do you have shuttle?",
      "do you have rideshare service?",
      "i want to order shuttle",
      "i want to book shuttle"
    ]
  },
  {
    "value": "At the moment, We do not offer pickup and delivery service.  Please say operator or say make appointment",
    "synonyms": [
      "do you offer pickup service?",
      "do you have pickup service?",
      "do you do pickup service?"
    ]
  },
  {
    "value": "Please call the Porsche roadside assistance number at (800) 767-7243",
    "synonyms": [
      "emergency",
      "urgent",
      "accident"
    ]
  }
]