[
  {
    "value": "ES250",
    "synonyms": [
      "ES250",
      "ES 2 50",
      "E S 2 50"
    ]
  },
  {
    "value": "ES300h",
    "synonyms": [
      "ES300h",
      "300H",
      "300 H",
      "ES 300",
      "ES 300 H",
      "E S 300 H"
    ]
  },
  {
    "value": "ES350",
    "synonyms": [
      "ES350",
      "ES 3 50",
      "E S 3 50"
    ]
  },
  {
    "value": "GX460",
    "synonyms": [
      "GX460",
      "GX",
      "G X",
      "GX 460",
      "GX 4 60",
      "G X 4 60",
      "G X 460"
    ]
  },
  {
    "value": "IS300",
    "synonyms": [
      "IS300",
      "IS 300",
      "IS 3 100",
      "IS 3 hundred",
      "I S 300"
    ]
  },
  {
    "value": "IS350",
    "synonyms": [
      "IS350",
      "IS 350",
      "IS 3 50",
      "IS 3 fifty",
      "I S 350"
    ]
  },
  {
    "value": "LC500",
    "synonyms": [
      "LC500",
      "LC 500",
      "LC 5 100",
      "LC 5 hundred",
      "L C 500"
    ]
  },
  {
    "value": "LC500h",
    "synonyms": [
      "LC500h",
      "LC 500h",
      "LC 5 100 h",
      "LC 5 hundred h",
      "L C 500 h"
    ]
  },
  {
    "value": "LS500",
    "synonyms": [
      "LS500",
      "LS 500",
      "LS 5 100",
      "LS 5 hundred",
      "L S 500"
    ]
  },
  {
    "value": "LS500h",
    "synonyms": [
      "LS500h",
      "LS 500h",
      "LS 5 100 h",
      "LS 5 hundred h",
      "L S 500 h"
    ]
  },
  {
    "value": "LX570",
    "synonyms": [
      "LX570",
      "LX",
      "L X",
      "LX 570",
      "LX 5 70",
      "L X 5 70",
      "L X 570"
    ]
  },
  {
    "value": "NX300",
    "synonyms": [
      "NX300",
      "NX 300",
      "NX 3 100",
      "NX 3 hundred",
      "N X 300"
    ]
  },
  {
    "value": "NX300h",
    "synonyms": [
      "NX300h",
      "NX 300h",
      "NX 3 100 h",
      "NX 3 hundred h",
      "N X 300 h"
    ]
  },
  {
    "value": "RC F",
    "synonyms": [
      "RC F",
      "RCF",
      "R C F"
    ]
  },
  {
    "value": "RC300",
    "synonyms": [
      "RC300",
      "RC 300",
      "RC 3 100",
      "RC 3 hundred",
      "R C 300"
    ]
  },
  {
    "value": "RC350",
    "synonyms": [
      "RC350",
      "RC 350",
      "RC 3 50",
      "RC 3 fifty",
      "R C 350"
    ]
  },
  {
    "value": "RX350",
    "synonyms": [
      "RX350",
      "RX 350",
      "RX 3 50",
      "RX 3 fifty",
      "R X 350"
    ]
  },
  {
    "value": "RX350L",
    "synonyms": [
      "RX350L",
      "RX 350L",
      "RX 3 50 L",
      "RX 3 fifty L",
      "R X 350 L"
    ]
  },
  {
    "value": "RX450h",
    "synonyms": [
      "RX450h",
      "RX 450h",
      "RX 4 50 h",
      "RX 4 fifty h",
      "R X 450 h"
    ]
  },
  {
    "value": "RX450hL",
    "synonyms": [
      "RX450hL",
      "RX 450hL",
      "RX 4 50 h L",
      "RX 4 fifty h L",
      "R X 450 h L"
    ]
  },
  {
    "value": "UX200",
    "synonyms": [
      "UX200",
      "UX 200",
      "UX 2 100",
      "UX 2 hundred",
      "U X 200"
    ]
  },
  {
    "value": "UX250h",
    "synonyms": [
      "UX250h",
      "UX 250h",
      "UX 2 50 h",
      "UX 2 fifty h",
      "U X 250 h"
    ]
  }
]