[
  {
    "value": "service advisor",
    "synonyms": [
      "service department",
      "serve",
      "services",
      "service people",
      "service advisor",
      "service representative",
      "service rep",
      "Speak to service",
      "talk to service",
      "I speak the service person",
      "speak service person",
      "service person",
      "speak to the service person",
      "speak to the advisor"
    ]
  },
  {
    "value": "reschedule",
    "synonyms": [
      "reschedule",
      "change appointment",
      "reschedule service"
    ]
  },
  {
    "value": "charge",
    "synonyms": [
      "charge",
      "quote",
      "charges",
      "quotes",
      "price",
      "prices",
      "cost",
      "invoice",
      "questions",
      "questionable",
      "payment",
      "question"
    ]
  },
  {
    "value": "agent",
    "synonyms": [
      "agent",
      "somebody",
      "operator",
      "live person",
      "adviser",
      "advisor",
      "advice",
      "customer service",
      "host",
      "server",
      "representative",
      "human",
      "human being",
      "person",
      "divisor",
      "visor",
      "tech",
      "technician",
      "associate",
      "rep",
      "representatives",
      "an advisor",
      "a rep",
      "someone",
      "an adviser",
      "advisory",
      "operator operator"
    ]
  },
  {
    "value": "change",
    "synonyms": [
      "change",
      "change service",
      "change schedule",
      "change schedule service",
      "change booking",
      "change service appointment",
      "rebook",
      "existing appointment",
      "change appointment"
    ]
  },
  {
    "value": "cancel",
    "synonyms": [
      "cancel",
      "cancel service",
      "cancel schedule",
      "cancel booking",
      "Cancel service appointment.",
      "cancel appointment"
    ]
  },
  {
    "value": "help",
    "synonyms": [
      "help"
    ]
  },
  {
    "value": "stop",
    "synonyms": [
      "stop"
    ]
  },
  {
    "value": "warranty",
    "synonyms": [
      "guarantee",
      "warranties",
      "guarantees"
    ]
  },
  {
    "value": "fleet",
    "synonyms": [
      "fleet",
      "fleet service",
      "shuttle",
      "shuttle pick up",
      "pick up",
      "lyft",
      "lyft service",
      "lyft services",
      "uber",
      "user service",
      "uber services",
      "pickup",
      "arrange pickup",
      "arrange for a pickup",
      "arrange a pickup"
    ]
  },
  {
    "value": "General Manager.",
    "synonyms": [
      "General Manager.",
      "service manager"
    ]
  },
  {
    "value": "annoying",
    "synonyms": [
      "annoying",
      "what are you doing",
      "especially annoying"
    ]
  },
  {
    "value": "reception",
    "synonyms": [
      "reception",
      "receptionist"
    ]
  },
  {
    "value": "Go to my settings.",
    "synonyms": [
      "Go to my settings.",
      "settings",
      "profile",
      "change profile",
      "online access",
      "online"
    ]
  },
  {
    "value": "talk",
    "synonyms": [
      "talk to you",
      "talk to",
      "talk",
      "talk to somebody"
    ]
  },
  {
    "value": "fuck",
    "synonyms": [
      "fuck",
      "fuck you",
      "fuck off",
      "fuck me",
      "shit",
      "don\u0027t shit",
      "this is shit",
      "death"
    ]
  },
  {
    "value": "scream",
    "synonyms": [
      "scream",
      "screaming",
      "shout",
      "shouting"
    ]
  },
  {
    "value": "bad",
    "synonyms": [
      "bad",
      "stupid",
      "idiot"
    ]
  },
  {
    "value": "spanish",
    "synonyms": [
      "spanish"
    ]
  },
  {
    "value": "police",
    "synonyms": [
      "police",
      "police department"
    ]
  },
  {
    "value": "assistance",
    "synonyms": [
      "assistance",
      "assist",
      "assist me"
    ]
  },
  {
    "value": "check schedule",
    "synonyms": [
      "check schedule",
      "check service schedule",
      "check a service schedule"
    ]
  },
  {
    "value": "how",
    "synonyms": [
      "how to",
      "how to change",
      "how"
    ]
  },
  {
    "value": "seriously",
    "synonyms": [
      "seriously"
    ]
  },
  {
    "value": "roadside assistant",
    "synonyms": [
      "roadside assistant",
      "emergency",
      "urgent",
      "urgency",
      "accident",
      "driver assistance",
      "alert",
      "collision",
      "collision repair"
    ]
  },
  {
    "value": "range",
    "synonyms": [
      "range",
      "charging"
    ]
  },
  {
    "value": "complaint",
    "synonyms": [
      "complaint",
      "complaints"
    ]
  },
  {
    "value": "nervous",
    "synonyms": [
      "nervous"
    ]
  },
  {
    "value": "names",
    "synonyms": [
      "names",
      "demon",
      "gil"
    ]
  },
  {
    "value": "information",
    "synonyms": [
      "information"
    ]
  },
  {
    "value": "transfer",
    "synonyms": [
      "transfer"
    ]
  },
  {
    "value": "support",
    "synonyms": [
      "support",
      "technical support"
    ]
  },
  {
    "value": "junk",
    "synonyms": [
      "Please enter the call summary followed by the pound key",
      "We are sorry. The number you entered is either invalid. Or we did not receive your response. Please enter the call summary followed by the pound key.",
      "the pound key",
      "the pound key.",
      "Please enter the call summary followed by the pound key.",
      "Call summary followed by the pound key.",
      "We\u0027re sorry. You\u0027ve made too many errors. Trying to enter a call summary. Goodbye.",
      "Goodbye.",
      "You\u0027ve made too many errors.",
      "Trying to enter a call summary."
    ]
  },
  {
    "value": "transportation",
    "synonyms": [
      "transportation",
      "pick",
      "pick up",
      "delivery",
      "pickup and delivery",
      "lincoln",
      "lincoln pickup",
      "courtesy",
      "valet",
      "loaner",
      "lift",
      "lyft",
      "concierge",
      "uber",
      "rental",
      "rental car",
      "pickup"
    ]
  },
  {
    "value": "recall",
    "synonyms": [
      "recall"
    ]
  }
]