[
  {
    "value": "carModel",
    "synonyms": [
      "carModel"
    ]
  },
  {
    "value": "1500 (3.6L)",
    "synonyms": [
      "1500 (3.6L)",
      "1500",
      "15 hundred"
    ]
  },
  {
    "value": "1500 (3.7L)",
    "synonyms": [
      "1500 (3.7L)"
    ]
  },
  {
    "value": "1500 (4.7L)",
    "synonyms": [
      "1500 (4.7L)"
    ]
  },
  {
    "value": "1500 (5.7L)",
    "synonyms": [
      "1500 (5.7L)"
    ]
  },
  {
    "value": "1500 (5.7L) CNG",
    "synonyms": [
      "1500 (5.7L) CNG"
    ]
  },
  {
    "value": "1500 (6.2L)",
    "synonyms": [
      "1500 (6.2L)"
    ]
  },
  {
    "value": "1500 Classic (3.6L)",
    "synonyms": [
      "1500 Classic (3.6L)",
      "1500 Classic"
    ]
  },
  {
    "value": "1500 Classic (5.7L)",
    "synonyms": [
      "1500 Classic (5.7L)"
    ]
  },
  {
    "value": "1500 Classic Diesel (3.0L)",
    "synonyms": [
      "1500 Classic Diesel (3.0L)"
    ]
  },
  {
    "value": "1500 Diesel (3.0L)",
    "synonyms": [
      "1500 Diesel (3.0L)",
      "1500 Diesel"
    ]
  },
  {
    "value": "1500 TRX",
    "synonyms": [
      "1500 TRX"
    ]
  },
  {
    "value": "2500 (5.7L)",
    "synonyms": [
      "2500 (5.7L)",
      "2500"
    ]
  },
  {
    "value": "2500 (5.7L) CNG",
    "synonyms": [
      "2500 (5.7L) CNG"
    ]
  },
  {
    "value": "2500 (6.4L)",
    "synonyms": [
      "2500 (6.4L)"
    ]
  },
  {
    "value": "2500 Chassis Cab (5.7L)",
    "synonyms": [
      "2500 Chassis Cab (5.7L)",
      "2500 Chassis Cab"
    ]
  },
  {
    "value": "2500 Chassis Cab (6.4L)",
    "synonyms": [
      "2500 Chassis Cab (6.4L)"
    ]
  },
  {
    "value": "2500 Diesel (6.7L)",
    "synonyms": [
      "2500 Diesel (6.7L)"
    ]
  },
  {
    "value": "3500 (5.7L)",
    "synonyms": [
      "3500 (5.7L)",
      "3500"
    ]
  },
  {
    "value": "3500 (5.7L) CNG",
    "synonyms": [
      "3500 (5.7L) CNG"
    ]
  },
  {
    "value": "3500 (6.4L)",
    "synonyms": [
      "3500 (6.4L)"
    ]
  },
  {
    "value": "3500 Chassis Cab (5.7L)",
    "synonyms": [
      "3500 Chassis Cab (5.7L)",
      "3500 Chassis Cab"
    ]
  },
  {
    "value": "3500 Chassis Cab (6.4L)",
    "synonyms": [
      "3500 Chassis Cab (6.4L)"
    ]
  },
  {
    "value": "3500 Chassis Cab Diesel (6.7L)",
    "synonyms": [
      "3500 Chassis Cab Diesel (6.7L)"
    ]
  },
  {
    "value": "3500 Diesel (6.7L)",
    "synonyms": [
      "3500 Diesel (6.7L)"
    ]
  },
  {
    "value": "4000 Chassis Cab (5.7L)",
    "synonyms": [
      "4000 Chassis Cab (5.7L)",
      "4000",
      "4000 Chassis Cab"
    ]
  },
  {
    "value": "4000 Chassis Cab (6.4L)",
    "synonyms": [
      "4000 Chassis Cab (6.4L)"
    ]
  },
  {
    "value": "4000 Chassis Cab Diesel (6.7L)",
    "synonyms": [
      "4000 Chassis Cab Diesel (6.7L)"
    ]
  },
  {
    "value": "4500 Chassis Cab (5.7L)",
    "synonyms": [
      "4500 Chassis Cab (5.7L)",
      "4500 Chassis Cab",
      "4500"
    ]
  },
  {
    "value": "4500 Chassis Cab (6.4L)",
    "synonyms": [
      "4500 Chassis Cab (6.4L)"
    ]
  },
  {
    "value": "4500 Chassis Cab Diesel (6.7L)",
    "synonyms": [
      "4500 Chassis Cab Diesel (6.7L)"
    ]
  },
  {
    "value": "5500 Chassis Cab (5.7L)",
    "synonyms": [
      "5500 Chassis Cab (5.7L)",
      "5500 Chassis Cab",
      "5500"
    ]
  },
  {
    "value": "5500 Chassis Cab (6.4L)",
    "synonyms": [
      "5500 Chassis Cab (6.4L)"
    ]
  },
  {
    "value": "5500 Chassis Cab Diesel (6.7L)",
    "synonyms": [
      "5500 Chassis Cab Diesel (6.7L)"
    ]
  },
  {
    "value": "CV (3.6L)",
    "synonyms": [
      "CV (3.6L)"
    ]
  },
  {
    "value": "Cargo Van (3.6L)",
    "synonyms": [
      "Cargo Van (3.6L)",
      "Cargo Van"
    ]
  },
  {
    "value": "ProMaster (3.6L)",
    "synonyms": [
      "ProMaster (3.6L)",
      "ProMaster"
    ]
  },
  {
    "value": "ProMaster Cab Chassis (3.6L)",
    "synonyms": [
      "ProMaster Cab Chassis (3.6L)",
      "ProMaster Cab Chassis"
    ]
  },
  {
    "value": "ProMaster Cab Chassis Diesel (3.0L)",
    "synonyms": [
      "ProMaster Cab Chassis Diesel (3.0L)"
    ]
  },
  {
    "value": "ProMaster Cargo (3.6L)",
    "synonyms": [
      "ProMaster Cargo (3.6L)",
      "ProMaster Cargo"
    ]
  },
  {
    "value": "ProMaster Cargo Diesel (3.0L)",
    "synonyms": [
      "ProMaster Cargo Diesel (3.0L)"
    ]
  },
  {
    "value": "ProMaster Cargo Van (3.0L)",
    "synonyms": [
      "ProMaster Cargo Van (3.0L)"
    ]
  },
  {
    "value": "ProMaster Cargo Van (3.6L)",
    "synonyms": [
      "ProMaster Cargo Van (3.6L)"
    ]
  },
  {
    "value": "ProMaster Cargo Van Diesel (3.0L)",
    "synonyms": [
      "ProMaster Cargo Van Diesel (3.0L)"
    ]
  },
  {
    "value": "ProMaster Chassis Cab (3.6L)",
    "synonyms": [
      "ProMaster Chassis Cab (3.6L)",
      "ProMaster Chassis"
    ]
  },
  {
    "value": "ProMaster Chassis Cab Diesel (3.0L)",
    "synonyms": [
      "ProMaster Chassis Cab Diesel (3.0L)"
    ]
  },
  {
    "value": "ProMaster City (2.4L)",
    "synonyms": [
      "ProMaster City (2.4L)",
      "ProMaster City"
    ]
  },
  {
    "value": "ProMaster City Cargo (2.4L)",
    "synonyms": [
      "ProMaster City Cargo (2.4L)",
      "ProMaster City Cargo"
    ]
  },
  {
    "value": "ProMaster City Cargo Van (2.4L)",
    "synonyms": [
      "ProMaster City Cargo Van (2.4L)"
    ]
  },
  {
    "value": "ProMaster City Wagon (2.4L)",
    "synonyms": [
      "ProMaster City Wagon (2.4L)",
      "ProMaster City Wagon"
    ]
  },
  {
    "value": "ProMaster Cutaway (3.6L)",
    "synonyms": [
      "ProMaster Cutaway (3.6L)",
      "ProMaster Cutaway"
    ]
  },
  {
    "value": "ProMaster Cutaway Chassis (3.6L)",
    "synonyms": [
      "ProMaster Cutaway Chassis (3.6L)"
    ]
  },
  {
    "value": "ProMaster Cutaway Chassis Diesel (3.0L)",
    "synonyms": [
      "ProMaster Cutaway Chassis Diesel (3.0L)"
    ]
  },
  {
    "value": "ProMaster Cutaway Diesel (3.0L)",
    "synonyms": [
      "ProMaster Cutaway Diesel (3.0L)"
    ]
  },
  {
    "value": "ProMaster Diesel (3.0L)",
    "synonyms": [
      "ProMaster Diesel (3.0L)",
      "ProMaster Diesel"
    ]
  },
  {
    "value": "ProMaster Window (3.6L)",
    "synonyms": [
      "ProMaster Window (3.6L)",
      "ProMaster Window"
    ]
  },
  {
    "value": "ProMaster Window Diesel (3.0L)",
    "synonyms": [
      "ProMaster Window Diesel (3.0L)"
    ]
  },
  {
    "value": "ProMaster Window Van (3.6L)",
    "synonyms": [
      "ProMaster Window Van (3.6L)"
    ]
  },
  {
    "value": "ProMaster Window Van Diesel (3.0L)",
    "synonyms": [
      "ProMaster Window Van Diesel (3.0L)"
    ]
  }
]