[
  {
    "value": "200 (2.4L PZEV) 4 Spd",
    "synonyms": [
      "200 (2.4L PZEV) 4 Spd",
      "200"
    ]
  },
  {
    "value": "200 (2.4L PZEV) 6 Spd",
    "synonyms": [
      "200 (2.4L PZEV) 6 Spd",
      "200 6 spd"
    ]
  },
  {
    "value": "200 (2.4L)",
    "synonyms": [
      "200 (2.4L)",
      "200 2.4 L"
    ]
  },
  {
    "value": "200 (2.4L) 6 Spd",
    "synonyms": [
      "200 (2.4L) 6 Spd"
    ]
  },
  {
    "value": "200 (3.6L)",
    "synonyms": [
      "200 (3.6L)"
    ]
  },
  {
    "value": "200 Convertible (2.4L)",
    "synonyms": [
      "200 Convertible (2.4L)",
      "200 Convertible"
    ]
  },
  {
    "value": "200 Convertible (3.6L)",
    "synonyms": [
      "200 Convertible (3.6L)"
    ]
  },
  {
    "value": "300 (2.7L)",
    "synonyms": [
      "300 (2.7L)",
      "300"
    ]
  },
  {
    "value": "300 (3.5L)",
    "synonyms": [
      "300 (3.5L)"
    ]
  },
  {
    "value": "300 (3.5L) 4 Spd",
    "synonyms": [
      "300 (3.5L) 4 Spd"
    ]
  },
  {
    "value": "300 (3.5L) 5 Spd",
    "synonyms": [
      "300 (3.5L) 5 Spd"
    ]
  },
  {
    "value": "300 (3.6L)",
    "synonyms": [
      "300 (3.6L)"
    ]
  },
  {
    "value": "300 (3.6L) 8 Spd",
    "synonyms": [
      "300 (3.6L) 8 Spd"
    ]
  },
  {
    "value": "300 (5.7L)",
    "synonyms": [
      "300 (5.7L)"
    ]
  },
  {
    "value": "300 (6.4L)",
    "synonyms": [
      "300 (6.4L)"
    ]
  },
  {
    "value": "300 SRT (6.1L)",
    "synonyms": [
      "300 SRT (6.1L)"
    ]
  },
  {
    "value": "300 SRT (6.4L)",
    "synonyms": [
      "300 SRT (6.4L)"
    ]
  },
  {
    "value": "300C (5.7L)",
    "synonyms": [
      "300C (5.7L)",
      "300C",
      "300 C"
    ]
  },
  {
    "value": "300M (3.5L)",
    "synonyms": [
      "300M (3.5L)",
      "300M",
      "300 M"
    ]
  },
  {
    "value": "Aspen (4.7L)",
    "synonyms": [
      "Aspen (4.7L)",
      "Aspen"
    ]
  },
  {
    "value": "Aspen (5.7L)",
    "synonyms": [
      "Aspen (5.7L)"
    ]
  },
  {
    "value": "Aspen Hybrid (5.7L)",
    "synonyms": [
      "Aspen Hybrid (5.7L)",
      "Aspen Hybrid"
    ]
  },
  {
    "value": "Concorde (2.7L)",
    "synonyms": [
      "Concorde (2.7L)",
      "Concorde"
    ]
  },
  {
    "value": "Concorde (3.2L)",
    "synonyms": [
      "Concorde (3.2L)"
    ]
  },
  {
    "value": "Concorde (3.5L)",
    "synonyms": [
      "Concorde (3.5L)"
    ]
  },
  {
    "value": "Crossfire (3.2L)",
    "synonyms": [
      "Crossfire (3.2L)",
      "Crossfire",
      "Cross fire"
    ]
  },
  {
    "value": "Crossfire SRT-6 (3.2L)",
    "synonyms": [
      "Crossfire SRT-6 (3.2L)"
    ]
  },
  {
    "value": "Crossfire SRT6 (3.2L)",
    "synonyms": [
      "Crossfire SRT6 (3.2L)"
    ]
  },
  {
    "value": "Grand Caravan (3.6L)",
    "synonyms": [
      "Grand Caravan (3.6L)",
      "Grand Caravan"
    ]
  },
  {
    "value": "Intrepid (2.7L)",
    "synonyms": [
      "Intrepid (2.7L)",
      "Intrepid"
    ]
  },
  {
    "value": "Intrepid (3.2L)",
    "synonyms": [
      "Intrepid (3.2L)"
    ]
  },
  {
    "value": "Intrepid (3.5L)",
    "synonyms": [
      "Intrepid (3.5L)"
    ]
  },
  {
    "value": "LHS (3.5L)",
    "synonyms": [
      "LHS (3.5L)",
      "LHS"
    ]
  },
  {
    "value": "Neon (2.0L)",
    "synonyms": [
      "Neon (2.0L)"
    ]
  },
  {
    "value": "PT Cruiser (2.4L)",
    "synonyms": [
      "PT Cruiser (2.4L)",
      "PT Cruiser"
    ]
  },
  {
    "value": "PT Cruiser Classic (2.4L)",
    "synonyms": [
      "PT Cruiser Classic (2.4L)"
    ]
  },
  {
    "value": "Pacifica (3.5L)",
    "synonyms": [
      "Pacifica (3.5L)",
      "Pacifica"
    ]
  },
  {
    "value": "Pacifica (3.6L)",
    "synonyms": [
      "Pacifica (3.6L)"
    ]
  },
  {
    "value": "Pacifica (3.8L)",
    "synonyms": [
      "Pacifica (3.8L)"
    ]
  },
  {
    "value": "Pacifica (4.0L)",
    "synonyms": [
      "Pacifica (4.0L)"
    ]
  },
  {
    "value": "Pacifica PHEV (3.6L)",
    "synonyms": [
      "Pacifica PHEV (3.6L)"
    ]
  },
  {
    "value": "Prowler (3.5L)",
    "synonyms": [
      "Prowler (3.5L)",
      "Prowler"
    ]
  },
  {
    "value": "Sebring (2.4L PZEV)",
    "synonyms": [
      "Sebring (2.4L PZEV)",
      "Sebring"
    ]
  },
  {
    "value": "Sebring (2.4L)",
    "synonyms": [
      "Sebring (2.4L)"
    ]
  },
  {
    "value": "Sebring (2.7L)",
    "synonyms": [
      "Sebring (2.7L)"
    ]
  },
  {
    "value": "Sebring (3.5L)",
    "synonyms": [
      "Sebring (3.5L)"
    ]
  },
  {
    "value": "Sebring Convertible (2.4L)",
    "synonyms": [
      "Sebring Convertible (2.4L)",
      "Sebring convertible"
    ]
  },
  {
    "value": "Sebring Convertible (2.7L)",
    "synonyms": [
      "Sebring Convertible (2.7L)"
    ]
  },
  {
    "value": "Sebring Convertible (3.5L)",
    "synonyms": [
      "Sebring Convertible (3.5L)"
    ]
  },
  {
    "value": "Sebring Coupe (2.4L)",
    "synonyms": [
      "Sebring Coupe (2.4L)",
      "Sebring Coupe"
    ]
  },
  {
    "value": "Sebring Coupe (3.0L)",
    "synonyms": [
      "Sebring Coupe (3.0L)"
    ]
  },
  {
    "value": "Sebring Cpe (2.4L)",
    "synonyms": [
      "Sebring Cpe (2.4L)",
      "Sebring Cpe"
    ]
  },
  {
    "value": "Sebring Cpe (3.0L)",
    "synonyms": [
      "Sebring Cpe (3.0L)"
    ]
  },
  {
    "value": "Town \u0026 Country (3.3L)",
    "synonyms": [
      "Town \u0026 Country (3.3L)",
      "Town \u0026 Country"
    ]
  },
  {
    "value": "Town \u0026 Country (3.6L)",
    "synonyms": [
      "Town \u0026 Country (3.6L)"
    ]
  },
  {
    "value": "Town \u0026 Country (3.8L)",
    "synonyms": [
      "Town \u0026 Country (3.8L)"
    ]
  },
  {
    "value": "Town \u0026 Country (4.0L)",
    "synonyms": [
      "Town \u0026 Country (4.0L)"
    ]
  },
  {
    "value": "Town \u0026 Country LWB (3.3L)",
    "synonyms": [
      "Town \u0026 Country LWB (3.3L)",
      "Town \u0026 Country LWB"
    ]
  },
  {
    "value": "Town \u0026 Country LWB (3.8L)",
    "synonyms": [
      "Town \u0026 Country LWB (3.8L)"
    ]
  },
  {
    "value": "Town \u0026 Country SWB (3.3L)",
    "synonyms": [
      "Town \u0026 Country SWB (3.3L)"
    ]
  },
  {
    "value": "Voyager (2.4L)",
    "synonyms": [
      "Voyager (2.4L)",
      "Voyager"
    ]
  },
  {
    "value": "Voyager (3.3L)",
    "synonyms": [
      "Voyager (3.3L)"
    ]
  },
  {
    "value": "Voyager (3.6L)",
    "synonyms": [
      "Voyager (3.6L)"
    ]
  }
]