[
  {
    "value": "carModel",
    "synonyms": [
      "carModel"
    ]
  },
  {
    "value": "128I CP",
    "synonyms": [
      "128I CP",
      "1 28I CP",
      "1 28I",
      "128",
      "1 28",
      "1 28 CP",
      "1 series",
      "series 1"
    ]
  },
  {
    "value": "135I CP",
    "synonyms": [
      "135I CP",
      "1 35I CP",
      "1 35I",
      "135",
      "1 35",
      "1 35 CP"
    ]
  },
  {
    "value": "228 XDRIVE CONVERTIBLE",
    "synonyms": [
      "228 XDRIVE CONVERTIBLE",
      "2 28 XDRIVE CONVERTIBLE",
      "228 XDRIVE",
      "2 28 XDRIVE",
      "2 28 X DRIVE",
      "228 CONVERTIBLE"
    ]
  },
  {
    "value": "228CI",
    "synonyms": [
      "228CI",
      "228 CI",
      "2 28CI"
    ]
  },
  {
    "value": "228D SEDAN",
    "synonyms": [
      "228D SEDAN",
      "2 28D SEDAN",
      "228 SEDAN",
      "2 28 SEDAN"
    ]
  },
  {
    "value": "228D XDRIVE SEDAN",
    "synonyms": [
      "228D XDRIVE SEDAN",
      "2 28D XDRIVE SEDAN",
      "2 28D X DRIVE SEDAN"
    ]
  },
  {
    "value": "228D XDRIVE SPORTS WAGON",
    "synonyms": [
      "228D XDRIVE SPORTS WAGON",
      "2 28D XDRIVE SPORTS WAGON",
      "2 28D X DRIVE SPORTS WAGON",
      "2 28D Wagon",
      "2 28D sport",
      "2 28D sports Wagon",
      "228 SPORTS",
      "2 28 SPORTS",
      "2 20 8 SPORTS"
    ]
  },
  {
    "value": "228I",
    "synonyms": [
      "228I",
      "2 28 I",
      "2 20 8 I",
      "228",
      "2 28",
      "2 20 8",
      "2 series",
      "series 2"
    ]
  },
  {
    "value": "228I CONVERTIBLE",
    "synonyms": [
      "228I CONVERTIBLE",
      "2 28I CONVERTIBLE",
      "2 28 CONVERTIBLE"
    ]
  },
  {
    "value": "228I COUPE",
    "synonyms": [
      "228I COUPE",
      "2 28I COUPE",
      "2 28 COUPE"
    ]
  },
  {
    "value": "228I S",
    "synonyms": [
      "228I S",
      "2 28I S",
      "2 28I",
      "2 28 S"
    ]
  },
  {
    "value": "228I SEDAN",
    "synonyms": [
      "228I SEDAN",
      "2 28I SEDAN",
      "2 28 SEDAN"
    ]
  },
  {
    "value": "228I XDRIVE GRAN TURISMO",
    "synonyms": [
      "228I XDRIVE GRAN TURISMO",
      "228I XDRIVE",
      "2 28I XDRIVE",
      "228 XDRIVE",
      "2 28 XDRIVE",
      "228I TURISMO",
      "2 28I GRAN TURISMO"
    ]
  },
  {
    "value": "228I XDRIVE SEDAN",
    "synonyms": [
      "228I XDRIVE SEDAN",
      "2 28I XDRIVE SEDAN",
      "228I XDRIVE",
      "2 28I XDRIVE",
      "2 28I X DRIVE"
    ]
  },
  {
    "value": "228I XDRIVE SPORTS WAGON",
    "synonyms": [
      "228I XDRIVE SPORTS WAGON",
      "2 28I XDRIVE SPORTS WAGON",
      "2 28I XDRIVE SPORTS",
      "2 28 I XDRIVE SPORTS WAGON",
      "2 28 I X DRIVE SPORTS WAGON"
    ]
  },
  {
    "value": "228I XDRIVE CONVERTIBLE",
    "synonyms": [
      "228I XDRIVE CONVERTIBLE",
      "2 28I XDRIVE CONVERTIBLE",
      "2 28I X DRIVE CONVERTIBLE"
    ]
  },
  {
    "value": "228I XDRIVE COUPE",
    "synonyms": [
      "228I XDRIVE COUPE",
      "2 28I XDRIVE COUPE",
      "2 28I X DRIVE COUPE"
    ]
  },
  {
    "value": "228IC",
    "synonyms": [
      "228IC",
      "2 28IC",
      "2 28 I C"
    ]
  },
  {
    "value": "228XI",
    "synonyms": [
      "228XI",
      "2 28XI",
      "2 28 X I"
    ]
  },
  {
    "value": "228XI CP",
    "synonyms": [
      "228XI CP",
      "2 28XI CP",
      "2 28 XI CP"
    ]
  },
  {
    "value": "230I",
    "synonyms": [
      "230I",
      "2 30I",
      "230",
      "2 30"
    ]
  },
  {
    "value": "230I CONVERTIBLE",
    "synonyms": [
      "230I CONVERTIBLE",
      "2 30I CONVERTIBLE"
    ]
  },
  {
    "value": "230I COUPE",
    "synonyms": [
      "230I COUPE",
      "2 30I COUPE"
    ]
  },
  {
    "value": "230I XDRIVE CONVERTIBLE",
    "synonyms": [
      "230I XDRIVE CONVERTIBLE",
      "2 30I XDRIVE CONVERTIBLE",
      "2 30I X DRIVE CONVERTIBLE"
    ]
  },
  {
    "value": "230I XDRIVE COUPE",
    "synonyms": [
      "230I XDRIVE COUPE",
      "2 30I XDRIVE COUPE",
      "2 30I X DRIVE COUPE"
    ]
  },
  {
    "value": "230XI COUPE",
    "synonyms": [
      "230XI COUPE",
      "2 30XI COUPE"
    ]
  },
  {
    "value": "318I",
    "synonyms": [
      "318I",
      "3 18I",
      "318",
      "3 18",
      "3 series",
      "series 3"
    ]
  },
  {
    "value": "318IS",
    "synonyms": [
      "318IS",
      "3 18IS",
      "3 18 I S"
    ]
  },
  {
    "value": "318TI",
    "synonyms": [
      "318TI",
      "3 18TI",
      "3 18 T I"
    ]
  },
  {
    "value": "320I",
    "synonyms": [
      "320I",
      "3 20I",
      "320",
      "3 20"
    ]
  },
  {
    "value": "320I SEDAN",
    "synonyms": [
      "320I SEDAN",
      "3 20I SEDAN",
      "3 20 SEDAN"
    ]
  },
  {
    "value": "320I XDRIVE",
    "synonyms": [
      "320I XDRIVE",
      "3 20I XDRIVE",
      "3 20I X DRIVE",
      "3 20 X DRIVE"
    ]
  },
  {
    "value": "320I XDRIVE SEDAN",
    "synonyms": [
      "320I XDRIVE SEDAN",
      "3 20I XDRIVE SEDAN",
      "3 20I X DRIVE SEDAN"
    ]
  },
  {
    "value": "323CI",
    "synonyms": [
      "323CI",
      "3 23 C I",
      "3 23CI",
      "3 20 3 CI"
    ]
  },
  {
    "value": "323I",
    "synonyms": [
      "323I",
      "3 23I",
      "3 20 3I",
      "323",
      "3 23",
      "3 20 3"
    ]
  },
  {
    "value": "323IS",
    "synonyms": [
      "323IS",
      "3 23 IS",
      "3 20 3 IS"
    ]
  },
  {
    "value": "325CI",
    "synonyms": [
      "325CI",
      "3 25CI",
      "3 25 C I",
      "3 20 5 C I",
      "325",
      "3 25",
      "3 20 5"
    ]
  },
  {
    "value": "325I",
    "synonyms": [
      "325I",
      "3 25I",
      "3 20 5I",
      "325",
      "3 25",
      "3 20 5"
    ]
  },
  {
    "value": "325I XDRIVE GRAN TURISMO",
    "synonyms": [
      "325I XDRIVE GRAN TURISMO",
      "3 25 I XDRIVE GRAN TURISMO",
      "3 20 5 I XDRIVE GRAN TURISMO",
      "3 20 5 I X DRIVE GRAN TURISMO",
      "3 20 5 X DRIVE GRAN TURISMO",
      "325 XDRIVE",
      "3 25 X DRIVE"
    ]
  },
  {
    "value": "325IS",
    "synonyms": [
      "325IS",
      "3 25 IS",
      "3 20 5 IS"
    ]
  },
  {
    "value": "325IX",
    "synonyms": [
      "325IX",
      "3 25 IX",
      "3 20 5 IX"
    ]
  },
  {
    "value": "325XI",
    "synonyms": [
      "325XI",
      "3 25 X I",
      "3 20 5 X I"
    ]
  },
  {
    "value": "328D",
    "synonyms": [
      "328D",
      "3 28D",
      "3 20 8 D",
      "328",
      "3 28",
      "3 20 8"
    ]
  },
  {
    "value": "328D XDRIVE SEDAN",
    "synonyms": [
      "328D XDRIVE SEDAN",
      "3 28 D XDRIVE SEDAN",
      "3 20 8 D XDRIVE SEDAN",
      "3 20 8 D X DRIVE SEDAN",
      "328 SEDAN",
      "328 X drive"
    ]
  },
  {
    "value": "328D XDRIVE SPORTS WAGON",
    "synonyms": [
      "328D XDRIVE SPORTS WAGON",
      "3 28D XDRIVE SPORTS WAGON",
      "3 20 8D XDRIVE SPORTS WAGON",
      "3 20 8D X DRIVE SPORTS WAGON",
      "328 sports"
    ]
  },
  {
    "value": "330CI",
    "synonyms": [
      "330CI",
      "330 C I",
      "3 30 C I",
      "330",
      "3 30"
    ]
  },
  {
    "value": "330E",
    "synonyms": [
      "330E",
      "3 30 E"
    ]
  },
  {
    "value": "330E SEDAN",
    "synonyms": [
      "330E SEDAN",
      "3 30 E SEDAN",
      "330 SEDAN",
      "3 30 SEDAN"
    ]
  },
  {
    "value": "330I",
    "synonyms": [
      "330I",
      "3 30 I"
    ]
  },
  {
    "value": "330I XDRIVE GT",
    "synonyms": [
      "330I XDRIVE GT",
      "3 30 I XDRIVE GT",
      "330I GT XDRIVE",
      "330I GT X DRIVE",
      "3 30 I GT X DRIVE",
      "330 XDRIVE",
      "330 X DRIVE",
      "3 30 X DRIVE"
    ]
  },
  {
    "value": "330I XDRIVE SEDAN",
    "synonyms": [
      "330I XDRIVE SEDAN",
      "3 30I XDRIVE SEDAN",
      "3 30 I XDRIVE SEDAN",
      "3 30 I SEDAN XDRIVE",
      "3 30 I SEDAN X DRIVE",
      "330 I SEDAN"
    ]
  },
  {
    "value": "330I XDRIVE SW",
    "synonyms": [
      "330I XDRIVE SW",
      "3 30 I XDRIVE SW",
      "3 30 I XDRIVE S W",
      "3 30 I X DRIVE S W"
    ]
  },
  {
    "value": "335D",
    "synonyms": [
      "335D",
      "3 35 D",
      "3 30 5 D"
    ]
  },
  {
    "value": "335I",
    "synonyms": [
      "335I",
      "3 35 I",
      "3 30 5 I",
      "335",
      "3 35"
    ]
  },
  {
    "value": "335I XDRIVE COUPE",
    "synonyms": [
      "335I XDRIVE COUPE",
      "3 35 I XDRIVE COUPE",
      "3 30 5 I XDRIVE COUPE",
      "3 30 5 I X DRIVE COUPE",
      "335 COUPE",
      "335 XDRIVE"
    ]
  },
  {
    "value": "335XI",
    "synonyms": [
      "335XI",
      "3 35 X I"
    ]
  },
  {
    "value": "340I",
    "synonyms": [
      "340I",
      "3 40 I",
      "340",
      "3 40"
    ]
  },
  {
    "value": "340I SEDAN",
    "synonyms": [
      "340I SEDAN",
      "3 40 I SEDAN",
      "340 SEDAN",
      "3 40 SEDAN"
    ]
  },
  {
    "value": "340I XDRIVE",
    "synonyms": [
      "340I XDRIVE",
      "3 40 I XDRIVE",
      "3 40 I X DRIVE",
      "3 40 X DRIVE",
      "3 40 XDRIVE"
    ]
  },
  {
    "value": "340I XDRIVE GT",
    "synonyms": [
      "340I XDRIVE GT",
      "3 40 I XDRIVE GT",
      "3 40 I X DRIVE GT",
      "340 GT"
    ]
  },
  {
    "value": "340I XDRIVE SEDAN",
    "synonyms": [
      "340I XDRIVE SEDAN",
      "340I X DRIVE SEDAN",
      "3 40 I X DRIVE SEDAN",
      "340 I SEDAN",
      "340 I X DRIVE"
    ]
  },
  {
    "value": "420D",
    "synonyms": [
      "420D",
      "4 20 D",
      "420",
      "4 20"
    ]
  },
  {
    "value": "428",
    "synonyms": [
      "428",
      "4 28",
      "4 20 8",
      "4 series",
      "series 4"
    ]
  },
  {
    "value": "428I",
    "synonyms": [
      "428I",
      "4 28 I",
      "4 20 8 I"
    ]
  },
  {
    "value": "428I CONVERTIBLE",
    "synonyms": [
      "428I CONVERTIBLE",
      "4 28 I CONVERTIBLE",
      "4 20 8 I CONVERTIBLE",
      "428 CONVERTIBLE"
    ]
  },
  {
    "value": "428I CP",
    "synonyms": [
      "428I CP",
      "4 28 I CP",
      "4 20 8 I CP"
    ]
  },
  {
    "value": "428I GC",
    "synonyms": [
      "428I GC",
      "4 28 I GC",
      "4 20 8 I GC"
    ]
  },
  {
    "value": "428I XDRIVE CONVERTIBLE",
    "synonyms": [
      "428I XDRIVE CONVERTIBLE",
      "4 28 I X DRIVE CONVERTIBLE",
      "4 20 8 I X DRIVE CONVERTIBLE",
      "428 XDRIVE CONVERTIBLE"
    ]
  },
  {
    "value": "428I XDRIVE COUPE",
    "synonyms": [
      "428I XDRIVE COUPE",
      "4 28 I X DRIVE COUPE",
      "4 20 8 I X DRIVE COUPE",
      "428 XDRIVE COUPE"
    ]
  },
  {
    "value": "430I CONVERTIBLE",
    "synonyms": [
      "430I CONVERTIBLE",
      "4 30 I CONVERTIBLE",
      "430 CONVERTIBLE",
      "4 30 CONVERTIBLE"
    ]
  },
  {
    "value": "430I COUPE",
    "synonyms": [
      "430I COUPE",
      "4 30 I COUPE",
      "430 COUPE",
      "4 30 COUPE"
    ]
  },
  {
    "value": "430I GC",
    "synonyms": [
      "430I GC",
      "4 30 I GC",
      "4 30 GC"
    ]
  },
  {
    "value": "430I XDRIVE CONVERTIBLE",
    "synonyms": [
      "430I XDRIVE CONVERTIBLE",
      "4 30 I X DRIVE CONVERTIBLE",
      "4 30 X DRIVE CONVERTIBLE",
      "430 X DRIVE CONVERTIBLE"
    ]
  },
  {
    "value": "430I XDRIVE COUPE",
    "synonyms": [
      "430I XDRIVE COUPE",
      "4 30 I X DRIVE COUPE",
      "4 30 X DRIVE COUPE",
      "430 XDRIVE COUPE"
    ]
  },
  {
    "value": "430I XDRIVE GC",
    "synonyms": [
      "430I XDRIVE GC",
      "4 30 I X DRIVE GC"
    ]
  },
  {
    "value": "435",
    "synonyms": [
      "435",
      "4 35",
      "4 30 5"
    ]
  },
  {
    "value": "435I",
    "synonyms": [
      "435I",
      "4 35 I",
      "4 30 5 I"
    ]
  },
  {
    "value": "435I CONVERTIBLE",
    "synonyms": [
      "435I CONVERTIBLE",
      "4 35 I CONVERTIBLE",
      "4 30 5 I CONVERTIBLE",
      "435 CONVERTIBLE",
      "4 35 CONVERTIBLE"
    ]
  },
  {
    "value": "435I CP",
    "synonyms": [
      "435I CP",
      "4 35 I CP",
      "4 30 5 I CP",
      "435 CP"
    ]
  },
  {
    "value": "435I GRANDE COUPE",
    "synonyms": [
      "435I GRANDE COUPE",
      "4 35 I GRANDE COUPE",
      "4 30 5 I GRANDE COUPE",
      "435 GRANDE COUPE",
      "435 GRAND COUPE",
      "435I GRAND COUPE",
      "435I COUPE",
      "435 COUPE"
    ]
  },
  {
    "value": "435I XDRIVE GRANDE COUPE",
    "synonyms": [
      "435I X DRIVE GRANDE COUPE",
      "4 35 I X DRIVE GRANDE COUPE",
      "4 30 5 I X DRIVE GRANDE COUPE",
      "4 30 5 X DRIVE GRANDE COUPE"
    ]
  },
  {
    "value": "440I CONVERTIBLE",
    "synonyms": [
      "440I CONVERTIBLE",
      "4 40 I CONVERTIBLE",
      "440 CONVERTIBLE",
      "4 40 CONVERTIBLE"
    ]
  },
  {
    "value": "440I COUPE",
    "synonyms": [
      "440I COUPE",
      "4 40 I COUPE",
      "440 COUPE",
      "4 40 COUPE"
    ]
  },
  {
    "value": "440I GC",
    "synonyms": [
      "440I GC",
      "4 40 I GC",
      "440 GC",
      "4 40 GC",
      "4 40 G C"
    ]
  },
  {
    "value": "440I XDRIVE CONVERTIBLE",
    "synonyms": [
      "440I XDRIVE CONVERTIBLE",
      "4 40 I X DRIVE CONVERTIBLE",
      "4 40 I XDRIVE CONVERTIBLE",
      "440 XDRIVE CONVERTIBLE",
      "4 40 XDRIVE CONVERTIBLE"
    ]
  },
  {
    "value": "440I XDRIVE COUPE",
    "synonyms": [
      "440I XDRIVE COUPE",
      "4 40 I XDRIVE COUPE",
      "4 40 I X DRIVE COUPE",
      "440 XDRIVE COUPE",
      "4 40 X DRIVE COUPE"
    ]
  },
  {
    "value": "440I XDRIVE GC",
    "synonyms": [
      "440I XDRIVE GC",
      "4 40 I X DRIVE GC"
    ]
  },
  {
    "value": "525I",
    "synonyms": [
      "525I",
      "5 25 I",
      "5 20 5 I",
      "525",
      "5 25",
      "5 series",
      "series 5"
    ]
  },
  {
    "value": "525XI",
    "synonyms": [
      "525XI",
      "5 25 X I",
      "5 20 5 X I"
    ]
  },
  {
    "value": "528I",
    "synonyms": [
      "528I",
      "5 28 I",
      "5 20 8 I",
      "528",
      "5 28",
      "5 20 8"
    ]
  },
  {
    "value": "528I SEDAN",
    "synonyms": [
      "528I SEDAN",
      "5 28 I SEDAN",
      "5 20 8 I SEDAN",
      "528 SEDAN",
      "5 28 SEDAN",
      "5 20 8 SEDAN"
    ]
  },
  {
    "value": "528I XDRIVE",
    "synonyms": [
      "528I XDRIVE",
      "5 28 I XDRIVE",
      "5 28 I X DRIVE",
      "5 20 8 I X DRIVE",
      "5 28 XDRIVE",
      "5 20 8 XDRIVE"
    ]
  },
  {
    "value": "528I XDRIVE SEDAN",
    "synonyms": [
      "528I XDRIVE SEDAN",
      "5 28 I X DRIVE SEDAN",
      "5 28 I XDRIVE SEDAN",
      "528 XDRIVE SEDAN",
      "5 28 X DRIVE SEDAN",
      "5 20 8 XDRIVE SEDAN"
    ]
  },
  {
    "value": "5030E",
    "synonyms": [
      "5030E",
      "50 30 E",
      "50 30"
    ]
  },
  {
    "value": "5030XE",
    "synonyms": [
      "5030XE",
      "50 30 XE",
      "50 30 X E",
      "50 30 X"
    ]
  },
  {
    "value": "530I",
    "synonyms": [
      "530I",
      "530",
      "5 30",
      "5 30 I"
    ]
  },
  {
    "value": "530I XDRIVE",
    "synonyms": [
      "530I XDRIVE",
      "5 30 X",
      "530 X DRIVE"
    ]
  },
  {
    "value": "535 GT",
    "synonyms": [
      "535 GT",
      "5 35 GT",
      "5 30 5 GT"
    ]
  },
  {
    "value": "535 SEDAN",
    "synonyms": [
      "535 SEDAN",
      "5 35 SEDAN",
      "5 30 5 SEDAN",
      "535",
      "5 35",
      "5 30 5"
    ]
  },
  {
    "value": "535 D SEDAN",
    "synonyms": [
      "535 SEDAN",
      "5 35 SEDAN",
      "5 30 5 SEDAN"
    ]
  },
  {
    "value": "535 XDRIVE SEDAN",
    "synonyms": [
      "535 XDRIVE SEDAN",
      "535 X DRIVE",
      "535 X",
      "5 35 X",
      "5 30 5 X"
    ]
  },
  {
    "value": "535I",
    "synonyms": [
      "535I",
      "535 i",
      "5 35 i",
      "5 30 5 i"
    ]
  },
  {
    "value": "535I GT",
    "synonyms": [
      "535I GT",
      "535 GT",
      "5 35 I GT",
      "5 30 5 I GT",
      "5 35 GT"
    ]
  },
  {
    "value": "535I SEDAN",
    "synonyms": [
      "535I SEDAN",
      "535 I SEDAN"
    ]
  },
  {
    "value": "535I XDRIVE TURISMO",
    "synonyms": [
      "535i XDRIVE GRAND TURISMO",
      "535i TURISMO",
      "535 TURISMO"
    ]
  },
  {
    "value": "535I XDRIVE GT",
    "synonyms": [
      "535I GT",
      "5 35 I GT xdrive",
      "5 30 5 I GT x drive"
    ]
  },
  {
    "value": "535I XDRIVE SEDAN",
    "synonyms": [
      "535I xdrive SEDAN",
      "5 35 I x drive SEDAN",
      "5 30 5 I x drive SEDAN"
    ]
  },
  {
    "value": "535IXI",
    "synonyms": [
      "535IXI",
      "535 I X I",
      "5 35 I X I",
      "5 30 5 I X I"
    ]
  },
  {
    "value": "540 XDRIVE",
    "synonyms": [
      "540 XDRIVE",
      "5 40 X DRIVE"
    ]
  },
  {
    "value": "540I",
    "synonyms": [
      "540I",
      "5 40"
    ]
  },
  {
    "value": "540I XDRIVE",
    "synonyms": [
      "540I XDRIVE",
      "5 40 I X DRIVE"
    ]
  },
  {
    "value": "545I",
    "synonyms": [
      "545I",
      "545",
      "545 I",
      "5 45 I",
      "5 40 5 I"
    ]
  },
  {
    "value": "550I",
    "synonyms": [
      "550I",
      "550",
      "5 50",
      "5 50 I"
    ]
  },
  {
    "value": "550I SEDAN",
    "synonyms": [
      "550I SEDAN",
      "550 SEDAN",
      "5 50 SEDAN"
    ]
  },
  {
    "value": "550I XDRIVE TURISMO",
    "synonyms": [
      "550i XDRIVE GRAND TURISMO",
      "550 XDRIVE GRAND TURISMO",
      "550 TURISMO",
      "550 i X DRIVE GRAND TURISMO",
      "5 50 i X DRIVE GRAND TURISMO"
    ]
  },
  {
    "value": "550I XDRIVE GT",
    "synonyms": [
      "550I GT",
      "550 GT",
      "5 50 GT",
      "5 50 I GT"
    ]
  },
  {
    "value": "550I XDRIVE SEDAN",
    "synonyms": [
      "550I SEDAN",
      "550 SEDAN",
      "5 50 SEDAN",
      "5 50 I SEDAN"
    ]
  },
  {
    "value": "550IGT",
    "synonyms": [
      "550IGT",
      "550 GT",
      "5 50 GT"
    ]
  },
  {
    "value": "640I",
    "synonyms": [
      "640I",
      "640",
      "6 40",
      "6 40 I",
      "6 series",
      "series 6"
    ]
  },
  {
    "value": "640I CONVERTIBLE",
    "synonyms": [
      "640I CONVERTIBLE",
      "640 CONVERTIBLE",
      "6 40 CONVERTIBLE",
      "6 40 I CONVERTIBLE"
    ]
  },
  {
    "value": "640I COUPE",
    "synonyms": [
      "640I COUPE",
      "640 COUPE",
      "6 40 COUPE",
      "6 40 I COUPE"
    ]
  },
  {
    "value": "640I GC",
    "synonyms": [
      "640I GC",
      "640 GC",
      "6 40 GC"
    ]
  },
  {
    "value": "640I GRAN COUPE",
    "synonyms": [
      "640I GRAN COUPE",
      "640 GRAN COUPE",
      "6 40 GRAN COUPE"
    ]
  },
  {
    "value": "640I XDRIVE CONVERTIBLE",
    "synonyms": [
      "640I XDRIVE CONVERTIBLE",
      "6 40 I X DRIVE CONVERTIBLE",
      "640 XDRIVE CONVERTIBLE"
    ]
  },
  {
    "value": "640I XDRIVE COUPE",
    "synonyms": [
      "640I XDRIVE COUPE",
      "6 40 I X DRIVE COUPE",
      "640 XDRIVE COUPE",
      "6 40 X DRIVE COUPE"
    ]
  },
  {
    "value": "640I XDRIVE GC",
    "synonyms": [
      "640I XDRIVE GC",
      "6 40 I X DRIVE GC",
      "640 XDRIVE GC",
      "6 40 X DRIVE GC"
    ]
  },
  {
    "value": "640I XDRIVE GRAN COUPE",
    "synonyms": [
      "640I XDRIVE GRAN COUPE",
      "6 40 I XDRIVE GRAN COUPE"
    ]
  },
  {
    "value": "640I XDRIVE GT",
    "synonyms": [
      "640I XDRIVE GT",
      "6 40 I X DRIVE GT"
    ]
  },
  {
    "value": "645 CABRIOLET",
    "synonyms": [
      "645 CABRIOLET",
      "6 45 CABRIOLET",
      "6 40 5 CABRIOLET"
    ]
  },
  {
    "value": "645CI",
    "synonyms": [
      "645CI",
      "6 45 CI",
      "6 40 5 CI",
      "6 40 5 C I"
    ]
  },
  {
    "value": "645I",
    "synonyms": [
      "645I",
      "645",
      "6 45",
      "6 40 5",
      "6 45 I",
      "6 40 5 I"
    ]
  },
  {
    "value": "650I",
    "synonyms": [
      "650I",
      "650",
      "6 50",
      "6 50 I"
    ]
  },
  {
    "value": "650I CONVERTIBLE",
    "synonyms": [
      "650I CONVERTIBLE",
      "650 CONVERTIBLE",
      "6 50 CONVERTIBLE"
    ]
  },
  {
    "value": "650I COUPE",
    "synonyms": [
      "650I COUPE",
      "650 COUPE",
      "6 50 COUPE",
      "6 50 I COUPE"
    ]
  },
  {
    "value": "650I GC",
    "synonyms": [
      "650I GC",
      "650 GC",
      "6 50 GC",
      "6 50 I GC"
    ]
  },
  {
    "value": "650I GRAN COUPE",
    "synonyms": [
      "650I GRAN COUPE",
      "650 I GRAN COUPE",
      "6 50 I GRAN COUPE"
    ]
  },
  {
    "value": "650I XDRIVE CONVERTIBLE",
    "synonyms": [
      "650I XDRIVE CONVERTIBLE",
      "650 I X DRIVE CONVERTIBLE",
      "6 50 I X DRIVE CONVERTIBLE",
      "650 XDRIVE CONVERTIBLE",
      "650 X DRIVE CONVERTIBLE"
    ]
  },
  {
    "value": "650I XDRIVE GC",
    "synonyms": [
      "650I XDRIVE GC",
      "650 XDRIVE GC",
      "650 X DRIVE GC",
      "6 50 I XDRIVE GC",
      "6 50 XDRIVE GC"
    ]
  },
  {
    "value": "650I XDRIVE COUPE",
    "synonyms": [
      "650I XDRIVE COUPE",
      "650 I X DRIVE COUPE",
      "6 50 I X DRIVE COUPE"
    ]
  },
  {
    "value": "650I XDRIVE GRAN COUPE",
    "synonyms": [
      "650I XDRIVE GRAN COUPE",
      "650 I X DRIVE GRAN COUPE",
      "6 50 I X DRIVE GRAN COUPE"
    ]
  },
  {
    "value": "740E XDRIVE",
    "synonyms": [
      "740E XDRIVE",
      "740 E X DRIVE",
      "7 40 E X DRIVE"
    ]
  },
  {
    "value": "740I",
    "synonyms": [
      "740I",
      "740",
      "7 40",
      "7 40 I",
      "series 7",
      "7 series"
    ]
  },
  {
    "value": "740I SEDAN",
    "synonyms": [
      "740I SEDAN",
      "740 SEDAN",
      "7 40 SEDAN",
      "7 40 I SEDAN"
    ]
  },
  {
    "value": "740I XDRIVE",
    "synonyms": [
      "740I XDRIVE",
      "740 XDRIVE",
      "7 40 XDRIVE",
      "7 40 I X DRIVE"
    ]
  },
  {
    "value": "740IL",
    "synonyms": [
      "740IL",
      "740 I L",
      "7 40 I L"
    ]
  },
  {
    "value": "745I",
    "synonyms": [
      "745I",
      "745",
      "7 45",
      "7 40 5",
      "7 45 I",
      "7 40 5 I"
    ]
  },
  {
    "value": "745E XDRIVE",
    "synonyms": [
      "745E XDRIVE",
      "745 XDRIVE",
      "7 45 E XDRIVE",
      "7 40 5 E X DRIVE",
      "7 45 X DRIVE"
    ]
  },
  {
    "value": "745LI",
    "synonyms": [
      "745LI",
      "7 45 LI",
      "7 40 5 L I"
    ]
  },
  {
    "value": "750I",
    "synonyms": [
      "750I",
      "7 50 I"
    ]
  },
  {
    "value": "750I SEDAN",
    "synonyms": [
      "750I SEDAN",
      "7 50 I SEDAN",
      "750 SEDAN",
      "7 50 SEDAN"
    ]
  },
  {
    "value": "750I XDRIVE",
    "synonyms": [
      "750I XDRIVE",
      "7 50 X DRIVE",
      "7 50 I X DRIVE",
      "7 50 XDRIVE"
    ]
  },
  {
    "value": "750I XDRIVE SEDAN",
    "synonyms": [
      "750I XDRIVE SEDAN",
      "750 I X DRIVE SEDAN",
      "7 50 I X DRIVE SEDAN",
      "750 i XDRIVE",
      "750 I XDRIVE SEDAN"
    ]
  },
  {
    "value": "750IL",
    "synonyms": [
      "750IL",
      "750 I L",
      "7 50 I L"
    ]
  },
  {
    "value": "750LI",
    "synonyms": [
      "750LI",
      "750 L I",
      "7 50 L I"
    ]
  },
  {
    "value": "750XI",
    "synonyms": [
      "750XI",
      "750 X I",
      "7 50 X I"
    ]
  },
  {
    "value": "760I",
    "synonyms": [
      "760I",
      "760",
      "7 60 I"
    ]
  },
  {
    "value": "760LI",
    "synonyms": [
      "760LI",
      "760 L I",
      "7 60 L I"
    ]
  },
  {
    "value": "840I",
    "synonyms": [
      "840I",
      "840",
      "8 40",
      "840 I",
      "8 40 I",
      "series 8",
      "8 series"
    ]
  },
  {
    "value": "840XI",
    "synonyms": [
      "840XI",
      "840 X I",
      "8 40 X I"
    ]
  },
  {
    "value": "850XI",
    "synonyms": [
      "850XI",
      "850 X I",
      "8 50 X I"
    ]
  },
  {
    "value": "ACTIVEHYBRID 3",
    "synonyms": [
      "ACTIVEHYBRID 3",
      "ACTIVE HYBRID 3",
      "ACTIVE HYBRID"
    ]
  },
  {
    "value": "ALPINA B6 XDRIVE GRAN COUPE",
    "synonyms": [
      "ALPINA B6 XDRIVE GRAN COUPE",
      "ALPINA B 6"
    ]
  },
  {
    "value": "ALPINA B7",
    "synonyms": [
      "ALPINA B7",
      "ALPINA B 7"
    ]
  },
  {
    "value": "I3",
    "synonyms": [
      "I3",
      "I 3",
      "i series",
      "series i"
    ]
  },
  {
    "value": "I3 RANGE EXTENDER",
    "synonyms": [
      "I3 RANGE EXTENDER"
    ]
  },
  {
    "value": "I3S",
    "synonyms": [
      "I3S",
      "I 3 S"
    ]
  },
  {
    "value": "I3S RANGE EXTENDER",
    "synonyms": [
      "I3S RANGE EXTENDER"
    ]
  },
  {
    "value": "I8",
    "synonyms": [
      "I8",
      "I 8"
    ]
  },
  {
    "value": "I8 ROADSTER",
    "synonyms": [
      "I8 ROADSTER",
      "I 8 ROADSTER"
    ]
  },
  {
    "value": "M2",
    "synonyms": [
      "M2",
      "M 2",
      "m series",
      "series m"
    ]
  },
  {
    "value": "M2 COMPETITION COUPE",
    "synonyms": [
      "M2 COMPETITION COUPE",
      "M2 COMPETITION"
    ]
  },
  {
    "value": "M2 COUPE",
    "synonyms": [
      "M2 COUPE"
    ]
  },
  {
    "value": "M235i XDRIVE COUPE",
    "synonyms": [
      "M235i XDRIVE COUPE",
      "M235",
      "M 235",
      "M235i",
      "M 235 i",
      "M235 COUPE",
      "M235i COUPE"
    ]
  },
  {
    "value": "M240I",
    "synonyms": [
      "M240I",
      "M240",
      "M 240",
      "M 240 I",
      "M 2 40 I"
    ]
  },
  {
    "value": "M240I CONVERTIBLE",
    "synonyms": [
      "M240I CONVERTIBLE",
      "M 2 40 I CONVERTIBLE"
    ]
  },
  {
    "value": "M240I COUPE",
    "synonyms": [
      "M240I COUPE",
      "M 2 40 I COUPE"
    ]
  },
  {
    "value": "M240I XDRIVE CONVERTIBLE",
    "synonyms": [
      "M240I XDRIVE CONVERTIBLE",
      "M 2 40 I X DRIVE CONVERTIBLE"
    ]
  },
  {
    "value": "M240I XDRIVE COUPE",
    "synonyms": [
      "M240I XDRIVE COUPE",
      "M240 COUPE",
      "M 2 40 I X DRIVE"
    ]
  },
  {
    "value": "M3",
    "synonyms": [
      "M3"
    ]
  },
  {
    "value": "M3 SEDAN",
    "synonyms": [
      "M3 SEDAN"
    ]
  },
  {
    "value": "M340I",
    "synonyms": [
      "M340I",
      "M340",
      "M 340",
      "M 3 40",
      "M 3 40 I"
    ]
  },
  {
    "value": "M340XI",
    "synonyms": [
      "M340XI",
      "M 3 40 X I"
    ]
  },
  {
    "value": "M4 CONVERTIBLE",
    "synonyms": [
      "M4 CONVERTIBLE"
    ]
  },
  {
    "value": "M4 COUPE",
    "synonyms": [
      "M4 COUPE"
    ]
  },
  {
    "value": "M5",
    "synonyms": [
      "M5"
    ]
  },
  {
    "value": "M5 SEDAN",
    "synonyms": [
      "M5 SEDAN"
    ]
  },
  {
    "value": "M550I XDRIVE",
    "synonyms": [
      "M550I XDRIVE",
      "M550",
      "M 550",
      "M 5 50",
      "M 550I",
      "M 5 50 I X DRIVE"
    ]
  },
  {
    "value": "M6",
    "synonyms": [
      "M6"
    ]
  },
  {
    "value": "M6 CONVERTIBLE",
    "synonyms": [
      "M6 CONVERTIBLE"
    ]
  },
  {
    "value": "M6 COUPE",
    "synonyms": [
      "M6 COUPE"
    ]
  },
  {
    "value": "M6 CV",
    "synonyms": [
      "M6 CV"
    ]
  },
  {
    "value": "M6 GC",
    "synonyms": [
      "M6 GC"
    ]
  },
  {
    "value": "M760I XDRIVE",
    "synonyms": [
      "M760I XDRIVE",
      "M760",
      "M 7 60",
      "M 7 60 I X DRIVE"
    ]
  },
  {
    "value": "M8",
    "synonyms": [
      "M8"
    ]
  },
  {
    "value": "M850I XDRIVE",
    "synonyms": [
      "M850I XDRIVE",
      "M850",
      "M 8 50",
      "M 8 50 I"
    ]
  },
  {
    "value": "X1 SDRIVE 28I",
    "synonyms": [
      "X1 SDRIVE 28I",
      "X 1 SDRIVE 28 I",
      "X1",
      "X series",
      "series X"
    ]
  },
  {
    "value": "X1 XDR 25I",
    "synonyms": [
      "X1 XDR 25I",
      "X1 XDR"
    ]
  },
  {
    "value": "X1 XDRIVE 28I",
    "synonyms": [
      "X1 XDRIVE 28I",
      "X1 XDRIVE"
    ]
  },
  {
    "value": "X2",
    "synonyms": [
      "X2"
    ]
  },
  {
    "value": "X2 M35I",
    "synonyms": [
      "X2 M35I",
      "X2 M",
      "X2 M35"
    ]
  },
  {
    "value": "X2 SDRIVE 28I",
    "synonyms": [
      "X2 SDRIVE 28I",
      "X2 SDRIVE",
      "X2 S",
      "X2 S DRIVE"
    ]
  },
  {
    "value": "X2 XDRIVE 28I",
    "synonyms": [
      "X2 XDRIVE 28I"
    ]
  },
  {
    "value": "X2 XDRIVE 28D",
    "synonyms": [
      "X2 XDRIVE 28D",
      "X2 XDRIVE D"
    ]
  },
  {
    "value": "X3",
    "synonyms": [
      "X3"
    ]
  },
  {
    "value": "X3 M",
    "synonyms": [
      "X3 M"
    ]
  },
  {
    "value": "X3 M40I",
    "synonyms": [
      "X3 M40I",
      "X3 M4",
      "X3 M40 I"
    ]
  },
  {
    "value": "X3 SDRIVE 28I",
    "synonyms": [
      "X3 SDRIVE 28I"
    ]
  },
  {
    "value": "X3 SDRIVE 30I",
    "synonyms": [
      "X3 SDRIVE 30I"
    ]
  },
  {
    "value": "X3 XDRIVE 28D",
    "synonyms": [
      "X3 XDRIVE 28D"
    ]
  },
  {
    "value": "X3 XDRIVE 28I",
    "synonyms": [
      "X3 XDRIVE 28I"
    ]
  },
  {
    "value": "X3 XDRIVE 30I",
    "synonyms": [
      "X3 XDRIVE 30I"
    ]
  },
  {
    "value": "X3 XDRIVE 35I",
    "synonyms": [
      "X3 XDRIVE 35I"
    ]
  },
  {
    "value": "X4",
    "synonyms": [
      "X4"
    ]
  },
  {
    "value": "X4 M",
    "synonyms": [
      "X4 M"
    ]
  },
  {
    "value": "X4 M40I",
    "synonyms": [
      "X4 M40I",
      "X4 M4"
    ]
  },
  {
    "value": "X4 XDRIVE 28I",
    "synonyms": [
      "X4 XDRIVE 28I"
    ]
  },
  {
    "value": "X4 XDRIVE 30I",
    "synonyms": [
      "X4 XDRIVE 30I"
    ]
  },
  {
    "value": "X4 XDRIVE 35I",
    "synonyms": [
      "X4 XDRIVE 35I"
    ]
  },
  {
    "value": "X4 XDRIVE M40I",
    "synonyms": [
      "X4 XDRIVE M40I"
    ]
  },
  {
    "value": "X5",
    "synonyms": [
      "X5"
    ]
  },
  {
    "value": "X5 DIESEL",
    "synonyms": [
      "X5 DIESEL"
    ]
  },
  {
    "value": "X5 M",
    "synonyms": [
      "X5 M"
    ]
  },
  {
    "value": "X5 M50I",
    "synonyms": [
      "X5 M50I"
    ]
  },
  {
    "value": "X5 SDRIVE 35I",
    "synonyms": [
      "X5 SDRIVE 35I"
    ]
  },
  {
    "value": "X5 SDRIVE 40I",
    "synonyms": [
      "X5 SDRIVE 40I"
    ]
  },
  {
    "value": "X5 XDRIVE 35D",
    "synonyms": [
      "X5 XDRIVE 35D"
    ]
  },
  {
    "value": "X5 XDRIVE 35I",
    "synonyms": [
      "X5 XDRIVE 35I"
    ]
  },
  {
    "value": "X5 XDRIVE 40E",
    "synonyms": [
      "X5 XDRIVE 40E"
    ]
  },
  {
    "value": "X5 XDRIVE 40I",
    "synonyms": [
      "X5 XDRIVE 40I"
    ]
  },
  {
    "value": "X5 XDRIVE 50I",
    "synonyms": [
      "X5 XDRIVE 50I"
    ]
  },
  {
    "value": "X5 XDRIVE35D",
    "synonyms": [
      "X5 XDRIVE35D",
      "X5 XDRIVE 35 D"
    ]
  },
  {
    "value": "X5 XDRIVE35I",
    "synonyms": [
      "X5 XDRIVE35I",
      "X5 XDRIVE 35 I"
    ]
  },
  {
    "value": "X6 ACTIVE HYBRID",
    "synonyms": [
      "X6 ACTIVE HYBRID"
    ]
  },
  {
    "value": "X6 M",
    "synonyms": [
      "X6 M",
      "X6"
    ]
  },
  {
    "value": "X6 M50I",
    "synonyms": [
      "X6 M50I"
    ]
  },
  {
    "value": "X6 SDRIVE 35I",
    "synonyms": [
      "X6 SDRIVE 35I"
    ]
  },
  {
    "value": "X6 SDRIVE 40I",
    "synonyms": [
      "X6 SDRIVE 40I"
    ]
  },
  {
    "value": "X6 XDRIVE 35I",
    "synonyms": [
      "X6 XDRIVE 35I"
    ]
  },
  {
    "value": "X6 XDRIVE 40I",
    "synonyms": [
      "X6 XDRIVE 40I"
    ]
  },
  {
    "value": "X6 XDRIVE 50I",
    "synonyms": [
      "X6 XDRIVE 50I"
    ]
  },
  {
    "value": "X7 XDRIVE 40I",
    "synonyms": [
      "X6 XDRIVE 70I"
    ]
  },
  {
    "value": "X7 XDRIVE 50I",
    "synonyms": [
      "X6 XDRIVE 70I"
    ]
  },
  {
    "value": "Z4 28I",
    "synonyms": [
      "Z4 28I",
      "Z4"
    ]
  },
  {
    "value": "Z4 M40I",
    "synonyms": [
      "Z4 M40I"
    ]
  },
  {
    "value": "Z4 COUPE 3.0SI",
    "synonyms": [
      "Z4 COUPE 3.0SI",
      "Z4 COUPE"
    ]
  },
  {
    "value": "Z4 SDRIVE28I",
    "synonyms": [
      "Z4 SDRIVE 28I"
    ]
  },
  {
    "value": "Z4 SDRIVE 30I",
    "synonyms": [
      "Z4 SDRIVE 30I"
    ]
  },
  {
    "value": "Z4 SDRIVE35I",
    "synonyms": [
      "Z4 SDRIVE 35 I"
    ]
  },
  {
    "value": "Z4 SDRIVE35IS",
    "synonyms": [
      "Z4 SDRIVE 35 I S"
    ]
  }
]