[
  {
    "value": "Aviator",
    "synonyms": [
      "AVIAT",
      "Aviator"
    ]
  },
  {
    "value": "Aviator Hybrid",
    "synonyms": [
      "AVIATH",
      "Aviator Hybrid"
    ]
  },
  {
    "value": "Continental",
    "synonyms": [
      "CONTL",
      "continental"
    ]
  },
  {
    "value": "Corsair",
    "synonyms": [
      "CORSAI",
      "Corsair",
      "corse air",
      "corseair"
    ]
  },
  {
    "value": "Corsair Hybrid",
    "synonyms": [
      "CORSHY",
      "Corsair hybrid"
    ]
  },
  {
    "value": "MKC",
    "synonyms": [
      "MKC",
      "M K C"
    ]
  },
  {
    "value": "MKS",
    "synonyms": [
      "MKS",
      "M K S"
    ]
  },
  {
    "value": "MKT",
    "synonyms": [
      "MKT",
      "M K T"
    ]
  },
  {
    "value": "MKX",
    "synonyms": [
      "MKX",
      "M K X"
    ]
  },
  {
    "value": "MKZ",
    "synonyms": [
      "MKZ",
      "M K Z"
    ]
  },
  {
    "value": "MKZHY",
    "synonyms": [
      "MKZHY",
      "M K Z H Y"
    ]
  },
  {
    "value": "Nautilus",
    "synonyms": [
      "NAUTIL",
      "Nautilus",
      "Nauti lus",
      "naulus",
      "nautiles",
      "naules"
    ]
  },
  {
    "value": "Navigator",
    "synonyms": [
      "NAVI",
      "navigator"
    ]
  },
  {
    "value": "NAVIL",
    "synonyms": [
      "NAVIL",
      "Navigator L"
    ]
  },
  {
    "value": "LS",
    "synonyms": [
      "LS"
    ]
  },
  {
    "value": "Town Car",
    "synonyms": [
      "Town Car"
    ]
  },
  {
    "value": "Mark LT",
    "synonyms": [
      "Mark LT"
    ]
  }
]