[
  {
    "value": "30FDZ1",
    "synonyms": [
      "100011",
      "mile service",
      "miles service",
      "K miles service",
      "year service",
      "major service",
      "preventative service",
      "full service",
      "complete service",
      "minor service",
      "regular service",
      "scheduled service",
      "km service",
      "kilometer service",
      "kilometers service",
      "maintenance service",
      "general maintenance",
      "regular maintenance",
      "regular check up",
      "routine service",
      "scheduled maintenance",
      "general service",
      "service maintenance",
      "routine maintanance",
      "essential maintanance",
      "annual maintenance",
      "needs maintenance",
      "need maintenance",
      "maintenance required",
      "basic service",
      "factory service",
      "standard service",
      "recommended service",
      "recommended services",
      "first service",
      "maintenance schedule",
      "service schedule",
      "service interval",
      "maintenance check",
      "oil services",
      "Premier plan",
      "toyota care",
      "porsche care",
      "Ameriplan",
      "next service",
      "annual check-up"
    ]
  },
  {
    "value": "30FDZ1",
    "synonyms": [
      "10001",
      "change filter",
      "Synthetic Oil",
      "engine oil",
      "diesel oil",
      "diesel synthetic oil",
      "why change",
      "oil chage",
      "4 cylinders",
      "6 cylinders",
      "8 cylinders",
      "oil change"
    ]
  },
  {
    "value": "07FOZ06",
    "synonyms": [
      "10002",
      "seasonal tires",
      "seasonal tires off rims",
      "seasonal tires on rims",
      "winter tire",
      "winter tires",
      "tire swap",
      "swap tires",
      "tire changeover",
      "replace tires",
      "replace tire",
      "replace 4 tires",
      "new tire",
      "new tires",
      "tire service",
      "change tires",
      "change tire"
    ]
  },
  {
    "value": "30FDZTIREREPAIR",
    "synonyms": [
      "10003",
      "tire pressure",
      "low pressure",
      "low tire pressure",
      "tire Low Pressure",
      "tyre pressure",
      "check treadwear"
    ]
  },
  {
    "value": "30FDZ4TIRES",
    "synonyms": [
      "10004",
      "flat tire",
      "tire repair",
      "fix a flat",
      "repair a flat",
      "have a flat",
      "need a flat tire fix",
      "nail in tire",
      "tire replacement"
    ]
  },
  {
    "value": "30FDZ4TIRES",
    "synonyms": [
      "10005",
      "change wheel",
      "change wheels",
      "Wheel Shaking",
      "new wheel",
      "new wheels"
    ]
  },
  {
    "value": "39FDZALIGNMENT",
    "synonyms": [
      "10006",
      "wheel bearing"
    ]
  },
  {
    "value": "30FDZ4TIRES",
    "synonyms": [
      "10007",
      "Tire Storage"
    ]
  },
  {
    "value": "30FDZBALANCE",
    "synonyms": [
      "10008",
      "tire balance",
      "tire balanced",
      "balance wheel",
      "balance wheels",
      "wheel balance",
      "wheel balanced",
      "wheels balance",
      "wheels balanced"
    ]
  },
  {
    "value": "30FDZBALANCE",
    "synonyms": [
      "10009",
      "tire rotate",
      "tire rotation",
      "rotate tire",
      "rotate tires",
      "tire cotation"
    ]
  },
  {
    "value": "30FDZBALANCE",
    "synonyms": [
      "10010",
      "Tire Pulling",
      "Tire Shaking",
      "Road Noise"
    ]
  },
  {
    "value": "39FDZALIGNMENT",
    "synonyms": [
      "10011",
      "wheel alignment",
      "wheel align",
      "wheel aligned",
      "wheels aligned",
      "alignment check"
    ]
  },
  {
    "value": "39FDZALIGNMENT",
    "synonyms": [
      "10012",
      "Four Wheel Alignment"
    ]
  },
  {
    "value": "31FDZ1",
    "synonyms": [
      "100151",
      "spark plug",
      "spark plugs",
      "replace spark plug",
      "replace spark plugs"
    ]
  },
  {
    "value": "39FDZABSLIGHT",
    "synonyms": [
      "10016",
      "abs",
      "Anti-lock Brake",
      "Anti-lock",
      "ABS Brake"
    ]
  },
  {
    "value": "39FDZ1",
    "synonyms": [
      "10028",
      "brake",
      "brakes",
      "front brake",
      "front brakes",
      "brake pad",
      "brake pads",
      "super duty pad",
      "grinding from brakes",
      "rattles from brakes",
      "squeaks from brakes",
      "brake line",
      "brake lines",
      "break pad",
      "break pads",
      "hoses problem",
      "hoses issue",
      "break",
      "breaks",
      "brake check",
      "brake check light",
      "break check",
      "break check light"
    ]
  },
  {
    "value": "39FDZ1",
    "synonyms": [
      "100281",
      "brake inspection"
    ]
  },
  {
    "value": "39FDZ1",
    "synonyms": [
      "10029",
      "rear brake",
      "rear brakes"
    ]
  },
  {
    "value": "30FDZAWORK",
    "synonyms": [
      "10030",
      "fuel injector",
      "fuel injectors",
      "fuel line"
    ]
  },
  {
    "value": "30FDZCABINFILTE",
    "synonyms": [
      "10031",
      "air filter",
      "air filters",
      "cabin air filter",
      "air cleaner filter",
      "air intake",
      "air intake filter",
      "air intake filter element",
      "engine air intake filter",
      "engine air filter",
      "engine air filters",
      "in cabin",
      "cabin air"
    ]
  },
  {
    "value": "30FDZAWORK",
    "synonyms": [
      "10034",
      "emergency brake",
      "drivetrain",
      "turbo",
      "drive axle",
      "transfer case",
      "tailpipe",
      "drive train",
      "tail pipe"
    ]
  },
  {
    "value": "44FDZWASH",
    "synonyms": [
      "10042",
      "car wash",
      "car detail",
      "car cleaning",
      "complete cleaning",
      "car detailing",
      "clean car",
      "cleaning car"
    ]
  },
  {
    "value": "30FDZWIPERBLDS",
    "synonyms": [
      "10043",
      "wiper",
      "wipers",
      "wipe blade",
      "wiper blades",
      "windshield wiper",
      "air flap",
      "air flaps",
      "wiper flap",
      "wiper flaps",
      "window flap",
      "window flaps"
    ]
  },
  {
    "value": "35FDZNOISE",
    "synonyms": [
      "100441",
      "replace engine coolant",
      "engine coolant"
    ]
  }
]