[
  {
    "id": "c8a52c95-5909-4df9-be1c-8aa5dd3a7eed",
    "data": [
      {
        "text": "9:15 a.m.",
        "meta": "@sys.date-time",
        "alias": "preferredTime",
        "userDefined": false
      }
    ],
    "isTemplate": false,
    "count": 0,
    "lang": "en",
    "updated": 0
  },
  {
    "id": "fe40d3a9-6e65-4467-8bc2-0375340acb7f",
    "data": [
      {
        "text": "1:15 p.m.",
        "meta": "@sys.date-time",
        "alias": "preferredTime",
        "userDefined": false
      }
    ],
    "isTemplate": false,
    "count": 1,
    "lang": "en",
    "updated": 0
  },
  {
    "id": "e898d1f4-ac91-48ed-9371-3e03ad57019f",
    "data": [
      {
        "text": "1:15",
        "meta": "@sys.date-time",
        "alias": "preferredTime",
        "userDefined": false
      }
    ],
    "isTemplate": false,
    "count": 0,
    "lang": "en",
    "updated": 0
  },
  {
    "id": "3ad7e828-290d-41c8-9b13-1abd49dd7daf",
    "data": [
      {
        "text": "9:15",
        "meta": "@sys.date-time",
        "alias": "preferredTime",
        "userDefined": false
      }
    ],
    "isTemplate": false,
    "count": 0,
    "lang": "en",
    "updated": 0
  },
  {
    "id": "99b791b8-894a-4f12-a375-46174dd8626b",
    "data": [
      {
        "text": "9:15 am",
        "meta": "@sys.date-time",
        "alias": "preferredTime",
        "userDefined": false
      }
    ],
    "isTemplate": false,
    "count": 0,
    "lang": "en",
    "updated": 0
  }
]