[
  {
    "value": "LOF-LOFT",
    "synonyms": [
      "67500",
      "67 K",
      "67K",
      "67 K service",
      "67.5K",
      "67.5 K"
    ]
  },
  {
    "value": "LOF-LOFT",
    "synonyms": [
      "70000",
      "70 K",
      "70K",
      "70 K service"
    ]
  },
  {
    "value": "LOF-LOFT",
    "synonyms": [
      "75000",
      "75 K",
      "75K",
      "75 K service"
    ]
  },
  {
    "value": "LOF-LOFT",
    "synonyms": [
      "80000",
      "80 K",
      "80K",
      "80 K service"
    ]
  },
  {
    "value": "LOF-LOFT",
    "synonyms": [
      "82500",
      "82 K",
      "82K",
      "82 K service",
      "82.5K",
      "82.5 K"
    ]
  },
  {
    "value": "LOF-LOFT",
    "synonyms": [
      "85000",
      "85 K",
      "85K",
      "85 K service"
    ]
  },
  {
    "value": "LOF-LOFT",
    "synonyms": [
      "90000",
      "90 K",
      "90K",
      "90 K service"
    ]
  },
  {
    "value": "LOF-LOFT",
    "synonyms": [
      "95000",
      "95 K",
      "95K",
      "95 K service"
    ]
  },
  {
    "value": "LOF-LOFT",
    "synonyms": [
      "97500",
      "97 K",
      "97K",
      "97 K service",
      "97.5K",
      "97.5 K"
    ]
  },
  {
    "value": "LOF-LOFT",
    "synonyms": [
      "100000",
      "100 K",
      "100K",
      "100 K service"
    ]
  },
  {
    "value": "LOF-LOFT",
    "synonyms": [
      "105000",
      "105 K",
      "105K",
      "105 K service"
    ]
  },
  {
    "value": "LOF-LOFT",
    "synonyms": [
      "110000",
      "110 K",
      "110K",
      "110 K service"
    ]
  },
  {
    "value": "LOF-LOFT",
    "synonyms": [
      "112500",
      "112 K",
      "112K",
      "112 K service",
      "112.5K",
      "112.5 K"
    ]
  },
  {
    "value": "LOF-LOFT",
    "synonyms": [
      "115000",
      "115 K",
      "115K",
      "115 K service"
    ]
  },
  {
    "value": "LOF-LOFT",
    "synonyms": [
      "120000",
      "120 K",
      "120K",
      "120 K service"
    ]
  },
  {
    "value": "LOF-LOFT",
    "synonyms": [
      "125000",
      "125 K",
      "125K",
      "125 K service"
    ]
  },
  {
    "value": "LOF-LOFT",
    "synonyms": [
      "127500",
      "127 K",
      "127K",
      "127 K service",
      "127.5K",
      "127.5 K"
    ]
  },
  {
    "value": "LOF-LOFT",
    "synonyms": [
      "130000",
      "130 K",
      "130K",
      "130 K service"
    ]
  },
  {
    "value": "LOF-LOFT",
    "synonyms": [
      "135000",
      "135 K",
      "135K",
      "135 K service"
    ]
  },
  {
    "value": "LOF-LOFT",
    "synonyms": [
      "140000",
      "140 K",
      "140K",
      "140 K service"
    ]
  },
  {
    "value": "LOF-LOFT",
    "synonyms": [
      "142500",
      "142 K",
      "142K",
      "142 K service",
      "142.5K",
      "142.5 K"
    ]
  },
  {
    "value": "LOF-LOFT",
    "synonyms": [
      "145000",
      "145 K",
      "145K",
      "145 K service"
    ]
  },
  {
    "value": "LOF-LOFT",
    "synonyms": [
      "150000",
      "150 K",
      "150K",
      "150 K service"
    ]
  },
  {
    "value": "LOF-LOFT",
    "synonyms": [
      "157500",
      "157 K",
      "157K",
      "157 K service",
      "157.5K",
      "157.5 K"
    ]
  },
  {
    "value": "LOF-LOFT",
    "synonyms": [
      "165000",
      "165 K",
      "165K",
      "165 K service"
    ]
  },
  {
    "value": "LOF-LOFT",
    "synonyms": [
      "172500",
      "172 K",
      "172K",
      "172 K service",
      "172.5K",
      "172.5 K"
    ]
  },
  {
    "value": "LOF-LOFT",
    "synonyms": [
      "180000",
      "180 K",
      "180K",
      "180 K service"
    ]
  },
  {
    "value": "LOF-LOFT",
    "synonyms": [
      "187500",
      "187 K",
      "187K",
      "187 K service",
      "187.5K",
      "187.5 K"
    ]
  },
  {
    "value": "LOF-LOFT",
    "synonyms": [
      "195000",
      "195 K",
      "195K",
      "195 K service"
    ]
  },
  {
    "value": "LOF-LOFT",
    "synonyms": [
      "10001",
      "oil",
      "filter",
      "Synthetic",
      "Synthetic Oil",
      "engine oil",
      "diesel oil",
      "diesel synthetic oil",
      "why change",
      "oil chage",
      "4 cylinders",
      "6 cylinders",
      "8 cylinders",
      "oi",
      "oil change"
    ]
  },
  {
    "value": "DIAG",
    "synonyms": [
      "100011",
      "month service",
      "months service",
      "year service",
      "major service",
      "preventative",
      "full service",
      "complete service",
      "minor service",
      "regular service",
      "scheduled service",
      "warranty",
      "month",
      "months",
      "maintenance",
      "general maintenance",
      "regular maintenance",
      "check up",
      "checkup",
      "regular check up",
      "routine",
      "check vehicle",
      "check car"
    ]
  },
  {
    "value": "MB1",
    "synonyms": [
      "10002",
      "tire",
      "tires",
      "seasonal tires",
      "seasonal tires off rims",
      "seasonal tires on rims",
      "winter tire",
      "winter tires",
      "tire swap",
      "swap tires",
      "tire changeover",
      "replace tires",
      "replace tire",
      "replace 4 tires"
    ]
  },
  {
    "value": "PT",
    "synonyms": [
      "10003",
      "tire pressure",
      "low pressure",
      "low tire pressure",
      "tire Low Pressure"
    ]
  },
  {
    "value": "PLUG",
    "synonyms": [
      "10004",
      "flat",
      "flat tire",
      "tire repair",
      "nail in tire",
      "tire replacement"
    ]
  },
  {
    "value": "MB1",
    "synonyms": [
      "10005",
      "wheel",
      "wheels",
      "Wheel Shaking"
    ]
  },
  {
    "value": "OTHER",
    "synonyms": [
      "10006",
      "bearing",
      "wheel bearing"
    ]
  },
  {
    "value": "MB4",
    "synonyms": [
      "10007",
      "Tire Storage"
    ]
  },
  {
    "value": "MB4",
    "synonyms": [
      "10008",
      "balance",
      "tire balance",
      "tire balanced",
      "balance wheel",
      "balance wheels",
      "wheel balance",
      "wheel balanced",
      "wheels balance",
      "wheels balanced"
    ]
  },
  {
    "value": "RT",
    "synonyms": [
      "10009",
      "tire rotate",
      "tire rotation",
      "rotate tire",
      "rotate tires"
    ]
  },
  {
    "value": "DIAG",
    "synonyms": [
      "10010",
      "Tire Pulling",
      "Tire Shaking",
      "Road Noise"
    ]
  },
  {
    "value": "FWA",
    "synonyms": [
      "10011",
      "alignment",
      "wheel alignment",
      "wheel align",
      "wheel aligned",
      "wheels aligned",
      "alignment check"
    ]
  },
  {
    "value": "FWA",
    "synonyms": [
      "10012",
      "Four Wheel Alignment"
    ]
  },
  {
    "value": "CEL",
    "synonyms": [
      "10013",
      "bulb",
      "lighting",
      "exterior lighting",
      "interior lighting",
      "engine light",
      "engine soon light",
      "tail light",
      "tail lights",
      "check engine light",
      "engine"
    ]
  },
  {
    "value": "DIAG",
    "synonyms": [
      "10014",
      "battery",
      "battery terminal",
      "12 v battery",
      "12 volt battery",
      "voltage",
      "volt",
      "clean battery",
      "clean battery terminal",
      "clean battery terminals"
    ]
  },
  {
    "value": "BS",
    "synonyms": [
      "100141",
      "replace battery",
      "battery replace",
      "battery replacement"
    ]
  },
  {
    "value": "ENGINEDIAG",
    "synonyms": [
      "10015",
      "knocking",
      "grinding",
      "rattle",
      "rattles",
      "squeak",
      "squeaks",
      "lack of power",
      "poor mileage",
      "tuneup",
      "tune up",
      "noise",
      "noises",
      "vibration",
      "running rough",
      "performance",
      "cylinder misfire",
      "cylinder",
      "engine diagnosis"
    ]
  },
  {
    "value": "DIAG",
    "synonyms": [
      "100151",
      "spark plug",
      "spark plugs",
      "replace spark plug",
      "replace spark plugs"
    ]
  },
  {
    "value": "DIAG",
    "synonyms": [
      "10016",
      "abs",
      "Anti-lock Brake",
      "Anti-lock",
      "ABS Brake"
    ]
  },
  {
    "value": "HVAC",
    "synonyms": [
      "10017",
      "ac",
      "a c",
      "air conditioning",
      "air conditioner",
      "cooling",
      "a c filter",
      "hvac",
      "h v a c filter",
      "evap",
      "e v a p",
      "Hvac Filter",
      "cabin",
      "in cabin",
      "cabin air",
      "climate",
      "heating",
      "heater"
    ]
  },
  {
    "value": "TRANSDIAG",
    "synonyms": [
      "10018",
      "transmission",
      "automatic transmission",
      "manual transmission",
      "clutch",
      "shifting",
      "not shifting",
      "transmission diagnosis"
    ]
  },
  {
    "value": "BULB",
    "synonyms": [
      "10019",
      "bulb",
      "lighting",
      "exterior lighting",
      "interior lighting",
      "tail light",
      "tail lights",
      "headlight",
      "charging",
      "wiring",
      "sensor",
      "turning signal",
      "lamp",
      "indicator",
      "light",
      "warning light",
      "warning lamp",
      "lamp illuminated",
      "light on",
      "light off",
      "lamp is illuminated"
    ]
  },
  {
    "value": "ELCPRLB",
    "synonyms": [
      "10020",
      "electric",
      "electrical",
      "shortage",
      "electronic",
      "electronic card",
      "electronic board",
      "electrical component",
      "electronic component",
      "switch",
      "electrical system",
      "electrical system diagnosis"
    ]
  },
  {
    "value": "DIAG",
    "synonyms": [
      "10021",
      "remote",
      "remote key",
      "key fob",
      "key car",
      "car key",
      "key replacement",
      "key copy",
      "cut key",
      "program key",
      "cut and program key",
      "key cut",
      "new key",
      "lost key",
      "lost my key"
    ]
  },
  {
    "value": "DIAG",
    "synonyms": [
      "10022",
      "cd",
      "dvd",
      "Entertainment",
      "Radio",
      "communication",
      "iPod",
      "navigation",
      "gps",
      "bluetooth",
      "wi-fi",
      "wifi",
      "audio",
      "infotainment",
      "touchscreen"
    ]
  },
  {
    "value": "DIAG",
    "synonyms": [
      "10023",
      "software",
      "patch",
      "computer",
      "reset"
    ]
  },
  {
    "value": "MPI",
    "synonyms": [
      "10024",
      "inspect",
      "inspection",
      "safety inspection",
      "belt",
      "multipoint inspection",
      "multi point inspection",
      "what is wrong"
    ]
  },
  {
    "value": "SUSPDIAG",
    "synonyms": [
      "10026",
      "suspension",
      "shock absorber",
      "shock absorbers",
      "shocks",
      "tires suspension"
    ]
  },
  {
    "value": "FWA",
    "synonyms": [
      "10027",
      "steering",
      "steering gear",
      "tie rods",
      "adaptive steering",
      "steering wheel",
      "heated steering wheel",
      "power steering"
    ]
  },
  {
    "value": "BRAKE",
    "synonyms": [
      "10028",
      "brake",
      "brakes",
      "front brake",
      "front brakes",
      "pad",
      "pads",
      "super duty pad",
      "grinding from brakes",
      "rattles from brakes",
      "squeaks from brakes",
      "brake line",
      "brake lines",
      "hoses",
      "connections",
      "break"
    ]
  },
  {
    "value": "BRAKE",
    "synonyms": [
      "100281",
      "brake inspection"
    ]
  },
  {
    "value": "BRAKE",
    "synonyms": [
      "10029",
      "rear brake",
      "rear brakes"
    ]
  },
  {
    "value": "DIAG",
    "synonyms": [
      "10030",
      "fuel injector",
      "fuel injectors",
      "fuel line"
    ]
  },
  {
    "value": "AF",
    "synonyms": [
      "10031",
      "air filter",
      "air filters",
      "cabin air filter",
      "air cleaner filter",
      "air intake",
      "air intake filter",
      "air intake filter element"
    ]
  },
  {
    "value": "DIAG",
    "synonyms": [
      "10031",
      "engine air intake filter",
      "engine air filter",
      "engine air filters"
    ]
  },
  {
    "value": "DIAG",
    "synonyms": [
      "10032",
      "glass",
      "mirror",
      "window",
      "window glass",
      "windshield",
      "sunroof",
      "moonroof",
      "windows",
      "tint",
      "window tint",
      "auto tint",
      "window to"
    ]
  },
  {
    "value": "DIAG",
    "synonyms": [
      "10033",
      "accessory",
      "accessories",
      "antenna"
    ]
  },
  {
    "value": "DIAG",
    "synonyms": [
      "10034",
      "emergency brake",
      "drivetrain",
      "turbo",
      "drive axle",
      "boots",
      "transfer case",
      "tailpipe"
    ]
  },
  {
    "value": "DIAG",
    "synonyms": [
      "100341",
      "exhaust",
      "muffler"
    ]
  },
  {
    "value": "DIAG",
    "synonyms": [
      "10035",
      "starter",
      "ignition",
      "start"
    ]
  },
  {
    "value": "DIAG",
    "synonyms": [
      "10036",
      "camera",
      "reverse camera",
      "o2",
      "o2 sensor",
      "airbag",
      "air bag"
    ]
  },
  {
    "value": "DIAG",
    "synonyms": [
      "10037",
      "retractable",
      "floor",
      "board",
      "boards",
      "glove box",
      "glove compartment"
    ]
  },
  {
    "value": "DIAG",
    "synonyms": [
      "10038",
      "opal",
      "lipo"
    ]
  },
  {
    "value": "DIAG",
    "synonyms": [
      "10039",
      "burning odors",
      "scraping"
    ]
  },
  {
    "value": "DIAG",
    "synonyms": [
      "10040",
      "factory",
      "technical",
      "basic",
      "diagnostic"
    ]
  },
  {
    "value": "2STAR",
    "synonyms": [
      "10041",
      "paint",
      "undercoat",
      "dent",
      "seat",
      "seats",
      "trim",
      "upholstery",
      "TRIM",
      "body",
      "body works",
      "moulding",
      "wash",
      "car wash",
      "door",
      "door handle",
      "door handles",
      "front door",
      "back door",
      "backdoor",
      "trunk",
      "trunk latch",
      "trunk latches",
      "traction aid",
      "fault hill descent",
      "sunroof",
      "Glove box",
      "glove compartment",
      "dash",
      "body shop",
      "rear end",
      "accident",
      "cover",
      "Repairing driver side car door will not open.",
      "car doo",
      "repair door",
      "repair car doo",
      "repairing driver side car door"
    ]
  },
  {
    "value": "2STAR",
    "synonyms": [
      "10042",
      "wash",
      "car wash",
      "detail",
      "car cleaning",
      "clean",
      "cleaning",
      "complete cleaning",
      "detailing"
    ]
  },
  {
    "value": "WIPER",
    "synonyms": [
      "10043",
      "wiper",
      "wipers",
      "blade",
      "blades",
      "windshield wiper",
      "air flap",
      "air flaps",
      "flap",
      "flaps"
    ]
  },
  {
    "value": "CF",
    "synonyms": [
      "10044",
      "leak",
      "leaks",
      "oil leak",
      "engine leak",
      "engine leaks",
      "engine oil leak",
      "fluid",
      "fluids",
      "fluid leak",
      "fluid leaks",
      "fluid exchange",
      "flush",
      "drivetrain leaks",
      "hose",
      "connection",
      "fuel",
      "pump",
      "water pump",
      "fluid levels",
      "antifreeze",
      "coolant",
      "level",
      "levels",
      "top up"
    ]
  },
  {
    "value": "CF",
    "synonyms": [
      "100441",
      "replace engine coolant",
      "engine coolant",
      "coolant"
    ]
  },
  {
    "value": "DIAG",
    "synonyms": [
      "10045",
      "i am not sure",
      "i\u0027m not sure",
      "not sure",
      "I do not know",
      "i don\u0027t know",
      "do not know",
      "don\u0027t know",
      "i both know",
      "whatever",
      "I need someone to take a look at it",
      "i need someone to take a look",
      "take a look",
      "breakdown",
      "no idea",
      "standard",
      "problem",
      "something wrong",
      "malfunction",
      "system",
      "system cleaning",
      "system diagnosis",
      "system repair",
      "system repairs",
      "system inspection",
      "system work",
      "system malfunction",
      "system defective",
      "system not working",
      "work",
      "repair",
      "repairs",
      "repairation",
      "not work",
      "isn\u0027t working",
      "not working",
      "doesn\u0027t work",
      "doesn\u0027t run",
      "not run",
      "broke",
      "broken",
      "broken down",
      "is gone",
      "mechanical",
      "ferrets",
      "trouble",
      "trouble shooting",
      "troubleshooting"
    ]
  },
  {
    "value": "DIAG",
    "synonyms": [
      "10046",
      "take a drive",
      "drive around",
      "test drive",
      "driveability",
      "complimentary driveability",
      "trip"
    ]
  },
  {
    "value": "DIAG",
    "synonyms": [
      "20010",
      "emission",
      "emission inspection",
      "emission reinspection",
      "inspection emission",
      "emissions",
      "emissions inspection",
      "smog",
      "smog inspection"
    ]
  },
  {
    "value": "DIAG",
    "synonyms": [
      "20020",
      "front differential",
      "rear differential"
    ]
  },
  {
    "value": "DIAG",
    "synonyms": [
      "20021",
      "differential"
    ]
  },
  {
    "value": "DIAG",
    "synonyms": [
      "20022",
      "axle"
    ]
  },
  {
    "value": "DIAG",
    "synonyms": [
      "20030",
      "map sensor"
    ]
  },
  {
    "value": "DIAG",
    "synonyms": [
      "20040",
      "knock sensor"
    ]
  },
  {
    "value": "ELCPRLB",
    "synonyms": [
      "20050",
      "engine electrical"
    ]
  },
  {
    "value": "DIAG",
    "synonyms": [
      "20060",
      "steering",
      "power steering"
    ]
  }
]