[
  {
    "value": "carModel",
    "synonyms": [
      "carModel"
    ]
  },
  {
    "value": "ARTEON",
    "synonyms": [
      "ARTEON",
      "ART ON",
      "ARTE ON",
      "Auntie on.",
      "ante on",
      "art on",
      "arty on",
      "anty on",
      "Oregon",
      "are they on",
      "I done",
      "Pantheon"
    ]
  },
  {
    "value": "ATLAS",
    "synonyms": [
      "ATLAS"
    ]
  },
  {
    "value": "ATLAS CROSS SPORT",
    "synonyms": [
      "ATLAS CROSS SPORT",
      "atlas cross",
      "atlas across",
      "atlas sport"
    ]
  },
  {
    "value": "BEETLE",
    "synonyms": [
      "BEETLE",
      "beto",
      "badoo"
    ]
  },
  {
    "value": "BEETLE CONVERTIBLE",
    "synonyms": [
      "BEETLE CONVERTIBLE"
    ]
  },
  {
    "value": "BEETLE COUPE",
    "synonyms": [
      "BEETLE COUPE"
    ]
  },
  {
    "value": "CABRIO",
    "synonyms": [
      "CABRIO",
      "cabrillo",
      "cabro",
      "cabio",
      "kabio",
      "Tapatio",
      "cablio"
    ]
  },
  {
    "value": "CC",
    "synonyms": [
      "CC",
      "C C"
    ]
  },
  {
    "value": "E-GOLF",
    "synonyms": [
      "E-GOLF",
      "E GOLF"
    ]
  },
  {
    "value": "EOS",
    "synonyms": [
      "EOS",
      "E OS"
    ]
  },
  {
    "value": "EUROVAN",
    "synonyms": [
      "EUROVAN",
      "EURO VAN"
    ]
  },
  {
    "value": "GLI",
    "synonyms": [
      "GLI",
      "g l i"
    ]
  },
  {
    "value": "GTI",
    "synonyms": [
      "GTI",
      "G T I"
    ]
  },
  {
    "value": "GOLF",
    "synonyms": [
      "GOLF",
      "goal"
    ]
  },
  {
    "value": "GOLF ALLTRACK",
    "synonyms": [
      "GOLF ALLTRACK",
      "ALL TRACK"
    ]
  },
  {
    "value": "GOLF GTI",
    "synonyms": [
      "GOLF GTI"
    ]
  },
  {
    "value": "GOLF R",
    "synonyms": [
      "GOLF R"
    ]
  },
  {
    "value": "GOLF SPORTWAGEN",
    "synonyms": [
      "GOLF SPORTWAGEN",
      "GOLF SPORT WAGEN",
      "GOLF SPORTS WAGEN",
      "SPORTWAGEN",
      "SPORTSWAGEN"
    ]
  },
  {
    "value": "ID.4",
    "synonyms": [
      "ID.4",
      "I D 4",
      "ID 4",
      "D4",
      "D 4",
      "Hi D4",
      "id4"
    ]
  },
  {
    "value": "JETTA",
    "synonyms": [
      "JETTA"
    ]
  },
  {
    "value": "JETTA GLI",
    "synonyms": [
      "JETTA GLI"
    ]
  },
  {
    "value": "JETTA SEDAN",
    "synonyms": [
      "JETTA SEDAN"
    ]
  },
  {
    "value": "JETTA SEDAN A5",
    "synonyms": [
      "JETTA SEDAN A5",
      "JETTA SEDAN A FIVE"
    ]
  },
  {
    "value": "JETTA SPORTWAGEN",
    "synonyms": [
      "JETTA SPORTWAGEN",
      "JETTA SPORT WAGEN",
      "JETTA SPORTS WAGEN"
    ]
  },
  {
    "value": "JETTA WAGON",
    "synonyms": [
      "JETTA WAGON",
      "JETTA WAGEN"
    ]
  },
  {
    "value": "NEW BEETLE",
    "synonyms": [
      "NEW BEETLE",
      "mute beetle"
    ]
  },
  {
    "value": "NEW PASSAT",
    "synonyms": [
      "NEW PASSAT"
    ]
  },
  {
    "value": "PASSAT",
    "synonyms": [
      "PASSAT",
      "That\u0027s at",
      "best at",
      "that\u0027s it",
      "play sad",
      "best",
      "facade"
    ]
  },
  {
    "value": "PASSAT SEDAN",
    "synonyms": [
      "PASSAT SEDAN"
    ]
  },
  {
    "value": "PASSAT WAGON",
    "synonyms": [
      "PASSAT WAGON"
    ]
  },
  {
    "value": "PHAETON",
    "synonyms": [
      "PHAETON",
      "FATON",
      "fight on",
      "pyton",
      "Freightliner"
    ]
  },
  {
    "value": "RABBIT",
    "synonyms": [
      "RABBIT",
      "hobbit"
    ]
  },
  {
    "value": "ROUTAN",
    "synonyms": [
      "ROUTAN",
      "rodan",
      "/ 10",
      "Roadrunner",
      "butan"
    ]
  },
  {
    "value": "R32",
    "synonyms": [
      "R32",
      "R 32"
    ]
  },
  {
    "value": "TAOS",
    "synonyms": [
      "TAOS",
      "Tahoes"
    ]
  },
  {
    "value": "TIGUAN",
    "synonyms": [
      "TIGUAN",
      "one",
      "1",
      "ti 1",
      "t 1"
    ]
  },
  {
    "value": "TIGUAN LIMITED",
    "synonyms": [
      "TIGUAN LIMITED"
    ]
  },
  {
    "value": "TOUAREG",
    "synonyms": [
      "TOUAREG",
      "taw · ruhg",
      "taw reg",
      "tua reg",
      "tuareg",
      "tureg",
      "tawreg",
      "toua reg",
      "Too - are - regg",
      "tu are reg",
      "too are reg",
      "tu are regg",
      "Twah-regg",
      "Tour-egg",
      "ter-egg",
      "twor-regg",
      "twor reg",
      "tworregg",
      "tworreg",
      "too reg",
      "too rig",
      "tooreg",
      "toorig",
      "tworeg",
      "two reg",
      "two regg",
      "toerag",
      "toe rag",
      "Twah-rayh",
      "Twahr-reg",
      "Tour-regg",
      "twerr reg",
      "Tur-reg",
      "tour-eg",
      "tour-egg",
      "Tür-reg",
      "tooareregg",
      "too are regg",
      "twah regg",
      "twahreg",
      "tawhreg",
      "twa reg",
      "twa regg",
      "tew a reg",
      "tewa reg",
      "tewa regg",
      "tou a reg",
      "tou a regg",
      "tow are regg",
      "two are regg",
      "in towel rack",
      "to Craig",
      "towel rack",
      "Tuareg"
    ]
  },
  {
    "value": "TOUAREG 2",
    "synonyms": [
      "TO"
    ]
  }
]