[
  {
    "value": "carModel",
    "synonyms": [
      "carModel"
    ]
  },
  {
    "value": "BRON",
    "synonyms": [
      "Bronco",
      "Bronco sport"
    ]
  },
  {
    "value": "BRONSP",
    "synonyms": [
      "BRONSP",
      "bronco sport"
    ]
  },
  {
    "value": "CMAX",
    "synonyms": [
      "C-Max",
      "C Max"
    ]
  },
  {
    "value": "COMCHS",
    "synonyms": [
      "Commercial",
      "Commercial Chassis"
    ]
  },
  {
    "value": "CROW",
    "synonyms": [
      "Crown victoria"
    ]
  },
  {
    "value": "E150",
    "synonyms": [
      "e 1 50",
      "e 150",
      "e-150",
      "e1 50",
      "e150"
    ]
  },
  {
    "value": "E250",
    "synonyms": [
      "e 2 50",
      "e 250",
      "e-250",
      "e2 50",
      "e250"
    ]
  },
  {
    "value": "E350T",
    "synonyms": [
      "350 SUPER DUTY",
      "e 3 50 SUPER DUTY",
      "e 350 SUPER DUTY",
      "e-350 SUPER DUTY",
      "e3 50 SUPER DUTY",
      "e350 SUPER DUTY",
      "E-350",
      "e 3 50",
      "e 350",
      "e-350",
      "e3 50",
      "e350"
    ]
  },
  {
    "value": "E450",
    "synonyms": [
      "e 4 50",
      "e 450",
      "e-450",
      "e4 50",
      "e450"
    ]
  },
  {
    "value": "ECOSPT",
    "synonyms": [
      "ECOSPORT",
      "eco Sport"
    ]
  },
  {
    "value": "EDGE",
    "synonyms": [
      "EDGE"
    ]
  },
  {
    "value": "ESCA",
    "synonyms": [
      "ESCAPE",
      "Xscape"
    ]
  },
  {
    "value": "ESCAHE",
    "synonyms": [
      "ESCAPE HYBRID",
      "ESCAPE PLUG IN HYBRID"
    ]
  },
  {
    "value": "EXPED",
    "synonyms": [
      "EXPEDITION",
      "exhibition"
    ]
  },
  {
    "value": "EXPDMX",
    "synonyms": [
      "EXPEDITION MAX",
      "EXPEDITION EL",
      "exhibition EL",
      "EXPEDITION E L"
    ]
  },
  {
    "value": "ETRANS",
    "synonyms": [
      "E-Transit",
      "E transit",
      "yee transit",
      "i transit"
    ]
  },
  {
    "value": "EXPL",
    "synonyms": [
      "EXPLORER",
      "xplorer"
    ]
  },
  {
    "value": "EXPLH",
    "synonyms": [
      "EXPLORER Hybrid",
      "EXPLORER SPORT TRAC  Hybrid",
      "EXPLORER SPORT TRACK  Hybrid",
      "xplorer hybrid"
    ]
  },
  {
    "value": "EXPLST",
    "synonyms": [
      "EXPLORER SPORT TRAC",
      "EXPLORER SPORT TRACK"
    ]
  },
  {
    "value": "F150",
    "synonyms": [
      "150",
      "f 1 50",
      "f 150",
      "f-150",
      "f1 50",
      "f150",
      "pickup, 150",
      "pickup 150"
    ]
  },
  {
    "value": "F150BV",
    "synonyms": [
      "150 BV",
      "f 1 50 BV",
      "f 150 BV",
      "f-150 BV",
      "f1 50 BV",
      "f150 BV",
      "pickup, 150 BV",
      "pickup 150 BV",
      "F150 BEV",
      "BEV"
    ]
  },
  {
    "value": "F150HY",
    "synonyms": [
      "150 Hybrid",
      "f 1 50 Hybrid",
      "f 150 Hybrid",
      "f-150 Hybrid",
      "f1 50 Hybrid",
      "f150 Hybrid"
    ]
  },
  {
    "value": "F250",
    "synonyms": [
      "250",
      "f 2 50",
      "f 250",
      "f-250",
      "f2 50",
      "f250"
    ]
  },
  {
    "value": "F350",
    "synonyms": [
      "f 3 50",
      "f 350",
      "f-350",
      "f3 50",
      "f350"
    ]
  },
  {
    "value": "F450",
    "synonyms": [
      "450",
      "f 4 50",
      "f 450",
      "f-450",
      "f4 50",
      "f450"
    ]
  },
  {
    "value": "F550",
    "synonyms": [
      "550",
      "f 5 50",
      "f 550",
      "f-550",
      "f5 50",
      "f550"
    ]
  },
  {
    "value": "F650DR",
    "synonyms": [
      "650",
      "f 6 50",
      "f 650",
      "f-650",
      "f6 50",
      "f650",
      "f650 DR",
      "f650 DRW"
    ]
  },
  {
    "value": "F750DR",
    "synonyms": [
      "750",
      "f 7 50",
      "f 750",
      "f-750",
      "f7 50",
      "f750",
      "f750 DR",
      "f750 DRW"
    ]
  },
  {
    "value": "FIES",
    "synonyms": [
      "Fiesta"
    ]
  },
  {
    "value": "FLEX",
    "synonyms": [
      "Flex"
    ]
  },
  {
    "value": "FOCUS",
    "synonyms": [
      "Focus"
    ]
  },
  {
    "value": "FUSN",
    "synonyms": [
      "Fusion"
    ]
  },
  {
    "value": "FUSNER",
    "synonyms": [
      "Fusion energy"
    ]
  },
  {
    "value": "FUSNHY",
    "synonyms": [
      "Fusion hybrid"
    ]
  },
  {
    "value": "GT",
    "synonyms": [
      "GT",
      "g t",
      "g tea",
      "ge tea",
      "geetee",
      "j tea",
      "jee tea",
      "jeetee",
      "gee tee",
      "gee tea",
      "jee tee"
    ]
  },
  {
    "value": "MAVE",
    "synonyms": [
      "Maverick"
    ]
  },
  {
    "value": "MAVEHY",
    "synonyms": [
      "Maverick Hybrid"
    ]
  },
  {
    "value": "MOTCHS",
    "synonyms": [
      "CHASSI",
      "CHASSIS",
      "MOTORHOME",
      "MOTORHOME CHASSIS",
      "MOTOR HOME",
      "MOTOR HOME CHASSIS"
    ]
  },
  {
    "value": "MUST",
    "synonyms": [
      "MUSTANG",
      "Mustang GT",
      "MUSTANG G T"
    ]
  },
  {
    "value": "MUSTME",
    "synonyms": [
      "MUSTANG Mach e",
      "Mustang mach",
      "MUSTANG e",
      "MUSTANG ev",
      "MUSTANG electric",
      "Mach E",
      "Mac E"
    ]
  },
  {
    "value": "RANGF",
    "synonyms": [
      "RANGER"
    ]
  },
  {
    "value": "TAUR",
    "synonyms": [
      "Taurus"
    ]
  },
  {
    "value": "TRANS",
    "synonyms": [
      "CONNECT",
      "TRANSIT CONNECT"
    ]
  },
  {
    "value": "TRANST",
    "synonyms": [
      "TRANSIT",
      "TRANSIT 150 CARGO",
      "TRANSIT 150 CREW",
      "TRANSIT 250 CARGO",
      "TRANSIT 250 CREW",
      "TRANSIT 350 CARGO",
      "TRANSIT 350 CREW"
    ]
  }
]