[
  {
    "value": "200",
    "synonyms": [
      "200 2.4 L",
      "200",
      "2 0 0",
      "to 100",
      "to hundred",
      "two 100",
      "two hundred"
    ]
  },
  {
    "value": "200 Convertible",
    "synonyms": [
      "200 Convertible",
      "to 100 convertible",
      "two 100 convertible",
      "two hundred convertible"
    ]
  },
  {
    "value": "300",
    "synonyms": [
      "300",
      "3 0 0",
      "tree 100",
      "tree hundred",
      "free hundred",
      "free 100"
    ]
  },
  {
    "value": "300 SRT",
    "synonyms": [
      "3 0 0 S R T",
      "3 00 SRT",
      "3 0 0 SRT"
    ]
  },
  {
    "value": "300C",
    "synonyms": [
      "300C",
      "300 C",
      "3 0 0 C"
    ]
  },
  {
    "value": "300M",
    "synonyms": [
      "300M",
      "300 M",
      "3 0 0 M"
    ]
  },
  {
    "value": "Aspen",
    "synonyms": [
      "Aspen"
    ]
  },
  {
    "value": "Aspen Hybrid",
    "synonyms": [
      "Aspen Hybrid"
    ]
  },
  {
    "value": "Concorde",
    "synonyms": [
      "Concorde"
    ]
  },
  {
    "value": "Crossfire",
    "synonyms": [
      "Crossfire",
      "Cross fire"
    ]
  },
  {
    "value": "Crossfire SRT-6",
    "synonyms": [
      "Cross fire S R T 6",
      "Cross fire srt"
    ]
  },
  {
    "value": "Grand Caravan",
    "synonyms": [
      "Grand Caravan"
    ]
  },
  {
    "value": "Intrepid",
    "synonyms": [
      "Intrepid"
    ]
  },
  {
    "value": "LHS",
    "synonyms": [
      "LHS",
      "L H S"
    ]
  },
  {
    "value": "Neon",
    "synonyms": [
      "Neon"
    ]
  },
  {
    "value": "PT Cruiser",
    "synonyms": [
      "PT Cruiser"
    ]
  },
  {
    "value": "PT Cruiser Classic",
    "synonyms": [
      "PT Cruiser Classic"
    ]
  },
  {
    "value": "Pacifica",
    "synonyms": [
      "Pacifica"
    ]
  },
  {
    "value": "Prowler",
    "synonyms": [
      "Prowler"
    ]
  },
  {
    "value": "Sebring",
    "synonyms": [
      "Sebring"
    ]
  },
  {
    "value": "Sebring Convertible",
    "synonyms": [
      "Sebring convertible"
    ]
  },
  {
    "value": "Sebring Coupe",
    "synonyms": [
      "Sebring Coupe"
    ]
  },
  {
    "value": "Sebring Cpe",
    "synonyms": [
      "Sebring Cpe"
    ]
  },
  {
    "value": "Town \u0026 Country",
    "synonyms": [
      "Town \u0026 Country",
      "Town Country"
    ]
  },
  {
    "value": "Town \u0026 Country LWB",
    "synonyms": [
      "Town \u0026 Country LWB"
    ]
  },
  {
    "value": "Voyager",
    "synonyms": [
      "Voyager"
    ]
  }
]