[
  {
    "value": "F-Type",
    "synonyms": [
      "F-Type",
      "f type"
    ]
  },
  {
    "value": "F-Pace",
    "synonyms": [
      "F-Pace",
      "F pace"
    ]
  },
  {
    "value": "E-Pace",
    "synonyms": [
      "E-Pace",
      "E Pace"
    ]
  },
  {
    "value": "XE",
    "synonyms": [
      "XE",
      "X E"
    ]
  },
  {
    "value": "I-Pace",
    "synonyms": [
      "I-Pace",
      "I pace"
    ]
  },
  {
    "value": "XF",
    "synonyms": [
      "XF",
      "x f"
    ]
  },
  {
    "value": "XJ",
    "synonyms": [
      "XJ",
      "x j"
    ]
  },
  {
    "value": "XK",
    "synonyms": [
      "XK",
      "x k"
    ]
  },
  {
    "value": "XKR",
    "synonyms": [
      "XKR",
      "x k r"
    ]
  },
  {
    "value": "S-Type",
    "synonyms": [
      "S-Type",
      "s type"
    ]
  },
  {
    "value": "XJR",
    "synonyms": [
      "XJR",
      "x j r"
    ]
  },
  {
    "value": "V8",
    "synonyms": [
      "V8",
      "v 8"
    ]
  },
  {
    "value": "X-Type",
    "synonyms": [
      "X-Type",
      "x type"
    ]
  }
]