[
  {
    "value": "carModel",
    "synonyms": [
      "carModel"
    ]
  },
  {
    "value": "4RUNNER",
    "synonyms": [
      "4 runner",
      "4 runners",
      "4Runner",
      "four runner",
      "four runners",
      "4runner.",
      "4 runner.",
      "four runner.",
      "four runners."
    ]
  },
  {
    "value": "86",
    "synonyms": [
      "86",
      "86.",
      "8 6",
      "eighty 6",
      "80 6",
      "eighty six",
      "80 six"
    ]
  },
  {
    "value": "AVALON",
    "synonyms": [
      "Avalon",
      "avalon."
    ]
  },
  {
    "value": "AVALON",
    "synonyms": [
      "Avalon Hybrid",
      "avalon hybrid."
    ]
  },
  {
    "value": "Avanza",
    "synonyms": [
      "Avanza"
    ]
  },
  {
    "value": "bZ4X",
    "synonyms": [
      "bZ4X"
    ]
  },
  {
    "value": "C-HR",
    "synonyms": [
      "C-HR",
      "chr."
    ]
  },
  {
    "value": "CAMRY",
    "synonyms": [
      "camry",
      "kamry",
      "canry."
    ]
  },
  {
    "value": "Camry",
    "synonyms": [
      "Camry CNG"
    ]
  },
  {
    "value": "CAMRY",
    "synonyms": [
      "camry Hybrid",
      "kamry Hybrid",
      "camry hybrid."
    ]
  },
  {
    "value": "CAMRY",
    "synonyms": [
      "camry SOLARA",
      "kamry SOLARA",
      "camry solara."
    ]
  },
  {
    "value": "CARINA",
    "synonyms": [
      "CARINA"
    ]
  },
  {
    "value": "CELICA",
    "synonyms": [
      "Celica",
      "Selica",
      "celica."
    ]
  },
  {
    "value": "CELICA",
    "synonyms": [
      "CELICA SUPRA"
    ]
  },
  {
    "value": "COROLLA",
    "synonyms": [
      "corola",
      "corolla",
      "korola",
      "korolla",
      "corolla.",
      "corona",
      "Corolh"
    ]
  },
  {
    "value": "Corolla Cross",
    "synonyms": [
      "Corolla Cross"
    ]
  },
  {
    "value": "COROLLA HATCHBACK",
    "synonyms": [
      "corola Hatchback",
      "corolla Hatchback",
      "korola Hatchback",
      "korolla Hatchback",
      "corolla hatchback."
    ]
  },
  {
    "value": "COROLLA",
    "synonyms": [
      "corola HYBRID",
      "corolla HYBRID",
      "korola HYBRID",
      "korolla HYBRID",
      "corolla hybrid."
    ]
  },
  {
    "value": "COROLLA",
    "synonyms": [
      "COROLLA MATRIX"
    ]
  },
  {
    "value": "COROLLA",
    "synonyms": [
      "COROLLA TERCEL"
    ]
  },
  {
    "value": "COROLLA",
    "synonyms": [
      "corola iM",
      "corolla iM",
      "korola iM",
      "korolla iM",
      "corolla im."
    ]
  },
  {
    "value": "CRESSIDA",
    "synonyms": [
      "Cressida",
      "cresida",
      "crezida",
      "cressida.",
      "cresida."
    ]
  },
  {
    "value": "ECHO",
    "synonyms": [
      "Echo",
      "ecco",
      "eco",
      "echo."
    ]
  },
  {
    "value": "FJ CRUISER",
    "synonyms": [
      "FJ Cruise",
      "FJ Kuser",
      "FJ cruiser",
      "FJ-Cruiser",
      "FJ Cruiser.",
      "fjcruiser.",
      "fj cruiser."
    ]
  },
  {
    "value": "GR SUPRA",
    "synonyms": [
      "GR SUPRA",
      "GR",
      "SUPRA",
      "gr, Supra.",
      "gr Supra."
    ]
  },
  {
    "value": "HALF TON",
    "synonyms": [
      "HALF TON"
    ]
  },
  {
    "value": "HI-LUX",
    "synonyms": [
      "HI-LUX"
    ]
  },
  {
    "value": "HIGHLANDER",
    "synonyms": [
      "high lander",
      "highlander",
      "highlander.",
      "high lander."
    ]
  },
  {
    "value": "HIGHLANDER",
    "synonyms": [
      "high lander HYBRID",
      "highlander HYBRID",
      "highlander hybrid."
    ]
  },
  {
    "value": "Hiace",
    "synonyms": [
      "Hiace"
    ]
  },
  {
    "value": "LAND CRUISER",
    "synonyms": [
      "Landcruiser",
      "land cruiser",
      "land cruizer",
      "landcruizer",
      "land cruizer.",
      "landcruizer."
    ]
  },
  {
    "value": "MR2 SPYDER",
    "synonyms": [
      "MR2",
      "MR2 Spyder",
      "Spyser",
      "mr2 spyder.",
      "spyder."
    ]
  },
  {
    "value": "MATRIX",
    "synonyms": [
      "matrix",
      "matrix."
    ]
  },
  {
    "value": "MIRAI",
    "synonyms": [
      "Mirai",
      "mirai.",
      "merai."
    ]
  },
  {
    "value": "PASEO",
    "synonyms": [
      "Paseo",
      "paseo."
    ]
  },
  {
    "value": "PICKUP",
    "synonyms": [
      "pick up",
      "pickup",
      "pickup."
    ]
  },
  {
    "value": "PREVIA",
    "synonyms": [
      "previa",
      "previa."
    ]
  },
  {
    "value": "PRIUS",
    "synonyms": [
      "pius",
      "prius",
      "pryus",
      "pyus",
      "Pius."
    ]
  },
  {
    "value": "PRIUS",
    "synonyms": [
      "pius C",
      "prius C",
      "pryus C",
      "pyus C",
      "Pius c.",
      "prius c."
    ]
  },
  {
    "value": "PRIUS",
    "synonyms": [
      "Prius Hybrid"
    ]
  },
  {
    "value": "PRIUS",
    "synonyms": [
      "pius PLUG-IN",
      "prius PLUG-IN",
      "pryus PLUG-IN",
      "pyus PLUG-IN",
      "pius plug-in.",
      "prius plug-in"
    ]
  },
  {
    "value": "PRIUS",
    "synonyms": [
      "pius PRIME",
      "prius PRIME",
      "pryus PRIME",
      "pyus PRIME",
      "prius prime.",
      "pius prime."
    ]
  },
  {
    "value": "PRIUS",
    "synonyms": [
      "pius V",
      "prius V",
      "pryus V",
      "pyus V",
      "Pius, V.",
      "prius v."
    ]
  },
  {
    "value": "RAV4",
    "synonyms": [
      "RA 4",
      "rav 4",
      "rav4"
    ]
  },
  {
    "value": "RAV4",
    "synonyms": [
      "RA 4 EV",
      "rav 4 EV",
      "rav4 EV"
    ]
  },
  {
    "value": "RAV4",
    "synonyms": [
      "RA 4 HYBRID",
      "rav 4 HYBRID",
      "rav4 HYBRID"
    ]
  },
  {
    "value": "RAV4",
    "synonyms": [
      "RAV4 Plug-in Hybrid"
    ]
  },
  {
    "value": "RAV4",
    "synonyms": [
      "RAV4 Prime"
    ]
  },
  {
    "value": "Rush",
    "synonyms": [
      "Rush"
    ]
  },
  {
    "value": "Sequoia",
    "synonyms": [
      "Sequoia HV"
    ]
  },
  {
    "value": "Sienna",
    "synonyms": [
      "Sienna HV"
    ]
  },
  {
    "value": "SEQUOIA",
    "synonyms": [
      "Sequoia",
      "sekoia",
      "is e q u o. I a",
      "sequoia.",
      "Sakura."
    ]
  },
  {
    "value": "SEQUOIA",
    "synonyms": [
      "SEQUOIA 4X4"
    ]
  },
  {
    "value": "SIENNA",
    "synonyms": [
      "SIENNA"
    ]
  },
  {
    "value": "STARLET",
    "synonyms": [
      "STARLET"
    ]
  },
  {
    "value": "SIENNA",
    "synonyms": [
      "Sienna",
      "ciena",
      "cienna",
      "siena",
      "siena.",
      "sienna.",
      "ciena.",
      "cienna."
    ]
  },
  {
    "value": "Solara",
    "synonyms": [
      "Solara",
      "solera.",
      "solara.",
      "fallera."
    ]
  },
  {
    "value": "SUPRA",
    "synonyms": [
      "SUPRA",
      "supra."
    ]
  },
  {
    "value": "TACOMA",
    "synonyms": [
      "tacoma",
      "takoma",
      "tacoma."
    ]
  },
  {
    "value": "Tacoma",
    "synonyms": [
      "Tacoma TRD Sport 4x4 Access Cab",
      "Tacoma TRD",
      "Tacoma Sport Cab"
    ]
  },
  {
    "value": "TERCEL",
    "synonyms": [
      "Tercel",
      "tercel."
    ]
  },
  {
    "value": "TRD",
    "synonyms": [
      "TRD"
    ]
  },
  {
    "value": "TRD",
    "synonyms": [
      "TRD SPORT"
    ]
  },
  {
    "value": "TRD",
    "synonyms": [
      "TRD Sport Extra"
    ]
  },
  {
    "value": "TUNDRA",
    "synonyms": [
      "Tundra",
      "tundra."
    ]
  },
  {
    "value": "Tundra",
    "synonyms": [
      "Tundra 4x2",
      "Tundra 4 by 2"
    ]
  },
  {
    "value": "Tundra",
    "synonyms": [
      "Tundra 4x4",
      "Tundra 4 by 4"
    ]
  },
  {
    "value": "Tundra",
    "synonyms": [
      "Tundra HV"
    ]
  },
  {
    "value": "VAN",
    "synonyms": [
      "VAN"
    ]
  },
  {
    "value": "VENZA",
    "synonyms": [
      "Venza",
      "vensa",
      "venza."
    ]
  },
  {
    "value": "YARIS",
    "synonyms": [
      "Yaris",
      "yaris."
    ]
  },
  {
    "value": "YARIS",
    "synonyms": [
      "Yaris iA",
      "yaris ia."
    ]
  }
]