[
  {
    "id": "f3948afa-cf2d-4abc-b754-529e9d0dbcfe",
    "data": [
      {
        "text": "john smith",
        "meta": "@sys.person",
        "alias": "firstName",
        "userDefined": false
      },
      {
        "text": " .",
        "userDefined": false
      }
    ],
    "isTemplate": false,
    "count": 0,
    "lang": "en",
    "updated": 0
  },
  {
    "id": "4dcc06dc-eead-46a2-8d3c-103a425fd948",
    "data": [
      {
        "text": "john smith",
        "meta": "@sys.person",
        "alias": "firstName",
        "userDefined": false
      }
    ],
    "isTemplate": false,
    "count": 0,
    "lang": "en",
    "updated": 0
  }
]