[
  {
    "value": "confirm appointment",
    "synonyms": [
      "confirm appointment",
      "confirm my appoinmtnet",
      "verify my appointment",
      "confirm my schedule",
      "when is my appointment",
      "when is",
      "pending appointment",
      "when is my"
    ]
  },
  {
    "value": "warrantyWords",
    "synonyms": [
      "warranty"
    ]
  },
  {
    "value": "helpWords",
    "synonyms": [
      "help"
    ]
  },
  {
    "value": "vehiclePickup",
    "synonyms": [
      "pick up",
      "pick up my vehicle",
      "concierge",
      "valet"
    ]
  },
  {
    "value": "statusW",
    "synonyms": [
      "@wordsStatus"
    ]
  },
  {
    "value": "unhandledModels",
    "synonyms": [
      "F-650",
      "F-750",
      "F-850",
      "F-950",
      "F650",
      "F750",
      "F850",
      "F950"
    ]
  }
]