[
  {
    "id": "2bc475f1-25d0-4d3b-aa4d-ea34bc6a7862",
    "data": [
      {
        "text": "talk to",
        "meta": "@wordsPre",
        "alias": "wordsPre",
        "userDefined": false
      },
      {
        "text": " ",
        "userDefined": false
      },
      {
        "text": "parts",
        "meta": "@wordsParts",
        "alias": "wordsParts",
        "userDefined": false
      },
      {
        "text": " ",
        "userDefined": false
      },
      {
        "text": "any",
        "meta": "@sys.any",
        "alias": "any",
        "userDefined": true
      }
    ],
    "isTemplate": false,
    "count": 0,
    "lang": "en",
    "updated": 0
  },
  {
    "id": "0a8df44e-65dd-4828-bad9-7e4e65830e60",
    "data": [
      {
        "text": "parts",
        "meta": "@wordsParts",
        "alias": "wordsParts",
        "userDefined": false
      },
      {
        "text": " ",
        "userDefined": false
      },
      {
        "text": "any",
        "meta": "@sys.any",
        "alias": "any",
        "userDefined": true
      }
    ],
    "isTemplate": false,
    "count": 0,
    "lang": "en",
    "updated": 0
  },
  {
    "id": "86202be6-604a-40d0-889d-5457d3d904b8",
    "data": [
      {
        "text": "talk to",
        "meta": "@wordsPre",
        "alias": "wordsPre",
        "userDefined": false
      },
      {
        "text": " ",
        "userDefined": false
      },
      {
        "text": "parts",
        "meta": "@wordsParts",
        "alias": "wordsParts",
        "userDefined": false
      }
    ],
    "isTemplate": false,
    "count": 0,
    "lang": "en",
    "updated": 0
  },
  {
    "id": "f5af5c3a-167e-4796-b2f8-eb22c3609ef9",
    "data": [
      {
        "text": "parts",
        "meta": "@wordsParts",
        "alias": "wordsParts",
        "userDefined": false
      }
    ],
    "isTemplate": false,
    "count": 1,
    "lang": "en",
    "updated": 0
  }
]