[
  {
    "value": "carModel",
    "synonyms": [
      "carModel"
    ]
  },
  {
    "value": "E-Pace",
    "synonyms": [
      "E-Pace"
    ]
  },
  {
    "value": "F-Pace",
    "synonyms": [
      "F-Pace"
    ]
  },
  {
    "value": "F-Type",
    "synonyms": [
      "F-Type"
    ]
  },
  {
    "value": "I-PACE",
    "synonyms": [
      "I-PACE"
    ]
  },
  {
    "value": "Jagsport",
    "synonyms": [
      "Jagsport",
      "Jag sport"
    ]
  },
  {
    "value": "S-Type",
    "synonyms": [
      "S-Type"
    ]
  },
  {
    "value": "S-Type 3.0",
    "synonyms": [
      "S-Type 3.0"
    ]
  },
  {
    "value": "S-Type 4.2",
    "synonyms": [
      "S-Type 4.2"
    ]
  },
  {
    "value": "S-Type R",
    "synonyms": [
      "S-Type R"
    ]
  },
  {
    "value": "Vanden Plas",
    "synonyms": [
      "Vanden Plas"
    ]
  },
  {
    "value": "VDP",
    "synonyms": [
      "VDP"
    ]
  },
  {
    "value": "VDP S/C",
    "synonyms": [
      "VDP S/C",
      "VDP S C"
    ]
  },
  {
    "value": "X-Type",
    "synonyms": [
      "X-Type"
    ]
  },
  {
    "value": "X-Type Sportwagon",
    "synonyms": [
      "X-Type Sportwagon"
    ]
  },
  {
    "value": "XE",
    "synonyms": [
      "XE"
    ]
  },
  {
    "value": "XF",
    "synonyms": [
      "XF"
    ]
  },
  {
    "value": "XFR",
    "synonyms": [
      "XFR"
    ]
  },
  {
    "value": "XFRS",
    "synonyms": [
      "XFRS"
    ]
  },
  {
    "value": "XJ",
    "synonyms": [
      "XJ"
    ]
  },
  {
    "value": "XJ LWB",
    "synonyms": [
      "XJ LWB"
    ]
  },
  {
    "value": "XJ Super V8",
    "synonyms": [
      "XJ Super V8",
      "XJ Super",
      "XJ V8"
    ]
  },
  {
    "value": "XJ Super V8 Portfolio",
    "synonyms": [
      "XJ Super V8 Portfolio"
    ]
  },
  {
    "value": "XJ VDP",
    "synonyms": [
      "XJ VDP"
    ]
  },
  {
    "value": "XJ12",
    "synonyms": [
      "XJ12"
    ]
  },
  {
    "value": "XJ6",
    "synonyms": [
      "XJ6"
    ]
  },
  {
    "value": "XJ8",
    "synonyms": [
      "XJ8"
    ]
  },
  {
    "value": "XJ8L",
    "synonyms": [
      "XJ8L"
    ]
  },
  {
    "value": "XJL",
    "synonyms": [
      "XJL"
    ]
  },
  {
    "value": "XJR",
    "synonyms": [
      "XJR"
    ]
  },
  {
    "value": "XJRL",
    "synonyms": [
      "XJRL"
    ]
  },
  {
    "value": "XJRSC",
    "synonyms": [
      "XJRSC"
    ]
  },
  {
    "value": "XJS",
    "synonyms": [
      "XJS"
    ]
  },
  {
    "value": "XJSC",
    "synonyms": [
      "XJSC"
    ]
  },
  {
    "value": "XK",
    "synonyms": [
      "XK"
    ]
  },
  {
    "value": "XK8",
    "synonyms": [
      "XK8"
    ]
  },
  {
    "value": "XKR",
    "synonyms": [
      "XKR"
    ]
  },
  {
    "value": "XKR-S",
    "synonyms": [
      "XKR-S"
    ]
  },
  {
    "value": "XKR175",
    "synonyms": [
      "XKR175"
    ]
  }
]